Symbol,Company_Name,Asset_Type,Sector,Industry,Market_Cap,ETF_Category,ETF_Type,Leverage_Multiple,First_Seen,Last_Seen,Times_Seen,Data_Last_Updated,Active_Status,Data_Source,Notes,Last_Updated,Avg_Volume,Beta,Leverage_Type,Data_Quality
ACET,"Adicet Bio, Inc.",Stock,Healthcare,Biotechnology,68544000.0,,,1x,,,,,,,,2026-02-21,186790.0,1.558,,Complete
ACVA,ACV Auctions Inc.,Stock,Consumer Cyclical,Auto & Truck Dealerships,1208595840.0,,,1x,,,,,,,,2026-02-21,2713396.0,1.628,,Complete
AIRI,Air Industries Group,Stock,Industrials,Aerospace & Defense,14268143.0,,,1x,,,,,,,,2026-02-21,153753.0,0.038,,Complete
ALLE,Allegion plc,Stock,Industrials,Security & Protection Services,13949220864.0,,,1x,,,,,,,,2026-02-21,856603.0,1.038,,Complete
APLY,YieldMax AAPL Option Income Strategy ETF,ETF,ETF,Derivative Income,,Derivative Income,,1x,,,,,,,,2026-02-21,174455.0,,Standard,Complete
ARBK,Argo Blockchain plc,Stock,Financial Services,Capital Markets,980895.0,,,1x,,,,,,,,2026-02-21,137529.0,1.944,,Complete
ARTV,"Artiva Biotherapeutics, Inc.",Stock,Healthcare,Biotechnology,114870144.0,,,1x,,,,,,,,2026-02-21,1040298.0,,,Complete
ATHA,"LeonaBio, Inc.",Stock,Healthcare,Biotechnology,26621540.0,,,1x,,,,,,,,2026-02-21,1073487.0,2.802,,Complete
AVDL,Avadel Pharmaceuticals PLC,Stock,Healthcare,Drug Manufacturers - Specialty & Generic,2123997824.0,,,1x,,,,,,,,2026-02-21,2175214.0,,,Complete
BB,BlackBerry Limited,Stock,Technology,Software - Infrastructure,2036008960.0,,,1x,,,,,,,,2026-02-21,8009153.0,1.345,,Complete
BHVN,Biohaven Ltd.,Stock,Healthcare,Biotechnology,1490091648.0,,,1x,,,,,,,,2026-02-21,3154291.0,3.537,,Complete
BOEU,Direxion Daily BA Bull 2X Shares,ETF,ETF,Trading--Leveraged Equity,,Trading--Leveraged Equity,,2x,,,,,,,,2026-02-21,47526.0,,Leveraged,Complete
BTOP,Bitwise Trendwise BTC/ETH and Treasuries Rotation Strategy ETF,ETF,ETF,Digital Assets,,Digital Assets,,1x,,,,,,,,2026-02-21,7191.0,,Standard,Complete
CLYM,"Climb Bio, Inc.",Stock,Healthcare,Biotechnology,383878368.0,,,1x,,,,,,,,2026-02-21,1289303.0,-0.147,,Complete
CREV,Carbon Revolution PLC,Stock,Consumer Cyclical,Auto Parts,775174.0,,,1x,,,,,,,,2026-02-21,112333.0,-1.166,,Complete
CRSH,YieldMax Short TSLA Option Inco,ETF,ETF,Derivative Income,,Derivative Income,,1x,,,,,,,,2026-02-21,36776.0,,Standard,Complete
CSL,Carlisle Companies Incorporated,Stock,Industrials,Building Products & Equipment,17091217408.0,,,1x,,,,,,,,2026-02-21,470600.0,0.939,,Complete
CTEC,Global X CleanTech ETF,ETF,ETF,Global Small/Mid Stock,,Global Small/Mid Stock,,1x,,,,,,,,2026-02-21,4403.0,,Standard,Complete
CTXR,"Citius Pharmaceuticals, Inc.",Stock,Healthcare,Biotechnology,15864887.0,,,1x,,,,,,,,2026-02-21,863698.0,1.524,,Complete
CWAN,"Clearwater Analytics Holdings, Inc.",Stock,Technology,Software - Application,6935132672.0,,,1x,,,,,,,,2026-02-21,12880423.0,,,Complete
DVAX,Dynavax Technologies Corp,Stock,Healthcare,Drug Manufacturers - Specialty & Generic,1820087040.0,,,1x,,,,,,,,2026-02-21,3223007.0,0.925,,Complete
ENR,"Energizer Holdings, Inc.",Stock,Industrials,Electrical Equipment & Parts,1538038912.0,,,1x,,,,,,,,2026-02-21,1518650.0,0.632,,Complete
ETHM,Dynamix Corporation,Stock,Financial Services,Shell Companies,229965328.0,,,1x,,,,,,,,2026-02-21,151783.0,,,Complete
EURL,Direxion Daily FTSE Europe Bull 3X Shares,ETF,ETF,Trading--Leveraged Equity,,Trading--Leveraged Equity,,3x,,,,,,,,2026-02-21,36383.0,,Leveraged,Complete
EVH,"Evolent Health, Inc.",Stock,Healthcare,Health Information Services,323559456.0,,,1x,,,,,,,,2026-02-21,3253566.0,0.241,,Complete
FMFC,Kandal M Venture Limited,Stock,Consumer Cyclical,Footwear & Accessories,6771000.0,,,1x,,,,,,,,2026-02-21,1889236.0,,,Complete
FONR,FONAR Corporation,Stock,Healthcare,Diagnostics & Research,117110736.0,,,1x,,,,,,,,2026-02-21,84535.0,0.988,,Complete
FUN,Six Flags Entertainment Corporation,Stock,Consumer Cyclical,Leisure,1850892160.0,,,1x,,,,,,,,2026-02-21,2919241.0,0.347,,Complete
GAUZ,Gauzy Ltd.,Stock,Technology,Electronic Components,11202772.0,,,1x,,,,,,,,2026-02-21,317005.0,,,Complete
GBIL,Goldman Sachs Access Treasury 0-1 Year ETF,ETF,ETF,Ultrashort Bond,,Ultrashort Bond,,1x,,,,,,,,2026-02-21,815238.0,,Standard,Complete
GLE,Global Engine Group Holding Limited,Stock,Technology,Information Technology Services,9522394.0,,,1x,,,,,,,,2026-02-21,208680.0,,,Complete
GOLF,Acushnet Holdings Corp.,Stock,Consumer Cyclical,Leisure,5993427968.0,,,1x,,,,,,,,2026-02-21,327363.0,0.894,,Complete
GRND,Grindr Inc.,Stock,Technology,Software - Application,2157828608.0,,,1x,,,,,,,,2026-02-21,1483268.0,0.23,,Complete
HIHO,Highway Holdings Limited,Stock,Industrials,Metal Fabrication,4165112.0,,,1x,,,,,,,,2026-02-21,2856890.0,0.404,,Complete
IAGG,iShares Core International Aggregate Bond ETF,ETF,ETF,Global Bond-USD Hedged,,Global Bond-USD Hedged,,1x,,,,,,,,2026-02-21,1073776.0,,Standard,Complete
IBTG,iShares iBonds Dec 2026 Term Treasury ETF,ETF,ETF,Target Maturity,,Target Maturity,,1x,,,,,,,,2026-02-21,810481.0,,Standard,Complete
IDA,"IDACORP, Inc.",Stock,Utilities,Utilities - Regulated Electric,7560386560.0,,,1x,,,,,,,,2026-02-21,451821.0,0.599,,Complete
INDP,"Indaptus Therapeutics, Inc.",Stock,Healthcare,Biotechnology,4529496.0,,,1x,,,,,,,,2026-02-21,718386.0,1.0,,Complete
INTL,Main International ETF,ETF,ETF,Foreign Large Blend,,Foreign Large Blend,,1x,,,,,,,,2026-02-21,28505.0,,Standard,Complete
ITW,Illinois Tool Works Inc.,Stock,Industrials,Specialty Industrial Machinery,85013241856.0,,,1x,,,,,,,,2026-02-21,1373220.0,1.159,,Complete
IVVD,"Invivyd, Inc.",Stock,Healthcare,Biotechnology,437079904.0,,,1x,,,,,,,,2026-02-21,4252423.0,0.604,,Complete
JIVE,Jpmorgan International Value ETF,ETF,ETF,Foreign Large Value,,Foreign Large Value,,1x,,,,,,,,2026-02-21,223026.0,,Standard,Complete
JQC,Nuveen Credit Strategies Income Fund,Stock,Financial Services,Asset Management,731692480.0,,,1x,,,,,,,,2026-02-21,932210.0,0.418,,Complete
KAVL,"Kaival Brands Innovations Group, Inc.",Stock,Consumer Defensive,Tobacco,220627.0,,,1x,,,,,,,,2026-02-21,2420889.0,-0.898,,Complete
KYTX,"Kyverna Therapeutics, Inc.",Stock,Healthcare,Biotechnology,457778720.0,,,1x,,,,,,,,2026-02-21,1499025.0,3.479,,Complete
LAZR,"Luminar Technologies, Inc.",Stock,Consumer Cyclical,Auto Parts,14668649.0,,,1x,,,,,,,,2026-02-21,26527697.0,1.475,,Complete
LEXX,Lexaria Bioscience Corp.,Stock,Healthcare,Biotechnology,16211683.0,,,1x,,,,,,,,2026-02-21,631273.0,0.519,,Complete
LQD,iShares iBoxx $ Investment Grade Corporate Bond ETF,ETF,ETF,Corporate Bond,32751663104.0,Corporate Bond,,1x,,,,,,,,2026-02-21,29916365.0,,Standard,Complete
LXP,LXP Industrial Trust,Stock,Real Estate,REIT - Industrial,2857963776.0,,,1x,,,,,,,,2026-02-21,610548.0,1.112,,Complete
MENS,Jyong Biotech Ltd.,Stock,Healthcare,Biotechnology,152815600.0,,,1x,,,,,,,,2026-02-21,908188.0,,,Complete
MGA,Magna International Inc.,Stock,Consumer Cyclical,Auto Parts,18337531904.0,,,1x,,,,,,,,2026-02-21,1650641.0,1.72,,Complete
MWG,Multi Ways Holdings Limited,Stock,Industrials,Rental & Leasing Services,1205228.0,,,1x,,,,,,,,2026-02-21,5704556.0,1.092,,Complete
OC,Owens Corning,Stock,Industrials,Building Products & Equipment,11098214400.0,,,1x,,,,,,,,2026-02-21,1481935.0,1.349,,Complete
OPTX,"Syntec Optics Holdings, Inc.",Stock,Technology,Electronic Components,228166976.0,,,1x,,,,,,,,2026-02-21,2769423.0,-1.046,,Complete
ORGO,Organogenesis Holdings Inc.,Stock,Healthcare,Drug Manufacturers - Specialty & Generic,506379456.0,,,1x,,,,,,,,2026-02-21,1135770.0,1.402,,Complete
OUT,OUTFRONT Media Inc.,Stock,Real Estate,REIT - Specialty,4374856192.0,,,1x,,,,,,,,2026-02-21,1346130.0,1.531,,Complete
OXM,"Oxford Industries, Inc.",Stock,Consumer Cyclical,Apparel Manufacturing,615031360.0,,,1x,,,,,,,,2026-02-21,472560.0,1.063,,Complete
PRG,"PROG Holdings, Inc.",Stock,Industrials,Rental & Leasing Services,1601596416.0,,,1x,,,,,,,,2026-02-21,493645.0,1.729,,Complete
QYLG,Global X Nasdaq 100 Covered Call & Growth ETF,ETF,ETF,Derivative Income,,Derivative Income,,1x,,,,,,,,2026-02-21,55081.0,,Standard,Complete
RDAC,Rising Dragon Acquisition Corp.,Stock,Financial Services,Shell Companies,34422132.0,,,1x,,,,,,,,2026-02-21,48311.0,,,Complete
RDI,"Reading International, Inc.",Stock,Communication Services,Entertainment,38138980.0,,,1x,,,,,,,,2026-02-21,191376.0,0.891,,Complete
RSSB,Return Stacked Global Stocks & Bonds ETF,ETF,ETF,Multi-Asset Leveraged,,Multi-Asset Leveraged,,1x,,,,,,,,2026-02-21,88326.0,,Standard,Complete
SLMT,Brera Holdings PLC,Stock,Communication Services,Entertainment,89152456.0,,,1x,,,,,,,,2026-02-21,1516576.0,2.668,,Complete
SOBR,"SOBR Safe, Inc.",Stock,Technology,Scientific & Technical Instruments,1446556.0,,,1x,,,,,,,,2026-02-21,2636215.0,0.135,,Complete
STWD,"Starwood Property Trust, Inc.",Stock,Real Estate,REIT - Mortgage,6861559808.0,,,1x,,,,,,,,2026-02-21,3488446.0,1.131,,Complete
TIGO,Millicom International Cellular S.A.,Stock,Communication Services,Telecom Services,11040976896.0,,,1x,,,,,,,,2026-02-21,1061760.0,0.925,,Complete
TNDM,"Tandem Diabetes Care, Inc.",Stock,Healthcare,Medical Devices,1665904000.0,,,1x,,,,,,,,2026-02-21,1572490.0,,,Complete
TRIB,Trinity Biotech plc,Stock,Healthcare,Medical Devices,13323628.0,,,1x,,,,,,,,2026-02-21,3301661.0,0.604,,Complete
TSPY,TappAlpha SPY Growth & Daily Income ETF,ETF,ETF,Derivative Income,,Derivative Income,,1x,,,,,,,,2026-02-21,243203.0,,Standard,Complete
USLM,"United States Lime & Minerals, Inc.",Stock,Basic Materials,Building Materials,3117986816.0,,,1x,,,,,,,,2026-02-21,85280.0,0.967,,Complete
VIPS,Vipshop Holdings Limited,Stock,Consumer Cyclical,Internet Retail,8726099968.0,,,1x,,,,,,,,2026-02-21,2539283.0,0.665,,Complete
WETO,Webus International Limited,Stock,Technology,Software - Application,9592000.0,,,1x,,,,,,,,2026-02-21,29673.0,,,Complete
WUGI,AXS Esoterica NextG Economy ETF,ETF,ETF,Technology,,Technology,,1x,,,,,,,,2026-02-21,5870.0,,Standard,Complete
XMTR,"Xometry, Inc.",Stock,Industrials,Industrial Distribution,2904717056.0,,,1x,,,,,,,,2026-02-21,765270.0,0.854,,Complete
CDIO,"Cardio Diagnostics Holdings, Inc.",Stock,Healthcare,Biotechnology,8673747.0,,,1x,,,,,,,,2026-03-04,4071479.0,2.233,,Complete
SAN,"Banco Santander, S.A.",Stock,Financial Services,Banks - Diversified,171376099328.0,,,1x,,,,,,,,2026-03-04,9716350.0,0.923,,Complete
AAXJ,iShares MSCI All Country Asia ex Japan ETF,ETF,ETF,Pacific/Asia ex-Japan Stk,,Pacific/Asia ex-Japan Stk,,1x,,,,,,,,2026-03-04,706649.0,,Standard,Complete
COO,"The Cooper Companies, Inc.",Stock,Healthcare,Medical Instruments & Supplies,16159209472.0,,,1x,,,,,,,,2026-03-04,2289444.0,1.03,,Complete
ONMD,OneMedNet Corporation,Stock,Healthcare,Health Information Services,36014576.0,,,1x,,,,,,,,2026-03-04,4215957.0,1.086,,Complete
AVEM,Avantis Emerging Markets Equity ETF,ETF,ETF,Diversified Emerging Mkts,,Diversified Emerging Mkts,,1x,,,,,,,,2026-03-04,1772645.0,,Standard,Complete
PRHI,"Presurance Holdings, Inc.",Stock,Financial Services,Insurance - Property & Casualty,10389449.0,,,1x,,,,,,,,2026-03-04,70522.0,0.782,,Complete
AMRZ,Amrize Ltd,Stock,Basic Materials,Building Materials,35164004352.0,,,1x,,,,,,,,2026-03-04,3590286.0,,,Complete
AIIO,Robo.ai Inc.,Stock,Consumer Cyclical,Auto Manufacturers,57070696.0,,,1x,,,,,,,,2026-03-04,8067655.0,1.821,,Complete
RPGL,Republic Power Group Limited,Stock,Technology,Software - Application,5404877.0,,,1x,,,,,,,,2026-03-04,899025.0,,,Complete
AGMI,Themes Silver Miners ETF,ETF,ETF,Equity Precious Metals,,Equity Precious Metals,,1x,,,,,,,,2026-03-04,6220.0,,Standard,Complete
DRI,"Darden Restaurants, Inc.",Stock,Consumer Cyclical,Restaurants,23980406784.0,,,1x,,,,,,,,2026-03-04,1553803.0,0.599,,Complete
GPOR,Gulfport Energy Corporation,Stock,Energy,Oil & Gas E&P,4039533312.0,,,1x,,,,,,,,2026-03-04,293723.0,0.604,,Complete
ACI,"Albertsons Companies, Inc.",Stock,Consumer Defensive,Grocery Stores,9340974080.0,,,1x,,,,,,,,2026-03-04,8065854.0,0.254,,Complete
MDBX,Tradr 2X Long MDB Daily ETF,ETF,ETF,Trading--Leveraged Equity,,Trading--Leveraged Equity,,2x,,,,,,,,2026-03-04,37527.0,,Leveraged,Complete
ORA,"Ormat Technologies, Inc.",Stock,Utilities,Utilities - Renewable,6494534144.0,,,1x,,,,,,,,2026-03-04,668732.0,0.868,,Complete
VEEA,Veea Inc.,Stock,Technology,Information Technology Services,28565968.0,,,1x,,,,,,,,2026-03-04,1574922.0,0.222,,Complete
ROBT,First Trust Nasdaq Artificial Intelligence and Robotics ETF,ETF,ETF,Technology,,Technology,,1x,,,,,,,,2026-03-04,87115.0,,Standard,Complete
SPHQ,Invesco S&P 500 Quality ETF,ETF,ETF,Large Blend,,Large Blend,,1x,,,,,,,,2026-03-04,1651686.0,,Standard,Complete
NUVB,Nuvation Bio Inc.,Stock,Healthcare,Biotechnology,1558178048.0,,,1x,,,,,,,,2026-03-04,5866106.0,1.507,,Complete
HKD,AMTD Digital Inc.,Stock,Technology,Software - Application,494990016.0,,,1x,,,,,,,,2026-03-04,684635.0,2.217,,Complete
HEWJ,iShares Currency Hedged MSCI Japan ETF,ETF,ETF,Japan Stock,,Japan Stock,,1x,,,,,,,,2026-03-04,196369.0,,Standard,Complete
UL,Unilever PLC,Stock,Consumer Defensive,Household & Personal Products,149780889600.0,,,1x,,,,,,,,2026-03-04,3211259.0,0.263,,Complete
BANL,CBL International Limited,Stock,Energy,Oil & Gas Midstream,16880614.0,,,1x,,,,,,,,2026-03-04,827601.0,0.564,,Complete
IXC,iShares Global Energy ETF,ETF,ETF,Equity Energy,1340854656.0,Equity Energy,,1x,,,,,,,,2026-03-04,638635.0,,Standard,Complete
HOVNP,"Hovnanian Enterprises, Inc. PFD DEP1/1000A",Stock,Unknown,Unknown,3162032384.0,,,1x,,,,,,,,2026-03-04,7915.0,,,Complete
RNA,"Atrium Therapeutics, Inc.",Stock,Healthcare,Biotechnology,2571830528.0,,,1x,,,,,,,,2026-03-04,4667000.0,,,Complete
RIME,"Algorhythm Holdings, Inc.",Stock,Technology,Consumer Electronics,10767651.0,,,1x,,,,,,,,2026-03-04,7575550.0,-0.369,,Complete
LNKS,Linkers Industries Limited,Stock,Industrials,Electrical Equipment & Parts,15047200.0,,,1x,,,,,,,,2026-03-04,1189227.0,,,Complete
TGB,Taseko Mines Limited,Stock,Basic Materials,Copper,3029470208.0,,,1x,,,,,,,,2026-03-04,7563001.0,1.893,,Complete
PSHG,Performance Shipping Inc.,Stock,Industrials,Marine Shipping,26853462.0,,,1x,,,,,,,,2026-03-04,108537.0,-0.327,,Complete
TWM,ProShares UltraShort Russell2000,ETF,ETF,Trading--Inverse Equity,,Trading--Inverse Equity,,-2x,,,,,,,,2026-03-04,599186.0,,Inverse Leveraged,Complete
EVMN,"Evommune, Inc.",Stock,Healthcare,Biotechnology,749170048.0,,,1x,,,,,,,,2026-03-04,617603.0,,,Complete
ENOV,Enovis Corporation,Stock,Healthcare,Medical Devices,1449178880.0,,,1x,,,,,,,,2026-03-04,1085323.0,1.598,,Complete
MRAM,"Everspin Technologies, Inc.",Stock,Technology,Semiconductors,245250384.0,,,1x,,,,,,,,2026-03-04,663225.0,0.858,,Complete
ELOG,Eastern International Ltd.,Stock,Industrials,Integrated Freight & Logistics,14540570.0,,,1x,,,,,,,,2026-03-04,766654.0,,,Complete
BWET,Breakwave Tanker Shipping ETF,ETF,ETF,Commodities Focused,,Commodities Focused,,1x,,,,,,,,2026-03-04,39233.0,,Standard,Complete
BUD,Anheuser-Busch InBev SA/NV,Stock,Consumer Defensive,Beverages - Brewers,146353078272.0,,,1x,,,,,,,,2026-03-04,2251979.0,0.735,,Complete
BNS,The Bank of Nova Scotia,Stock,Financial Services,Banks - Diversified,92806930432.0,,,1x,,,,,,,,2026-03-04,2013769.0,1.186,,Complete
LPL,"LG Display Co., Ltd.",Stock,Technology,Consumer Electronics,4215000064.0,,,1x,,,,,,,,2026-03-04,693489.0,1.063,,Complete
OTIS,Otis Worldwide Corporation,Stock,Industrials,Specialty Industrial Machinery,35740839936.0,,,1x,,,,,,,,2026-03-04,3495988.0,0.986,,Complete
BOAT,SonicShares Global Shipping ETF,ETF,ETF,Industrials,,Industrials,,1x,,,,,,,,2026-03-04,34318.0,,Standard,Complete
DFNS,T3 Defense Inc.,Stock,Industrials,Aerospace & Defense,53795880.0,,,1x,,,,,,,,2026-03-04,1765374.0,-15.681,,Complete
NCT,Intercont (Cayman) Limited,Stock,Industrials,Marine Shipping,4630565.0,,,1x,,,,,,,,2026-03-04,579859.0,,,Complete
FRDM,Freedom 100 Emerging Markets ETF,ETF,ETF,Diversified Emerging Mkts,,Diversified Emerging Mkts,,1x,,,,,,,,2026-03-04,518189.0,,Standard,Complete
LRCU,Tradr 2X Long LRCX Daily ETF,ETF,ETF,Trading--Leveraged Equity,,Trading--Leveraged Equity,,2x,,,,,,,,2026-03-04,31067.0,,Leveraged,Complete
TRX,TRX Gold Corporation,Stock,Basic Materials,Gold,510832224.0,,,1x,,,,,,,,2026-03-04,6684796.0,0.792,,Complete
ALBT,Avalon GloboCare Corp.,Stock,Real Estate,Real Estate Services,5627332.0,,,1x,,,,,,,,2026-03-04,6745833.0,-0.221,,Complete
WFF,WF Holding Limited,Stock,Industrials,Specialty Industrial Machinery,13295283.0,,,1x,,,,,,,,2026-03-04,365905.0,,,Complete
FNDF,Schwab Fundamental International Equity ETF,ETF,ETF,Foreign Large Value,,Foreign Large Value,,1x,,,,,,,,2026-03-04,1868766.0,,Standard,Complete
NYF,iShares New York Muni Bond ETF,ETF,ETF,Muni New York Long,,Muni New York Long,,1x,,,,,,,,2026-03-04,167452.0,,Standard,Complete
EWP,iShares MSCI Spain ETF,ETF,ETF,Miscellaneous Region,2035201536.0,Miscellaneous Region,,1x,,,,,,,,2026-03-04,719728.0,,Standard,Complete
PFF,iShares Preferred and Income Securities ETF,ETF,ETF,Preferred Stock,13141422080.0,Preferred Stock,,1x,,,,,,,,2026-03-04,3458830.0,,Standard,Complete
ANF,Abercrombie & Fitch Co.,Stock,Consumer Cyclical,Apparel Retail,4505523200.0,,,1x,,,,,,,,2026-03-04,1759769.0,1.112,,Complete
AWK,"American Water Works Company, Inc.",Stock,Utilities,Utilities - Regulated Water,26489817088.0,,,1x,,,,,,,,2026-03-04,1738044.0,0.759,,Complete
AIA,iShares Asia 50 ETF,ETF,ETF,Pacific/Asia ex-Japan Stk,,Pacific/Asia ex-Japan Stk,,1x,,,,,,,,2026-03-04,463347.0,,Standard,Complete
EDHL,Everbright Digital Holding Limited,Stock,Communication Services,Advertising Agencies,4132302.0,,,1x,,,,,,,,2026-03-04,100430.0,,,Complete
RES,"RPC, Inc.",Stock,Energy,Oil & Gas Equipment & Services,1330319872.0,,,1x,,,,,,,,2026-03-04,2323428.0,0.741,,Complete
EIS,iShares MSCI Israel ETF,ETF,ETF,Miscellaneous Region,320712992.0,Miscellaneous Region,,1x,,,,,,,,2026-03-04,132408.0,,Standard,Complete
LOGI,Logitech International S.A.,Stock,Technology,Computer Hardware,13444197376.0,,,1x,,,,,,,,2026-03-04,1148350.0,0.693,,Complete
ZTO,ZTO Express (Cayman) Inc.,Stock,Industrials,Integrated Freight & Logistics,17446156288.0,,,1x,,,,,,,,2026-03-04,2208489.0,-0.153,,Complete
CHYM,"Chime Financial, Inc.",Stock,Technology,Software - Application,8663988224.0,,,1x,,,,,,,,2026-03-04,3512710.0,,,Complete
ENSC,"Ensysce Biosciences, Inc.",Stock,Healthcare,Biotechnology,1791450.0,,,1x,,,,,,,,2026-03-04,6038772.0,1.158,,Complete
PKX,POSCO Holdings Inc.,Stock,Basic Materials,Steel,18531938304.0,,,1x,,,,,,,,2026-03-04,191205.0,1.547,,Complete
BBY,"Best Buy Co., Inc.",Stock,Consumer Cyclical,Specialty Retail,14170279936.0,,,1x,,,,,,,,2026-03-04,4766098.0,,,Complete
WBTN,WEBTOON Entertainment Inc.,Stock,Communication Services,Internet Content & Information,1461752320.0,,,1x,,,,,,,,2026-03-04,337528.0,,,Complete
FER,Ferrovial SE,Stock,Industrials,Engineering & Construction,49944428544.0,,,1x,,,,,,,,2026-03-04,2468010.0,0.758,,Complete
KB,KB Financial Group Inc.,Stock,Financial Services,Banks - Regional,37816659968.0,,,1x,,,,,,,,2026-03-04,195442.0,0.729,,Complete
CUK,Carnival Corporation & plc,Stock,Consumer Cyclical,Travel Services,37370019840.0,,,1x,,,,,,,,2026-03-04,2441806.0,2.459,,Complete
STLD,"Steel Dynamics, Inc.",Stock,Basic Materials,Steel,29033897984.0,,,1x,,,,,,,,2026-03-04,1330486.0,1.395,,Complete
WAR,U.S. Global Technology and Aerospace & Defense ETF,ETF,ETF,Technology,,Technology,,1x,,,,,,,,2026-03-04,17544.0,,Standard,Complete
AVES,Avantis Emerging Markets Value ETF,ETF,ETF,Diversified Emerging Mkts,,Diversified Emerging Mkts,,1x,,,,,,,,2026-03-04,156530.0,,Standard,Complete
AZO,"AutoZone, Inc.",Stock,Consumer Cyclical,Auto Parts,60981829632.0,,,1x,,,,,,,,2026-03-04,175862.0,0.355,,Complete
TIRX,Tian Ruixiang Holdings Ltd.,Stock,Financial Services,Insurance Brokers,3592020.0,,,1x,,,,,,,,2026-03-04,56044886.0,,,Complete
HUBB,Hubbell Incorporated,Stock,Industrials,Electrical Equipment & Parts,26036531200.0,,,1x,,,,,,,,2026-03-04,487634.0,0.997,,Complete
CAE,CAE Inc.,Stock,Industrials,Aerospace & Defense,9782943744.0,,,1x,,,,,,,,2026-03-04,679208.0,1.013,,Complete
NXXT,"NextNRG, Inc.",Stock,Utilities,Utilities - Renewable,78684624.0,,,1x,,,,,,,,2026-03-04,1926901.0,-0.534,,Complete
M,"Macy's, Inc.",Stock,Consumer Cyclical,Department Stores,5090332160.0,,,1x,,,,,,,,2026-03-04,6611176.0,1.524,,Complete
SPAB,State Street SPDR Portfolio Aggregate Bond ETF,ETF,ETF,Intermediate Core Bond,,Intermediate Core Bond,,1x,,,,,,,,2026-03-04,3069327.0,,Standard,Complete
RYDE,Ryde Group Ltd.,Stock,Technology,Software - Application,60942552.0,,,1x,,,,,,,,2026-03-04,2217896.0,,,Complete
UFG,Uni-Fuels Holdings Limited,Stock,Industrials,Marine Shipping,36685448.0,,,1x,,,,,,,,2026-03-04,967172.0,,,Complete
KMT,Kennametal Inc.,Stock,Industrials,Tools & Accessories,3150057984.0,,,1x,,,,,,,,2026-03-04,1268713.0,1.461,,Complete
VMC,Vulcan Materials Company,Stock,Basic Materials,Building Materials,39015612416.0,,,1x,,,,,,,,2026-03-04,1066608.0,1.059,,Complete
BKCH,Global X Blockchain ETF,ETF,ETF,Equity Digital Assets,,Equity Digital Assets,,1x,,,,,,,,2026-03-04,110250.0,,Standard,Complete
XTL,State Street SPDR S&P Telecom ETF,ETF,ETF,Communications,,Communications,,1x,,,,,,,,2026-03-04,19840.0,,Standard,Complete
UBS,UBS Group AG,Stock,Financial Services,Banks - Diversified,125597032448.0,,,1x,,,,,,,,2026-03-04,2470311.0,0.823,,Complete
EHTH,"eHealth, Inc.",Stock,Financial Services,Insurance Brokers,52453960.0,,,1x,,,,,,,,2026-03-04,662855.0,1.2,,Complete
IEI,iShares 3-7 Year Treasury Bond ETF,ETF,ETF,Intermediate Government,,Intermediate Government,,1x,,,,,,,,2026-03-04,1834393.0,,Standard,Complete
KSLV,Kurv Silver Enhanced Income ETF,ETF,ETF,Commodities Focused,,Commodities Focused,,1x,,,,,,,,2026-03-04,151957.0,,Standard,Complete
GSK,GSK plc,Stock,Healthcare,Drug Manufacturers - General,114088386560.0,,,1x,,,,,,,,2026-03-04,5017861.0,0.322,,Complete
DBMF,iMGP DBi Managed Futures Strategy ETF,ETF,ETF,Systematic Trend,,Systematic Trend,,1x,,,,,,,,2026-03-04,1244759.0,,Standard,Complete
IX,ORIX Corporation,Stock,Financial Services,Financial Conglomerates,35944235008.0,,,1x,,,,,,,,2026-03-04,274472.0,0.527,,Complete
ICON,Icon Energy Corp.,Stock,Industrials,Marine Shipping,3246041.0,,,1x,,,,,,,,2026-03-04,997184.0,,,Complete
SCMB,Schwab Municipal Bond ETF,ETF,ETF,Muni National Interm,,Muni National Interm,,1x,,,,,,,,2026-03-04,1390077.0,,Standard,Complete
SPXC,"SPX Technologies, Inc.",Stock,Industrials,Building Products & Equipment,11086136320.0,,,1x,,,,,,,,2026-03-04,548588.0,1.307,,Complete
IQMM,Proshares Genius Money Market ETF,Stock,Unknown,Unknown,,,,1x,,,,,,,,2026-03-04,22140288.0,,,Complete
APLZ,Tradr 2X Short Apld Daily ETF,ETF,ETF,Trading--Inverse Equity,,Trading--Inverse Equity,,-2x,,,,,,,,2026-03-04,281460.0,,Inverse Leveraged,Complete
PAAA,PGIM AAA CLO ETF,ETF,ETF,Securitized Bond - Focused,,Securitized Bond - Focused,,1x,,,,,,,,2026-03-04,2178483.0,,Standard,Complete
BTBT,"Bit Digital, Inc.",Stock,Financial Services,Capital Markets,585851392.0,,,1x,,,,,,,,2026-03-04,28897903.0,4.046,,Complete
GNPX,"Genprex, Inc.",Stock,Healthcare,Biotechnology,3414464.0,,,1x,,,,,,,,2026-03-04,1013500.0,-0.723,,Complete
LRMR,"Larimar Therapeutics, Inc.",Stock,Healthcare,Biotechnology,472458976.0,,,1x,,,,,,,,2026-03-04,3949011.0,0.965,,Complete
CSGP,"CoStar Group, Inc.",Stock,Real Estate,Real Estate Services,20356208640.0,,,1x,,,,,,,,2026-03-04,6399544.0,0.902,,Complete
SYRE,"Spyre Therapeutics, Inc.",Stock,Healthcare,Biotechnology,3249206272.0,,,1x,,,,,,,,2026-03-04,739569.0,3.117,,Complete
NPT,Texxon Holding Limited,Stock,Consumer Cyclical,Specialty Retail,285742816.0,,,1x,,,,,,,,2026-03-04,957420.0,,,Complete
SCZ,iShares MSCI EAFE Small-Cap ETF,ETF,ETF,Foreign Small/Mid Blend,,Foreign Small/Mid Blend,,1x,,,,,,,,2026-03-04,1328450.0,,Standard,Complete
ABUS,Arbutus Biopharma Corporation,Stock,Healthcare,Biotechnology,877266752.0,,,1x,,,,,,,,2026-03-04,1730100.0,0.737,,Complete
RNG,"RingCentral, Inc.",Stock,Technology,Software - Application,3292272896.0,,,1x,,,,,,,,2026-03-04,2285001.0,1.214,,Complete
KTEC,KraneShares Hang Seng TECH Index ETF,ETF,ETF,China Region,,China Region,,1x,,,,,,,,2026-03-05,61715.0,,Standard,
FURY,Fury Gold Mines Limited,Stock,Basic Materials,Other Industrial Metals & Mining,132146816.0,,,1x,,,,,,,,2026-03-05,902518.0,1.513,,
CURX,Curanex Pharmaceuticals Inc,Stock,Healthcare,Biotechnology,11886137.0,,,1x,,,,,,,,2026-03-05,224875.0,,,
TBIL,F/m US Treasury 3 Month Bill Fund - ETF Class Shares,ETF,ETF,Ultrashort Bond,,Ultrashort Bond,,1x,,,,,,,,2026-03-05,2048110.0,,Standard,
BORR,Borr Drilling Limited,Stock,Energy,Oil & Gas Drilling,1825893120.0,,,1x,,,,,,,,2026-03-05,6218035.0,1.08,,
CRVS,"Corvus Pharmaceuticals, Inc.",Stock,Healthcare,Biotechnology,1412322560.0,,,1x,,,,,,,,2026-03-05,3637550.0,0.845,,
ECG,"Everus Construction Group, Inc.",Stock,Industrials,Engineering & Construction,5936161792.0,,,1x,,,,,,,,2026-03-05,703354.0,,,
ACIU,AC Immune SA,Stock,Healthcare,Biotechnology,282183008.0,,,1x,,,,,,,,2026-03-05,746444.0,1.65,,
PLAY,"Dave & Buster's Entertainment, Inc.",Stock,Communication Services,Entertainment,512400896.0,,,1x,,,,,,,,2026-03-05,1160069.0,1.754,,
IMCC,IM Cannabis Corp.,Stock,Healthcare,Drug Manufacturers - Specialty & Generic,4250160.0,,,1x,,,,,,,,2026-03-05,147791.0,2.112,,
EH,EHang Holdings Limited,Stock,Industrials,Aerospace & Defense,822067072.0,,,1x,,,,,,,,2026-03-05,683288.0,1.03,,
TSRS,Truth Social American Red State REITs ETF,Stock,Unknown,Unknown,,,,1x,,,,,,,,2026-03-05,7627.0,,,
ARI,"Apollo Commercial Real Estate Finance, Inc.",Stock,Real Estate,REIT - Mortgage,1481145088.0,,,1x,,,,,,,,2026-03-05,1238166.0,1.564,,
PW,Power REIT,Stock,Real Estate,REIT - Specialty,3084591.0,,,1x,,,,,,,,2026-03-05,71433.0,1.559,,
TDUP,ThredUp Inc.,Stock,Consumer Cyclical,Internet Retail,478042048.0,,,1x,,,,,,,,2026-03-05,2077335.0,1.731,,
PTLE,PTL Limited,Stock,Consumer Cyclical,Specialty Retail,58489560.0,,,1x,,,,,,,,2026-03-05,51782.0,,,
NEWP,New Pacific Metals Corp.,Stock,Basic Materials,Silver,905949184.0,,,1x,,,,,,,,2026-03-05,1111152.0,2.4,,
ORIS,Oriental Rise Holdings Limited,Stock,Consumer Defensive,Packaged Foods,34971876.0,,,1x,,,,,,,,2026-03-05,448054.0,,,
IYW,iShares U.S. Technology ETF,ETF,ETF,Technology,3945182464.0,Technology,,1x,,,,,,,,2026-03-05,1115974.0,,Standard,
GLNK,Grayscale Chainlink Trust ETF,ETF,ETF,Digital Assets,,Digital Assets,,1x,,,,,,,,2026-03-05,258796.0,,Standard,
RPM,RPM International Inc.,Stock,Basic Materials,Specialty Chemicals,13681579008.0,,,1x,,,,,,,,2026-03-05,1103584.0,1.056,,
TRML,TRML,Stock,Unknown,Unknown,,,,1x,,,,,,,,2026-03-05,,,,
LTRX,"Lantronix, Inc.",Stock,Technology,Communication Equipment,240136752.0,,,1x,,,,,,,,2026-03-05,907513.0,1.562,,
AESR,Anfield U.S. Equity Sector Rotation ETF,ETF,ETF,Large Blend,,Large Blend,,1x,,,,,,,,2026-03-05,44933.0,,Standard,
POWR,iShares U.S. Power Infrastructure ETF,Stock,Unknown,Unknown,,,,1x,,,,,,,,2026-03-05,56269.0,,,
ALTS,ALT5 Sigma Corporation,Stock,Technology,Software - Application,189382336.0,,,1x,,,,,,,,2026-03-05,4214227.0,1.952,,
VIR,"Vir Biotechnology, Inc.",Stock,Healthcare,Biotechnology,1482059776.0,,,1x,,,,,,,,2026-03-05,3350674.0,1.711,,
EWD,iShares MSCI Sweden ETF,ETF,ETF,Miscellaneous Region,398679776.0,Miscellaneous Region,,1x,,,,,,,,2026-03-05,123876.0,,Standard,
GBUG,Sprott Active Gold & Silver Miners ETF,ETF,ETF,Equity Precious Metals,,Equity Precious Metals,,1x,,,,,,,,2026-03-05,131718.0,,Standard,
PTC,PTC Inc.,Stock,Technology,Software - Application,19805118464.0,,,1x,,,,,,,,2026-03-05,1070918.0,1.042,,
FGL,Founder Group Limited,Stock,Industrials,Engineering & Construction,2852574.0,,,1x,,,,,,,,2026-03-05,121020.0,,,
TELO,"Telomir Pharmaceuticals, Inc.",Stock,Healthcare,Biotechnology,45726696.0,,,1x,,,,,,,,2026-03-05,173450.0,-0.65,,
JMIA,Jumia Technologies AG,Stock,Consumer Cyclical,Internet Retail,982151232.0,,,1x,,,,,,,,2026-03-05,2863642.0,2.524,,
APGE,"Apogee Therapeutics, Inc.",Stock,Healthcare,Biotechnology,4800179712.0,,,1x,,,,,,,,2026-03-05,1000562.0,1.399,,
JBBB,Janus Henderson B-BBB CLO ETF,ETF,ETF,Securitized Bond - Focused,,Securitized Bond - Focused,,1x,,,,,,,,2026-03-05,490905.0,,Standard,
PEB,Pebblebrook Hotel Trust,Stock,Real Estate,REIT - Hotel & Motel,1514193920.0,,,1x,,,,,,,,2026-03-05,2152467.0,1.475,,
BJDX,"Bluejay Diagnostics, Inc.",Stock,Healthcare,Medical Devices,1830567.0,,,1x,,,,,,,,2026-03-05,200577.0,0.717,,
HOND,HOND,Stock,Unknown,Unknown,,,,1x,,,,,,,,2026-03-05,,,,
CJMB,Callan JMB Inc.,Stock,Industrials,Integrated Freight & Logistics,7528197.0,,,1x,,,,,,,,2026-03-05,3717757.0,,,
TWO,Two Harbors Investment Corp.,Stock,Real Estate,REIT - Mortgage,1051482304.0,,,1x,,,,,,,,2026-03-05,3510564.0,1.212,,
HYMB,State Street SPDR Nuveen ICE High Yield Municipal Bond ETF,ETF,ETF,High Yield Muni,,High Yield Muni,,1x,,,,,,,,2026-03-05,1011979.0,,Standard,
AIPI,REX AI Equity Premium Income ETF,ETF,ETF,Derivative Income,,Derivative Income,,1x,,,,,,,,2026-03-05,190998.0,,Standard,
ABM,ABM Industries Incorporated,Stock,Industrials,Specialty Business Services,2563971840.0,,,1x,,,,,,,,2026-03-05,683150.0,0.684,,
YJ,Yunji Inc.,Stock,Consumer Cyclical,Internet Retail,7191288.0,,,1x,,,,,,,,2026-03-05,223869.0,0.073,,
AXTA,Axalta Coating Systems Ltd.,Stock,Basic Materials,Specialty Chemicals,6496169472.0,,,1x,,,,,,,,2026-03-05,3462967.0,1.279,,
LCFY,Locafy Limited,Stock,Communication Services,Internet Content & Information,8509530.0,,,1x,,,,,,,,2026-03-05,764588.0,1.826,,
PFSA,"Profusa, Inc.",Stock,Healthcare,Medical Devices,1359374.0,,,1x,,,,,,,,2026-03-05,634897.0,-0.009,,
YCBD,"cbdMD, Inc.",Stock,Healthcare,Drug Manufacturers - Specialty & Generic,7967180.0,,,1x,,,,,,,,2026-03-05,11808827.0,2.108,,
FOX,Fox Corporation,Stock,Communication Services,Entertainment,24806283264.0,,,1x,,,,,,,,2026-03-05,1601440.0,0.537,,
SCHC,Schwab International Small-Cap Equity ETF,ETF,ETF,Foreign Small/Mid Blend,,Foreign Small/Mid Blend,,1x,,,,,,,,2026-03-05,546827.0,,Standard,
DLO,DLocal Limited,Stock,Technology,Software - Infrastructure,3536730624.0,,,1x,,,,,,,,2026-03-05,1168503.0,1.109,,
QINT,American Century Quality Diversified International ETF,ETF,ETF,Foreign Large Blend,,Foreign Large Blend,,1x,,,,,,,,2026-03-05,46957.0,,Standard,
BLMZ,BLMZ,Stock,Unknown,Unknown,,,,1x,,,,,,,,2026-03-05,,,,
STRD,Strategy Inc,Stock,Technology,Software - Application,940573632.0,,,1x,,,,,,,,2026-03-05,189738.0,3.633,,
GOVZ,iShares 25+ Year Treasury STRIPS Bond ETF,ETF,ETF,Long Government,,Long Government,,1x,,,,,,,,2026-03-05,1014498.0,,Standard,
RARE,Ultragenyx Pharmaceutical Inc.,Stock,Healthcare,Biotechnology,2077540480.0,,,1x,,,,,,,,2026-03-05,2790816.0,0.208,,
DMAT,Global X Rare Earth & Critical Materials ETF,ETF,ETF,Natural Resources,,Natural Resources,,1x,,,,,,,,2026-03-05,37846.0,,Standard,
LINE,"Lineage, Inc.",Stock,Real Estate,REIT - Industrial,10022633472.0,,,1x,,,,,,,,2026-03-05,1722444.0,,,
DRN,Direxion Daily Real Estate Bull 3X Shares,ETF,ETF,Trading--Leveraged Equity,,Trading--Leveraged Equity,,3x,,,,,,,,2026-03-05,550655.0,,Leveraged,
DDS,"Dillard's, Inc.",Stock,Consumer Cyclical,Department Stores,9631049728.0,,,1x,,,,,,,,2026-03-05,151769.0,1.308,,
AN,"AutoNation, Inc.",Stock,Consumer Cyclical,Auto & Truck Dealerships,6740786176.0,,,1x,,,,,,,,2026-03-05,435564.0,0.83,,
NINE,"Nine Energy Service, Inc.",Stock,Energy,Oil & Gas Equipment & Services,25402234.0,,,1x,,,,,,,,2026-03-05,2641460.0,2.193,,
OGN,Organon & Co.,Stock,Healthcare,Drug Manufacturers - General,1807892224.0,,,1x,,,,,,,,2026-03-05,5341537.0,0.572,,
DRIV,Global X Autonomous & Electric Vehicles ETF,ETF,ETF,Miscellaneous Sector,,Miscellaneous Sector,,1x,,,,,,,,2026-03-05,53661.0,,Standard,
DENN,Denny's Corporation,Stock,Consumer Cyclical,Restaurants,321868736.0,,,1x,,,,,,,,2026-03-05,2604940.0,1.372,,
HBAN,Huntington Bancshares Incorporated,Stock,Financial Services,Banks - Regional,33867085824.0,,,1x,,,,,,,,2026-03-05,32143962.0,0.967,,
BOH,Bank of Hawaii Corporation,Stock,Financial Services,Banks - Regional,3049129472.0,,,1x,,,,,,,,2026-03-05,432103.0,0.724,,
COYY,GraniteShares YieldBOOST COIN ETF,ETF,ETF,Derivative Income,,Derivative Income,,1x,,,,,,,,2026-03-05,317367.0,,Standard,
AREB,"American Rebel Holdings, Inc.",Stock,Consumer Cyclical,Footwear & Accessories,1886444.0,,,1x,,,,,,,,2026-03-05,2973610.0,1.034,,
LGN,Legence Corp.,Stock,Industrials,Engineering & Construction,5799012352.0,,,1x,,,,,,,,2026-03-05,1288723.0,,,
RELX,RELX PLC,Stock,Industrials,Specialty Business Services,62474104832.0,,,1x,,,,,,,,2026-03-05,3647259.0,0.203,,
BTTC,Black Titan Corporation,Stock,Unknown,Unknown,14493468.0,,,1x,,,,,,,,2026-03-05,2297371.0,,,
AEHL,Antelope Enterprise Holdings Limited,Stock,Industrials,Building Products & Equipment,9177650.0,,,1x,,,,,,,,2026-03-05,230215.0,0.765,,
NTWO,Newbury Street II Acquisition Corp,Stock,Financial Services,Shell Companies,253221952.0,,,1x,,,,,,,,2026-03-05,10027.0,,,
IAC,IAC Inc.,Stock,Communication Services,Internet Content & Information,2998207744.0,,,1x,,,,,,,,2026-03-05,1107996.0,1.173,,
AMT,American Tower Corporation,Stock,Real Estate,REIT - Specialty,87505969152.0,,,1x,,,,,,,,2026-03-05,3293169.0,0.907,,
ISUL,GraniteShares 2x Long ISRG Daily ETF,Stock,Unknown,Unknown,,,,1x,,,,,,,,2026-03-05,11235.0,,,
NCL,Northann Corp.,Stock,Consumer Cyclical,"Furnishings, Fixtures & Appliances",3729869.0,,,1x,,,,,,,,2026-03-05,15603447.0,0.373,,
IE,Ivanhoe Electric Inc.,Stock,Basic Materials,Copper,2262950400.0,,,1x,,,,,,,,2026-03-05,1835333.0,0.98,,
SUUN,PowerBank Corporation,Stock,Utilities,Utilities - Renewable,33622316.0,,,1x,,,,,,,,2026-03-05,2058918.0,-0.814,,
KPLT,"Katapult Holdings, Inc.",Stock,Technology,Software - Infrastructure,28063172.0,,,1x,,,,,,,,2026-03-05,403911.0,1.792,,
WMS,"Advanced Drainage Systems, Inc.",Stock,Industrials,Building Products & Equipment,12068362240.0,,,1x,,,,,,,,2026-03-05,648537.0,1.305,,
SNOY,YieldMax SNOW Option Income Strategy ETF,ETF,ETF,Derivative Income,,Derivative Income,,1x,,,,,,,,2026-03-05,107420.0,,Standard,
WOK,WORK Medical Technology Group LTD,Stock,Healthcare,Medical Devices,1490331.0,,,1x,,,,,,,,2026-03-05,806899.0,,,
SIG,Signet Jewelers Limited,Stock,Consumer Cyclical,Luxury Goods,3882770944.0,,,1x,,,,,,,,2026-03-05,838503.0,1.218,,
KSPI,Joint Stock Company Kaspi.kz,Stock,Technology,Software - Infrastructure,14728692736.0,,,1x,,,,,,,,2026-03-05,472586.0,-0.026,,
ARMN,Aris Mining Corporation,Stock,,,3918969856.0,,,1x,,,,,,,,2026-03-05,1872461.0,1.678,,
ANGL,VanEck Fallen Angel High Yield Bond ETF,ETF,ETF,High Yield Bond,,High Yield Bond,,1x,,,,,,,,2026-03-05,832100.0,,Standard,
SLE,"Super League Enterprise, Inc.",Stock,Communication Services,Internet Content & Information,4756000.0,,,1x,,,,,,,,2026-03-05,139436.0,1.538,,
CNET,ZW Data Action Technologies Inc.,Stock,Communication Services,Advertising Agencies,2353269.0,,,1x,,,,,,,,2026-03-05,410589.0,0.923,,
RETO,"ReTo Eco-Solutions, Inc.",Stock,Basic Materials,Building Materials,3316256.0,,,1x,,,,,,,,2026-03-05,816742.0,1.527,,
CYBR,CyberArk Software Ltd,Stock,Technology,Software - Infrastructure,20637501440.0,,,1x,,,,,,,,2026-03-05,803927.0,0.928,,
WLDS,Wearable Devices Ltd.,Stock,Technology,Consumer Electronics,7556761.0,,,1x,,,,,,,,2026-03-05,445008.0,3.79,,
ED,"Consolidated Edison, Inc.",Stock,Utilities,Utilities - Regulated Electric,39905882112.0,,,1x,,,,,,,,2026-03-05,2175337.0,0.345,,
TOL,"Toll Brothers, Inc.",Stock,Consumer Cyclical,Residential Construction,14411481088.0,,,1x,,,,,,,,2026-03-05,1316154.0,1.451,,
OS,"OneStream, Inc.",Stock,Technology,Software - Infrastructure,5822329856.0,,,1x,,,,,,,,2026-03-05,4316472.0,,,
TTC,The Toro Company,Stock,Industrials,Tools & Accessories,9827672064.0,,,1x,,,,,,,,2026-03-05,1021879.0,0.802,,
THM,International Tower Hill Mines Ltd.,Stock,Basic Materials,Gold,809340160.0,,,1x,,,,,,,,2026-03-05,1819957.0,1.685,,
MGRT,Mega Fortune Company Limited,Stock,Technology,Information Technology Services,107577248.0,,,1x,,,,,,,,2026-03-05,168193.0,,,
QTTB,Q32 Bio Inc.,Stock,Healthcare,Biotechnology,59982788.0,,,1x,,,,,,,,2026-03-05,194235.0,,,
CAPT,Captivision Inc.,Stock,Basic Materials,Building Materials,14456727.0,,,1x,,,,,,,,2026-03-05,1548354.0,1.129,,
SXTC,"China SXT Pharmaceuticals, Inc.",Stock,Healthcare,Drug Manufacturers - Specialty & Generic,1792385.0,,,1x,,,,,,,,2026-03-05,294858.0,1.736,,
E,Eni S.p.A.,Stock,Energy,Oil & Gas Integrated,68896530432.0,,,1x,,,,,,,,2026-03-05,300011.0,0.566,,
BRKR,Bruker Corporation,Stock,Healthcare,Medical Devices,5915068928.0,,,1x,,,,,,,,2026-03-05,2336686.0,1.188,,
TIC,"TIC Solutions, Inc.",Stock,Industrials,Specialty Business Services,2021856512.0,,,1x,,,,,,,,2026-03-05,2173438.0,0.504,,
YBTC,Roundhill Bitcoin Covered Call Strategy ETF,ETF,ETF,Digital Assets,,Digital Assets,,1x,,,,,,,,2026-03-05,192998.0,,Standard,
EIX,Edison International,Stock,Utilities,Utilities - Regulated Electric,27447136256.0,,,1x,,,,,,,,2026-03-05,3294379.0,0.777,,
WTO,UTime Limited,Stock,Technology,Consumer Electronics,4789630.0,,,1x,,,,,,,,2026-03-05,229963.0,0.433,,
DISV,Dimensional International Small Cap Value ETF,ETF,ETF,Foreign Small/Mid Value,,Foreign Small/Mid Value,,1x,,,,,,,,2026-03-05,441186.0,,Standard,
BMR,Beamr Imaging Ltd.,Stock,Technology,Software - Application,28264336.0,,,1x,,,,,,,,2026-03-05,145094.0,3.893,,
STEC,STEC,Stock,Unknown,Unknown,,,,1x,,,,,,,,2026-03-05,,,,
UAA,"Under Armour, Inc.",Stock,Consumer Cyclical,Apparel Manufacturing,2879058944.0,,,1x,,,,,,,,2026-03-05,12471193.0,1.77,,
BFRI,Biofrontera Inc.,Stock,Healthcare,Drug Manufacturers - Specialty & Generic,10252854.0,,,1x,,,,,,,,2026-03-05,475364.0,0.628,,
YCL,ProShares Ultra Yen,ETF,ETF,Trading--Miscellaneous,,Trading--Miscellaneous,,2x,,,,,,,,2026-03-05,66633.0,,Leveraged,
HGV,Hilton Grand Vacations Inc.,Stock,Consumer Cyclical,Resorts & Casinos,3966988032.0,,,1x,,,,,,,,2026-03-05,806838.0,1.469,,
RADX,Radiopharm Theranostics Limited,Stock,Healthcare,Biotechnology,38469848.0,,,1x,,,,,,,,2026-03-05,765332.0,0.9,,
APRE,"Aprea Therapeutics, Inc.",Stock,Healthcare,Biotechnology,10285394.0,,,1x,,,,,,,,2026-03-05,2209257.0,1.553,,
PPL,PPL Corporation,Stock,Utilities,Utilities - Regulated Electric,28448233472.0,,,1x,,,,,,,,2026-03-05,8599030.0,0.689,,
AOA,iShares Core 80/20 Aggressive Allocation ETF,ETF,ETF,Global Moderately Aggressive Allocation,,Global Moderately Aggressive Allocation,,1x,,,,,,,,2026-03-05,122522.0,,Standard,
PSI,Invesco Semiconductors ETF,ETF,ETF,Technology,304832000.0,Technology,,1x,,,,,,,,2026-03-05,156293.0,,Standard,
AXIA PR,AXIA PR,Stock,Unknown,Unknown,,,,1x,,,,,,,,2026-03-05,,,,
QGEN,Qiagen N.V.,Stock,Healthcare,Diagnostics & Research,9561877504.0,,,1x,,,,,,,,2026-03-05,2199071.0,0.709,,
DVA,DaVita Inc.,Stock,Healthcare,Medical Care Facilities,9923400704.0,,,1x,,,,,,,,2026-03-05,1048630.0,0.931,,
AMWD,American Woodmark Corporation,Stock,Consumer Cyclical,"Furnishings, Fixtures & Appliances",676883648.0,,,1x,,,,,,,,2026-03-05,172501.0,1.274,,
WEEK,Roundhill Weekly T-Bill ETF,ETF,ETF,Ultrashort Bond,,Ultrashort Bond,,1x,,,,,,,,2026-03-05,27032.0,,Standard,
LODE,Comstock Inc.,Stock,Basic Materials,Other Precious Metals & Mining,238382048.0,,,1x,,,,,,,,2026-03-05,1902476.0,1.308,,
GT,The Goodyear Tire & Rubber Company,Stock,Consumer Cyclical,Auto Parts,2265645312.0,,,1x,,,,,,,,2026-03-05,6479137.0,1.119,,
RHI,Robert Half Inc.,Stock,Industrials,Staffing & Employment Services,2505823232.0,,,1x,,,,,,,,2026-03-05,2920627.0,0.899,,
XRPR,REX-Osprey™ XRP ETF,ETF,ETF,Unknown,,Unknown,,1x,,,,,,,,2026-03-05,89264.0,,Standard,
SPOK,"Spok Holdings, Inc.",Stock,Healthcare,Health Information Services,251709616.0,,,1x,,,,,,,,2026-03-05,184766.0,0.422,,
SLM,SLM Corporation,Stock,Financial Services,Credit Services,3976963328.0,,,1x,,,,,,,,2026-03-05,3843947.0,1.164,,
IRBT,IRBT,Stock,Unknown,Unknown,,,,1x,,,,,,,,2026-03-05,,,,
LX,LexinFintech Holdings Ltd.,Stock,Financial Services,Credit Services,458518048.0,,,1x,,,,,,,,2026-03-05,1598893.0,0.745,,
CALC,"CalciMedica, Inc.",Stock,Healthcare,Biotechnology,8906469.0,,,1x,,,,,,,,2026-03-05,1220622.0,1.242,,
CDLX,"Cardlytics, Inc.",Stock,Communication Services,Advertising Agencies,44272312.0,,,1x,,,,,,,,2026-03-05,806754.0,1.095,,
ALGM,"Allegro MicroSystems, Inc.",Stock,Technology,Semiconductors,6335094272.0,,,1x,,,,,,,,2026-03-05,2604245.0,1.67,,
FTDR,"Frontdoor, Inc.",Stock,Consumer Cyclical,Personal Services,4850313216.0,,,1x,,,,,,,,2026-03-05,576813.0,1.325,,
EXAS,Exact Sciences Corporation,Stock,Healthcare,Diagnostics & Research,19751202816.0,,,1x,,,,,,,,2026-03-05,2654818.0,1.442,,
ENVB,"Enveric Biosciences, Inc.",Stock,Healthcare,Biotechnology,2738962.0,,,1x,,,,,,,,2026-03-05,1059427.0,0.3,,
BSY,"Bentley Systems, Incorporated",Stock,Technology,Software - Application,11786952704.0,,,1x,,,,,,,,2026-03-05,3009086.0,1.179,,
GOVT,iShares U.S. Treasury Bond ETF,ETF,ETF,Intermediate Government,,Intermediate Government,,1x,,,,,,,,2026-03-05,7394042.0,,Standard,
SOGP,Sound Group Inc.,Stock,Communication Services,Internet Content & Information,57699200.0,,,1x,,,,,,,,2026-03-05,72261.0,2.664,,
EPAM,"EPAM Systems, Inc.",Stock,Technology,Information Technology Services,8057688576.0,,,1x,,,,,,,,2026-03-05,1017564.0,1.768,,
ALV,"Autoliv, Inc.",Stock,Consumer Cyclical,Auto Parts,8424557568.0,,,1x,,,,,,,,2026-03-05,675479.0,1.336,,
KBWY,Invesco KBW Premium Yield Equity REIT ETF,ETF,ETF,Real Estate,,Real Estate,,1x,,,,,,,,2026-03-05,157500.0,,Standard,
KLXE,"KLX Energy Services Holdings, Inc.",Stock,Energy,Oil & Gas Equipment & Services,50129900.0,,,1x,,,,,,,,2026-03-05,238559.0,0.381,,
DDD,3D Systems Corporation,Stock,Technology,Computer Hardware,301611200.0,,,1x,,,,,,,,2026-03-05,3787666.0,2.478,,
GPRK,GeoPark Limited,Stock,Energy,Oil & Gas E&P,454384768.0,,,1x,,,,,,,,2026-03-05,674633.0,0.426,,
EZGO,EZGO Technologies Ltd.,Stock,Consumer Cyclical,Recreational Vehicles,31118268.0,,,1x,,,,,,,,2026-03-05,58800.0,1.875,,
CARM,"Carisma Therapeutics, Inc.",Stock,Healthcare,Biotechnology,1677987.0,,,1x,,,,,,,,2026-03-05,208220.0,3.581,,
DOGZ,Dogness (International) Corporation,Stock,Consumer Cyclical,Leisure,21548328.0,,,1x,,,,,,,,2026-03-05,1187849.0,2.6,,
EZU,iShares MSCI Eurozone ETF,ETF,ETF,Europe Stock,9815240704.0,Europe Stock,,1x,,,,,,,,2026-03-05,1772598.0,,Standard,
GEG,"Great Elm Group, Inc.",Stock,Financial Services,Asset Management,67453776.0,,,1x,,,,,,,,2026-03-05,44098.0,0.503,,
RVYL,Ryvyl Inc.,Stock,Technology,Software - Infrastructure,6953809.0,,,1x,,,,,,,,2026-03-05,314626.0,2.651,,
BRRR,CoinShares Bitcoin ETF,ETF,ETF,Digital Assets,,Digital Assets,,1x,,,,,,,,2026-03-05,470925.0,,Standard,
ARTL,"Artelo Biosciences, Inc.",Stock,Healthcare,Biotechnology,2570974.0,,,1x,,,,,,,,2026-03-05,72013.0,1.066,,
CYD,China Yuchai International Limited,Stock,Consumer Cyclical,Auto Manufacturers,1557010432.0,,,1x,,,,,,,,2026-03-05,190284.0,1.235,,
BATRA,"Atlanta Braves Holdings, Inc.",Stock,Communication Services,Entertainment,3097954816.0,,,1x,,,,,,,,2026-03-05,62761.0,0.758,,
ITUB,Itaú Unibanco Holding S.A.,Stock,Financial Services,Banks - Regional,91630903296.0,,,1x,,,,,,,,2026-03-05,23958417.0,0.215,,
JFIN,Jiayin Group Inc.,Stock,Communication Services,Internet Content & Information,329556960.0,,,1x,,,,,,,,2026-03-05,81269.0,0.548,,
STAI,ScanTech AI Systems Inc.,Stock,Industrials,Building Products & Equipment,607551.0,,,1x,,,,,,,,2026-03-05,189635.0,0.037,,
QLDY,Defiance NASDAQ 100 Lightningspread Income ETF,ETF,ETF,Derivative Income,,Derivative Income,,1x,,,,,,,,2026-03-05,28038.0,,Standard,
TDC,Teradata Corporation,Stock,Technology,Software - Infrastructure,2749477376.0,,,1x,,,,,,,,2026-03-05,1758515.0,0.541,,
TRN,"Trinity Industries, Inc.",Stock,Industrials,Railroads,2695668992.0,,,1x,,,,,,,,2026-03-05,825266.0,1.461,,
VSH,"Vishay Intertechnology, Inc.",Stock,Technology,Semiconductors,2374362368.0,,,1x,,,,,,,,2026-03-05,2120355.0,1.154,,
BEEM,Beam Global,Stock,Technology,Solar,29213852.0,,,1x,,,,,,,,2026-03-05,1418374.0,1.269,,
CB,Chubb Limited,Stock,Financial Services,Insurance - Property & Casualty,130218106880.0,,,1x,,,,,,,,2026-03-05,1795249.0,0.489,,
FORD,FORD,Stock,Unknown,Unknown,,,,1x,,,,,,,,2026-03-05,,,,
PAY,"Paymentus Holdings, Inc.",Stock,Technology,Software - Infrastructure,3220833536.0,,,1x,,,,,,,,2026-03-05,816106.0,1.499,,
TII,Titan Mining Corporation,Stock,Basic Materials,Other Industrial Metals & Mining,359165216.0,,,1x,,,,,,,,2026-03-05,854394.0,-0.244,,
IMRN,Immuron Limited,Stock,Healthcare,Biotechnology,6541822.0,,,1x,,,,,,,,2026-03-05,71350.0,0.431,,
TRON,Tron Inc.,Stock,Consumer Cyclical,Leisure,384134912.0,,,1x,,,,,,,,2026-03-05,971728.0,13.929,,
FINX,Global X FinTech ETF,ETF,ETF,Technology,,Technology,,1x,,,,,,,,2026-03-05,95089.0,,Standard,
FATBB,FAT Brands Inc.,Stock,Consumer Cyclical,Restaurants,15913974.0,,,1x,,,,,,,,2026-03-05,1417749.0,1.222,,
HUBG,"Hub Group, Inc.",Stock,Industrials,Integrated Freight & Logistics,2575507712.0,,,1x,,,,,,,,2026-03-05,947489.0,1.105,,
IMAX,IMAX Corporation,Stock,Communication Services,Entertainment,2197955584.0,,,1x,,,,,,,,2026-03-05,1169266.0,0.345,,
TSIC,Truth Social American Icons ETF,Stock,Unknown,Unknown,,,,1x,,,,,,,,2026-03-05,8795.0,,,
NCPL,Netcapital Inc.,Stock,Financial Services,Capital Markets,3380875.0,,,1x,,,,,,,,2026-03-05,6301611.0,0.683,,
CV,"CapsoVision, Inc.",Stock,Healthcare,Medical Devices,235855632.0,,,1x,,,,,,,,2026-03-05,401467.0,,,
APLE,"Apple Hospitality REIT, Inc.",Stock,Real Estate,REIT - Hotel & Motel,2922892544.0,,,1x,,,,,,,,2026-03-05,2403827.0,0.817,,
BAM,Brookfield Asset Management Ltd.,Stock,Financial Services,Asset Management,75235917824.0,,,1x,,,,,,,,2026-03-05,2905772.0,1.287,,
CLRB,"Cellectar Biosciences, Inc.",Stock,Healthcare,Biotechnology,12041980.0,,,1x,,,,,,,,2026-03-05,74471.0,0.328,,
SLGN,Silgan Holdings Inc.,Stock,Consumer Cyclical,Packaging & Containers,4921151488.0,,,1x,,,,,,,,2026-03-05,963825.0,0.668,,
TNON,"Tenon Medical, Inc.",Stock,Healthcare,Medical Devices,8674133.0,,,1x,,,,,,,,2026-03-05,1031940.0,1.254,,
IBIO,"iBio, Inc.",Stock,Healthcare,Biotechnology,93360880.0,,,1x,,,,,,,,2026-03-05,5982628.0,1.23,,
METW,Roundhill META WeeklyPay ETF,ETF,ETF,Trading--Miscellaneous,,Trading--Miscellaneous,,1x,,,,,,,,2026-03-05,31876.0,,Standard,
XP,XP Inc.,Stock,Financial Services,Capital Markets,10368811008.0,,,1x,,,,,,,,2026-03-05,6616264.0,1.256,,
IT,"Gartner, Inc.",Stock,Technology,Information Technology Services,12166622208.0,,,1x,,,,,,,,2026-03-05,1451908.0,1.083,,
SILO,"Silo Pharma, Inc.",Stock,Healthcare,Biotechnology,4791142.0,,,1x,,,,,,,,2026-03-05,980072.0,0.614,,
ORKT,Orangekloud Technology Inc.,Stock,Technology,Software - Application,6073340.0,,,1x,,,,,,,,2026-03-05,1324994.0,,,
HIND,"Vyome Holdings, Inc.",Stock,Healthcare,Biotechnology,17482730.0,,,1x,,,,,,,,2026-03-05,910127.0,,,
MAT,"Mattel, Inc.",Stock,Consumer Cyclical,Leisure,4932396032.0,,,1x,,,,,,,,2026-03-05,5219847.0,0.729,,
FNDE,Schwab Fundamental Emerging Markets Equity ETF,ETF,ETF,Diversified Emerging Mkts,,Diversified Emerging Mkts,,1x,,,,,,,,2026-03-05,1510122.0,,Standard,
BLDP,Ballard Power Systems Inc.,Stock,Industrials,Electrical Equipment & Parts,637565888.0,,,1x,,,,,,,,2026-03-05,2904272.0,1.734,,
PEPG,PepGen Inc.,Stock,Healthcare,Biotechnology,375021568.0,,,1x,,,,,,,,2026-03-05,652054.0,1.867,,
CYTK,"Cytokinetics, Incorporated",Stock,Healthcare,Biotechnology,7502176256.0,,,1x,,,,,,,,2026-03-05,1935593.0,0.508,,
BMRN,BioMarin Pharmaceutical Inc.,Stock,Healthcare,Biotechnology,11553390592.0,,,1x,,,,,,,,2026-03-05,2501610.0,0.256,,
SUPV,Grupo Supervielle S.A.,Stock,Financial Services,Banks - Regional,812309440.0,,,1x,,,,,,,,2026-03-05,1102927.0,0.691,,
MSAI,"MultiSensor AI Holdings, Inc.",Stock,Technology,Software - Infrastructure,23759548.0,,,1x,,,,,,,,2026-03-05,1758010.0,-0.115,,
INMD,InMode Ltd.,Stock,Healthcare,Medical Devices,853423360.0,,,1x,,,,,,,,2026-03-05,971322.0,2.19,,
QFIN,"Qfin Holdings, Inc.",Stock,Financial Services,Credit Services,2054324608.0,,,1x,,,,,,,,2026-03-05,1730289.0,0.517,,
CEP,CEP,Stock,Unknown,Unknown,,,,1x,,,,,,,,2026-03-05,,,,
CRSR,"Corsair Gaming, Inc.",Stock,Technology,Computer Hardware,661306432.0,,,1x,,,,,,,,2026-03-05,2215152.0,1.556,,
BIIB,Biogen Inc.,Stock,Healthcare,Drug Manufacturers - General,27850366976.0,,,1x,,,,,,,,2026-03-05,1748257.0,0.145,,
ITRG,Integra Resources Corp.,Stock,Basic Materials,Other Precious Metals & Mining,764648128.0,,,1x,,,,,,,,2026-03-05,2492408.0,1.482,,
LION,Lionsgate Studios Corp.,Stock,Unknown,Unknown,2756778752.0,,,1x,,,,,,,,2026-03-05,2933454.0,,,
RNTX,Rein Therapeutics Inc.,Stock,Healthcare,Biotechnology,32595114.0,,,1x,,,,,,,,2026-03-05,160483.0,1.537,,
KDK,"Kodiak AI, Inc.",Stock,Technology,Software - Infrastructure,1536638592.0,,,1x,,,,,,,,2026-03-05,726923.0,-0.337,,
QQQY,Defiance Nasdaq 100 Target 30 Weekly Distribution ETF,ETF,ETF,Trading--Miscellaneous,,Trading--Miscellaneous,,1x,,,,,,,,2026-03-05,171916.0,,Standard,
KYMR,"Kymera Therapeutics, Inc.",Stock,Healthcare,Biotechnology,6649519104.0,,,1x,,,,,,,,2026-03-05,1043264.0,2.297,,
PSTV,"Plus Therapeutics, Inc.",Stock,Healthcare,Biotechnology,52976256.0,,,1x,,,,,,,,2026-03-05,9861428.0,0.826,,
IYR,iShares U.S. Real Estate ETF,ETF,ETF,Real Estate,4929571328.0,Real Estate,,1x,,,,,,,,2026-03-05,7380428.0,,Standard,
BOX,"Box, Inc.",Stock,Technology,Software - Infrastructure,3769756160.0,,,1x,,,,,,,,2026-03-05,2569296.0,0.74,,
DORM,"Dorman Products, Inc.",Stock,Consumer Cyclical,Auto Parts,3562381824.0,,,1x,,,,,,,,2026-03-05,204811.0,0.922,,
ICLN,iShares Global Clean Energy ETF,ETF,ETF,Miscellaneous Sector,,Miscellaneous Sector,,1x,,,,,,,,2026-03-05,4245208.0,,Standard,
AON,Aon plc,Stock,Financial Services,Insurance Brokers,72968372224.0,,,1x,,,,,,,,2026-03-05,1339601.0,0.828,,
XRT,State Street SPDR S&P Retail ETF,ETF,ETF,Consumer Cyclical,1020893888.0,Consumer Cyclical,,1x,,,,,,,,2026-03-05,5075981.0,,Standard,
IMVT,"Immunovant, Inc.",Stock,Healthcare,Biotechnology,5480103936.0,,,1x,,,,,,,,2026-03-05,1618752.0,0.625,,
PD,"PagerDuty, Inc.",Stock,Technology,Software - Application,722659584.0,,,1x,,,,,,,,2026-03-05,2815335.0,0.754,,
FAF,First American Financial Corporation,Stock,Financial Services,Insurance - Specialty,7010720256.0,,,1x,,,,,,,,2026-03-05,955547.0,1.261,,
DDL,Dingdong (Cayman) Limited,Stock,Consumer Defensive,Grocery Stores,586946944.0,,,1x,,,,,,,,2026-03-05,2639033.0,0.424,,
PK,Park Hotels & Resorts Inc.,Stock,Real Estate,REIT - Hotel & Motel,2273022976.0,,,1x,,,,,,,,2026-03-05,4045652.0,1.398,,
PFLT,PennantPark Floating Rate Capital Ltd.,Stock,Financial Services,Asset Management,833926400.0,,,1x,,,,,,,,2026-03-05,1139618.0,0.77,,
LFUS,"Littelfuse, Inc.",Stock,Technology,Electronic Components,8308631040.0,,,1x,,,,,,,,2026-03-05,244930.0,1.415,,
REVB,"Revelation Biosciences, Inc.",Stock,Healthcare,Biotechnology,3226436.0,,,1x,,,,,,,,2026-03-05,668915.0,-0.129,,
RAYJ,Rayliant SMDAM Japan Equity ETF,ETF,ETF,Japan Stock,,Japan Stock,,1x,,,,,,,,2026-03-05,6354.0,,Standard,
CAR,"Avis Budget Group, Inc.",Stock,Industrials,Rental & Leasing Services,3459931392.0,,,1x,,,,,,,,2026-03-05,678772.0,2.25,,
WNW,Meiwu Technology Company Limited,Stock,Consumer Cyclical,Internet Retail,85072992.0,,,1x,,,,,,,,2026-03-05,22657.0,0.8,,
YIBO,Planet Image International Limited,Stock,Technology,Computer Hardware,56005956.0,,,1x,,,,,,,,2026-03-05,579271.0,3.715,,
LFS,"Leifras Co., Ltd.",Stock,Communication Services,Entertainment,60671712.0,,,1x,,,,,,,,2026-03-05,498125.0,,,
GP,GreenPower Motor Company Inc.,Stock,Industrials,Farm & Heavy Construction Machinery,5395423.0,,,1x,,,,,,,,2026-03-05,1605425.0,1.839,,
WELL,Welltower Inc.,Stock,Real Estate,REIT - Healthcare Facilities,141490257920.0,,,1x,,,,,,,,2026-03-05,3428430.0,0.813,,
SKY,"Champion Homes, Inc.",Stock,Consumer Cyclical,Residential Construction,4983117312.0,,,1x,,,,,,,,2026-03-05,749810.0,1.03,,
CEFZ,RiverNorth Active Income ETF,ETF,ETF,Global Moderately Conservative Allocation,,Global Moderately Conservative Allocation,,1x,,,,,,,,2026-03-05,11757.0,,Standard,
DOC,"Healthpeak Properties, Inc.",Stock,Real Estate,REIT - Healthcare Facilities,12131992576.0,,,1x,,,,,,,,2026-03-05,9289503.0,1.081,,
KD,"Kyndryl Holdings, Inc.",Stock,Technology,Information Technology Services,3078547968.0,,,1x,,,,,,,,2026-03-05,4875045.0,2.001,,
AXG,Solowin Holdings,Stock,Financial Services,Capital Markets,684012800.0,,,1x,,,,,,,,2026-03-05,741283.0,-0.499,,
IHG,InterContinental Hotels Group PLC,Stock,Consumer Cyclical,Lodging,20096397312.0,,,1x,,,,,,,,2026-03-05,250742.0,1.073,,
NULC,Nuveen ESG Large-Cap ETF,ETF,ETF,Large Blend,,Large Blend,,1x,,,,,,,,2026-03-05,7115.0,,Standard,
FLUX,"Flux Power Holdings, Inc.",Stock,Industrials,Electrical Equipment & Parts,31156600.0,,,1x,,,,,,,,2026-03-05,376820.0,1.56,,
XLC,State Street Communication Services Select Sector SPDR ETF,ETF,ETF,Communications,,Communications,,1x,,,,,,,,2026-03-05,6818508.0,,Standard,
ZONE,"CleanCore Solutions, Inc.",Stock,Industrials,Pollution & Treatment Controls,2655800.0,,,1x,,,,,,,,2026-03-05,2421074.0,,,
TDY,Teledyne Technologies Incorporated,Stock,Technology,Scientific & Technical Instruments,31464673280.0,,,1x,,,,,,,,2026-03-05,359183.0,0.975,,
AEG,Aegon Ltd.,Stock,Financial Services,Insurance - Diversified,10710587392.0,,,1x,,,,,,,,2026-03-05,5109503.0,0.602,,
HIVE,HIVE Digital Technologies Ltd.,Stock,Financial Services,Capital Markets,566028864.0,,,1x,,,,,,,,2026-03-05,10881744.0,3.428,,
BLOK,Amplify Blockchain Technology ETF,ETF,ETF,Equity Digital Assets,,Equity Digital Assets,,1x,,,,,,,,2026-03-05,418974.0,,Standard,
VITL,"Vital Farms, Inc.",Stock,Consumer Defensive,Farm Products,895938176.0,,,1x,,,,,,,,2026-03-05,2031861.0,1.207,,
CBRL,"Cracker Barrel Old Country Store, Inc.",Stock,Consumer Cyclical,Restaurants,687035520.0,,,1x,,,,,,,,2026-03-05,1762513.0,,,
AMCI,AMC Robotics Corporation,Stock,Technology,Computer Hardware,149357744.0,,,1x,,,,,,,,2026-03-05,4543833.0,-0.336,,
MSFW,Roundhill MSFT WeeklyPay ETF,ETF,ETF,Trading--Miscellaneous,,Trading--Miscellaneous,,1x,,,,,,,,2026-03-05,16749.0,,Standard,
MDGL,"Madrigal Pharmaceuticals, Inc.",Stock,Healthcare,Biotechnology,9759778816.0,,,1x,,,,,,,,2026-03-05,348500.0,-0.963,,
NUKZ,Range Nuclear Renaissance ETF,ETF,ETF,Miscellaneous Sector,,Miscellaneous Sector,,1x,,,,,,,,2026-03-05,132969.0,,Standard,
CGTL,Creative Global Technology Holdings Limited,Stock,Consumer Cyclical,Specialty Retail,41931748.0,,,1x,,,,,,,,2026-03-05,1700283.0,,,
EUFN,iShares MSCI Europe Financials ETF,ETF,ETF,Europe Stock,,Europe Stock,,1x,,,,,,,,2026-03-05,1720689.0,,Standard,
ELAN,Elanco Animal Health Incorporated,Stock,Healthcare,Drug Manufacturers - Specialty & Generic,11842543616.0,,,1x,,,,,,,,2026-03-05,5076455.0,1.885,,
GPN,Global Payments Inc.,Stock,Industrials,Specialty Business Services,21705109504.0,,,1x,,,,,,,,2026-03-05,3547133.0,0.732,,
CRBG,"Corebridge Financial, Inc.",Stock,Financial Services,Asset Management,13290423296.0,,,1x,,,,,,,,2026-03-05,5054411.0,1.011,,
TGHL,The Growhub Limited,Stock,Technology,Software - Infrastructure,9360931.0,,,1x,,,,,,,,2026-03-05,580638.0,,,
SGBX,Olenox Industries Inc.,Stock,Industrials,Metal Fabrication,9272643.0,,,1x,,,,,,,,2026-03-05,6864530.0,1.879,,
RYAAY,Ryanair Holdings plc,Stock,Industrials,Airlines,32800675840.0,,,1x,,,,,,,,2026-03-05,1331813.0,1.012,,
GPRO,"GoPro, Inc.",Stock,Technology,Consumer Electronics,168513312.0,,,1x,,,,,,,,2026-03-05,2975391.0,1.618,,
GORO,Gold Resource Corporation,Stock,Basic Materials,Other Precious Metals & Mining,229839552.0,,,1x,,,,,,,,2026-03-05,6302532.0,0.852,,
POAS,Phaos Technology Holdings (Caym,Stock,Healthcare,Medical Devices,24947196.0,,,1x,,,,,,,,2026-03-05,1306508.0,,,
RSI,"Rush Street Interactive, Inc.",Stock,Consumer Cyclical,Gambling,4708067840.0,,,1x,,,,,,,,2026-03-05,2033320.0,1.552,,
LOAR,Loar Holdings Inc.,Stock,Industrials,Aerospace & Defense,6928999424.0,,,1x,,,,,,,,2026-03-05,835937.0,,,
KRYS,"Krystal Biotech, Inc.",Stock,Healthcare,Biotechnology,7478763008.0,,,1x,,,,,,,,2026-03-05,306503.0,0.505,,
PXLW,"Pixelworks, Inc.",Stock,Technology,Semiconductors,39334664.0,,,1x,,,,,,,,2026-03-05,72486.0,1.639,,
STEM,"Stem, Inc.",Stock,Utilities,Utilities - Renewable,109785872.0,,,1x,,,,,,,,2026-03-05,217452.0,1.383,,
CRMD,CorMedix Inc.,Stock,Healthcare,Biotechnology,494795232.0,,,1x,,,,,,,,2026-03-05,2837238.0,1.421,,
NSC,Norfolk Southern Corporation,Stock,Industrials,Railroads,70837878784.0,,,1x,,,,,,,,2026-03-05,1246427.0,1.303,,
KOPN,Kopin Corporation,Stock,Technology,Electronic Components,410036256.0,,,1x,,,,,,,,2026-03-05,3087659.0,2.823,,
MYRG,MYR Group Inc.,Stock,Industrials,Engineering & Construction,4141337088.0,,,1x,,,,,,,,2026-03-05,240172.0,1.111,,
AMBR,Amber International Holding Limited,Stock,Technology,Software - Infrastructure,242170368.0,,,1x,,,,,,,,2026-03-05,143777.0,,,
PYPY,Yieldmax PYPL Option Income Strategy ETF,ETF,ETF,Derivative Income,,Derivative Income,,1x,,,,,,,,2026-03-05,17291.0,,Standard,
BILL,"BILL Holdings, Inc.",Stock,Technology,Software - Application,4558631424.0,,,1x,,,,,,,,2026-03-05,2966072.0,1.297,,
UNF,UniFirst Corporation,Stock,Industrials,Specialty Business Services,4283943424.0,,,1x,,,,,,,,2026-03-05,220489.0,0.723,,
ECDA,"ECD Automotive Design, Inc.",Stock,Consumer Cyclical,Auto Manufacturers,22021.0,,,1x,,,,,,,,2026-03-05,3700649.0,0.127,,
SEE,Sealed Air Corporation,Stock,Consumer Cyclical,Packaging & Containers,6184651776.0,,,1x,,,,,,,,2026-03-05,3468154.0,1.342,,
SMWB,Similarweb Ltd.,Stock,Technology,Software - Application,244279648.0,,,1x,,,,,,,,2026-03-05,925279.0,1.167,,
GURE,"Gulf Resources, Inc.",Stock,Basic Materials,Chemicals,6850912.0,,,1x,,,,,,,,2026-03-05,32391.0,0.34,,
JBTM,JBT Marel Corporation,Stock,Industrials,Specialty Industrial Machinery,7872883200.0,,,1x,,,,,,,,2026-03-05,520355.0,1.014,,
EWQ,iShares MSCI France ETF,ETF,ETF,Miscellaneous Region,1276992000.0,Miscellaneous Region,,1x,,,,,,,,2026-03-05,382293.0,,Standard,
OPAD,Offerpad Solutions Inc.,Stock,Real Estate,Real Estate Services,35261764.0,,,1x,,,,,,,,2026-03-05,3907444.0,2.429,,
HOLO,MicroCloud Hologram Inc.,Stock,Technology,Electronic Components,32560864.0,,,1x,,,,,,,,2026-03-05,532825.0,3.25,,
BJ,"BJ's Wholesale Club Holdings, Inc.",Stock,Consumer Defensive,Discount Stores,12675992576.0,,,1x,,,,,,,,2026-03-05,1850333.0,0.332,,
AKAN,Akanda Corp.,Stock,Healthcare,Drug Manufacturers - Specialty & Generic,2068742.0,,,1x,,,,,,,,2026-03-05,1265827.0,1.688,,
CABA,"Cabaletta Bio, Inc.",Stock,Healthcare,Biotechnology,318637792.0,,,1x,,,,,,,,2026-03-05,3046127.0,3.279,,
FSK,FS KKR Capital Corp.,Stock,Financial Services,Asset Management,3108765184.0,,,1x,,,,,,,,2026-03-05,3400094.0,0.901,,
XRPZ,Franklin XRP ETF,Stock,Unknown,Unknown,,,,1x,,,,,,,,2026-03-05,344064.0,,,
AUR,"Aurora Innovation, Inc.",Stock,Technology,Information Technology Services,8642985984.0,,,1x,,,,,,,,2026-03-05,16672893.0,2.455,,
AUST,Austin Gold Corp.,Stock,Basic Materials,Gold,22693410.0,,,1x,,,,,,,,2026-03-05,1583472.0,0.877,,
XXII,"22nd Century Group, Inc.",Stock,Consumer Defensive,Tobacco,1969134.0,,,1x,,,,,,,,2026-03-05,27315.0,0.99,,
FSOL,Fidelity Solana Fund,ETF,ETF,Digital Assets,,Digital Assets,,1x,,,,,,,,2026-03-05,378601.0,,Standard,
JXG,JX Luxventure Group Inc.,Stock,Consumer Cyclical,Apparel Manufacturing,7746485.0,,,1x,,,,,,,,2026-03-05,50250.0,0.966,,
CCTG,CCSC Technology International Holdings Limited,Stock,Industrials,Electrical Equipment & Parts,1956748.0,,,1x,,,,,,,,2026-03-05,907907.0,-0.583,,
GCTK,"GlucoTrack, Inc.",Stock,Healthcare,Medical Instruments & Supplies,1491636.0,,,1x,,,,,,,,2026-03-05,360913.0,0.354,,
ALNT,Allient Inc.,Stock,Technology,Electronic Components,1034315712.0,,,1x,,,,,,,,2026-03-05,153518.0,1.516,,
IHRT,"iHeartMedia, Inc.",Stock,Communication Services,Broadcasting,499277120.0,,,1x,,,,,,,,2026-03-05,859989.0,1.643,,
DLR,"Digital Realty Trust, Inc.",Stock,Real Estate,REIT - Specialty,62660472832.0,,,1x,,,,,,,,2026-03-05,2099779.0,1.133,,
AEE,Ameren Corporation,Stock,Utilities,Utilities - Regulated Electric,30767429632.0,,,1x,,,,,,,,2026-03-05,1830583.0,0.531,,
CW,Curtiss-Wright Corporation,Stock,Industrials,Aerospace & Defense,25572704256.0,,,1x,,,,,,,,2026-03-05,282784.0,0.914,,
EWL,iShares MSCI Switzerland ETF,ETF,ETF,Miscellaneous Region,1758576896.0,Miscellaneous Region,,1x,,,,,,,,2026-03-05,527254.0,,Standard,
NOMD,Nomad Foods Limited,Stock,Consumer Defensive,Packaged Foods,1562449152.0,,,1x,,,,,,,,2026-03-05,1910010.0,0.688,,
FDD,First Trust STOXX European Select Dividend Index Fund,ETF,ETF,Europe Stock,,Europe Stock,,1x,,,,,,,,2026-03-05,384198.0,,Standard,
GTM,ZoomInfo Technologies Inc.,Stock,Technology,Software - Application,1944726912.0,,,1x,,,,,,,,2026-03-05,7899296.0,1.112,,
SIMO,Silicon Motion Technology Corporation,Stock,Technology,Semiconductors,4185089280.0,,,1x,,,,,,,,2026-03-05,635652.0,1.03,,
BETA,"BETA Technologies, Inc.",Stock,Industrials,Aerospace & Defense,4712627200.0,,,1x,,,,,,,,2026-03-05,972137.0,,,
ERIC,Telefonaktiebolaget LM Ericsson (publ),Stock,Technology,Communication Equipment,37913178112.0,,,1x,,,,,,,,2026-03-05,8676227.0,0.574,,
NBTX,Nanobiotix S.A.,Stock,Healthcare,Biotechnology,1645674112.0,,,1x,,,,,,,,2026-03-05,33223.0,0.569,,
EVR,Evercore Inc.,Stock,Financial Services,Capital Markets,12301650944.0,,,1x,,,,,,,,2026-03-05,454013.0,1.575,,
DVS,Dolly Varden Silver Corporation,Stock,Basic Materials,Silver,412941184.0,,,1x,,,,,,,,2026-03-05,1585313.0,1.865,,
QVCGP,QVC Group Inc.,Stock,Consumer Cyclical,Internet Retail,,,,1x,,,,,,,,2026-03-05,473588.0,2.836,,
EQR,Equity Residential,Stock,Real Estate,REIT - Residential,24675317760.0,,,1x,,,,,,,,2026-03-05,2608137.0,0.735,,
PCLA,PicoCELA Inc.,Stock,Communication Services,Telecom Services,12541998.0,,,1x,,,,,,,,2026-03-05,730749.0,,,
ATO,Atmos Energy Corporation,Stock,Utilities,Utilities - Regulated Gas,30539202560.0,,,1x,,,,,,,,2026-03-05,1312701.0,0.698,,
IDEV,iShares Core MSCI International Developed Markets ETF,ETF,ETF,Foreign Large Blend,,Foreign Large Blend,,1x,,,,,,,,2026-03-05,2585818.0,,Standard,
KBAB,KraneShares 2x Long BABA Daily ETF,ETF,ETF,Trading--Leveraged Equity,,Trading--Leveraged Equity,,2x,,,,,,,,2026-03-05,20096.0,,Leveraged,
WING,Wingstop Inc.,Stock,Consumer Cyclical,Restaurants,6729142272.0,,,1x,,,,,,,,2026-03-05,819137.0,1.861,,
GITS,"Global Interactive Technologies, Inc.",Stock,Communication Services,Internet Content & Information,8575604.0,,,1x,,,,,,,,2026-03-05,2690679.0,-0.473,,
EXR,Extra Space Storage Inc.,Stock,Real Estate,REIT - Industrial,32693082112.0,,,1x,,,,,,,,2026-03-05,1386127.0,1.242,,
ADTX,"Aditxt, Inc.",Stock,Healthcare,Biotechnology,812530.0,,,1x,,,,,,,,2026-03-05,2283311.0,1.546,,
NBP,NovaBridge Biosciences,Stock,Healthcare,Biotechnology,425596832.0,,,1x,,,,,,,,2026-03-05,665703.0,1.674,,
ACHC,"Acadia Healthcare Company, Inc.",Stock,Healthcare,Medical Care Facilities,2233369088.0,,,1x,,,,,,,,2026-03-05,3628255.0,0.735,,
EDN,Empresa Distribuidora y Comercializadora Norte Sociedad Anónima,Stock,Utilities,Utilities - Regulated Electric,1296589696.0,,,1x,,,,,,,,2026-03-05,103562.0,0.453,,
EPP,iShares MSCI Pacific ex Japan ETF,ETF,ETF,Pacific/Asia ex-Japan Stk,2882002688.0,Pacific/Asia ex-Japan Stk,,1x,,,,,,,,2026-03-05,450966.0,,Standard,
PGEN,"Precigen, Inc.",Stock,Healthcare,Biotechnology,1187081216.0,,,1x,,,,,,,,2026-03-05,4696266.0,1.165,,
CNM,"Core & Main, Inc.",Stock,Industrials,Industrial Distribution,10464514048.0,,,1x,,,,,,,,2026-03-05,2217393.0,0.978,,
XTKG,"X3 Holdings Co., Ltd.",Stock,Technology,Software - Application,11427463.0,,,1x,,,,,,,,2026-03-05,920609.0,1.788,,
CHEK,CHEK,Stock,Unknown,Unknown,,,,1x,,,,,,,,2026-03-05,,,,
CALY,Callaway Golf Company,Stock,Consumer Cyclical,Leisure,2580806656.0,,,1x,,,,,,,,2026-03-05,3075508.0,0.989,,
LPA,Logistic Properties of the Americas,Stock,Real Estate,Real Estate - Development,82838672.0,,,1x,,,,,,,,2026-03-05,21940.0,6.074,,
TPG,TPG Inc.,Stock,Financial Services,Asset Management,17334056960.0,,,1x,,,,,,,,2026-03-05,3075962.0,1.538,,
DOJE,REX-Osprey™ DOGE ETF,ETF,ETF,Unknown,,Unknown,,1x,,,,,,,,2026-03-05,43493.0,,Standard,
GARP,iShares Trust - iShares MSCI USA Quality GARP ETF,ETF,ETF,Unknown,,Unknown,,1x,,,,,,,,2026-03-05,254193.0,,Standard,
PNR,Pentair plc,Stock,Industrials,Specialty Industrial Machinery,15499340800.0,,,1x,,,,,,,,2026-03-05,1694554.0,1.212,,
DARE,"Daré Bioscience, Inc.",Stock,Healthcare,Biotechnology,21499806.0,,,1x,,,,,,,,2026-03-05,157227.0,0.982,,
ZCMD,Zhongchao Inc.,Stock,Healthcare,Health Information Services,6419875.0,,,1x,,,,,,,,2026-03-05,215080.0,-0.027,,
PXF,Invesco RAFI Developed Markets ex-U.S. ETF,ETF,ETF,Foreign Large Value,,Foreign Large Value,,1x,,,,,,,,2026-03-05,132969.0,,Standard,
BOND,PIMCO Active Bond Exchange-Traded Fund,ETF,ETF,Intermediate Core-Plus Bond,,Intermediate Core-Plus Bond,,1x,,,,,,,,2026-03-05,501561.0,,Standard,
OPRA,Opera Limited,Stock,Communication Services,Internet Content & Information,1401199104.0,,,1x,,,,,,,,2026-03-05,716467.0,1.111,,
BCTX,BriaCell Therapeutics Corp.,Stock,Healthcare,Biotechnology,29364474.0,,,1x,,,,,,,,2026-03-05,459779.0,1.805,,
BF B,Brown-Forman Corporation,Stock,Consumer Defensive,Beverages - Wineries & Distilleries,12140719104.0,,,1x,,,,,,,,2026-03-05,5284461.0,0.396,,
PZG,Paramount Gold Nevada Corp.,Stock,Basic Materials,Gold,203666176.0,,,1x,,,,,,,,2026-03-05,1745308.0,1.274,,
IHY,VanEck International High Yield Bond ETF,ETF,ETF,High Yield Bond,,High Yield Bond,,1x,,,,,,,,2026-03-05,19991.0,,Standard,
FI,FI,Stock,Unknown,Unknown,,,,1x,,,,,,,,2026-03-05,,,,
DRTS,Alpha Tau Medical Ltd.,Stock,Healthcare,Biotechnology,604522816.0,,,1x,,,,,,,,2026-03-05,385462.0,1.029,,
JSPR,"Jasper Therapeutics, Inc.",Stock,Healthcare,Biotechnology,38338136.0,,,1x,,,,,,,,2026-03-05,693105.0,3.121,,
ADNT,Adient plc,Stock,Consumer Cyclical,Auto Parts,1780908672.0,,,1x,,,,,,,,2026-03-05,1145188.0,1.519,,
SEIC,SEI Investments Company,Stock,Financial Services,Asset Management,10033908736.0,,,1x,,,,,,,,2026-03-05,706577.0,0.947,,
JAGX,"Jaguar Health, Inc.",Stock,Healthcare,Biotechnology,7174344.0,,,1x,,,,,,,,2026-03-05,3925454.0,0.049,,
YGMZ,YGMZ,Stock,Unknown,Unknown,,,,1x,,,,,,,,2026-03-05,,,,
WBI,WaterBridge Infrastructure LLC,Stock,Energy,Oil & Gas Equipment & Services,1082054016.0,,,1x,,,,,,,,2026-03-05,597845.0,,,
ALKT,"Alkami Technology, Inc.",Stock,Technology,Software - Application,1766692480.0,,,1x,,,,,,,,2026-03-05,1807206.0,0.564,,
LPX,Louisiana-Pacific Corporation,Stock,Industrials,Building Products & Equipment,5584332800.0,,,1x,,,,,,,,2026-03-05,1162667.0,1.748,,
IXN,iShares Global Tech ETF,ETF,ETF,Technology,1568076032.0,Technology,,1x,,,,,,,,2026-03-05,298069.0,,Standard,
AVO,"Mission Produce, Inc.",Stock,Consumer Defensive,Food Distribution,993967808.0,,,1x,,,,,,,,2026-03-05,749559.0,0.634,,
PTON,"Peloton Interactive, Inc.",Stock,Consumer Cyclical,Leisure,1657280000.0,,,1x,,,,,,,,2026-03-05,11718810.0,2.51,,
WBUY,WEBUY GLOBAL LTD.,Stock,Consumer Cyclical,Internet Retail,2190852.0,,,1x,,,,,,,,2026-03-05,799416.0,3.036,,
LVLU,"Lulu's Fashion Lounge Holdings, Inc.",Stock,Consumer Cyclical,Apparel Retail,39970020.0,,,1x,,,,,,,,2026-03-05,455493.0,0.509,,
ODD,Oddity Tech Ltd.,Stock,Consumer Defensive,Household & Personal Products,757618688.0,,,1x,,,,,,,,2026-03-05,1796620.0,3.553,,
CGIB,Capital Group International Bond ETF (USD-Hedged),ETF,ETF,Global Bond-USD Hedged,,Global Bond-USD Hedged,,1x,,,,,,,,2026-03-05,84349.0,,Standard,
SSYS,Stratasys Ltd.,Stock,Technology,Computer Hardware,721507008.0,,,1x,,,,,,,,2026-03-05,981640.0,1.772,,
DBVT,DBV Technologies S.A.,Stock,Healthcare,Biotechnology,1226123008.0,,,1x,,,,,,,,2026-03-05,455144.0,-0.215,,
HDV,iShares Core High Dividend ETF,ETF,ETF,Large Value,,Large Value,,1x,,,,,,,,2026-03-05,726667.0,,Standard,
AQB,"AquaBounty Technologies, Inc.",Stock,Consumer Defensive,Farm Products,3640768.0,,,1x,,,,,,,,2026-03-05,36233.0,1.312,,
DRCT,"Direct Digital Holdings, Inc.",Stock,Communication Services,Advertising Agencies,2757145.0,,,1x,,,,,,,,2026-03-05,2857589.0,6.063,,
CAAS,"China Automotive Systems, Inc.",Stock,Consumer Cyclical,Auto Parts,125510112.0,,,1x,,,,,,,,2026-03-05,25869.0,1.032,,
FAT,FAT Brands Inc.,Stock,Consumer Cyclical,Restaurants,3016438.0,,,1x,,,,,,,,2026-03-05,4150576.0,1.222,,
ELIL,Direxion Daily LLY Bull 2X Shares,ETF,ETF,Trading--Leveraged Equity,,Trading--Leveraged Equity,,2x,,,,,,,,2026-03-05,133711.0,,Leveraged,
LNW,"Light & Wonder, Inc.",Stock,Unknown,Unknown,,,,1x,,,,,,,,2026-03-05,,,,
UNFI,"United Natural Foods, Inc.",Stock,Consumer Defensive,Food Distribution,2297738752.0,,,1x,,,,,,,,2026-03-05,794357.0,0.95,,
WLYB,"John Wiley & Sons, Inc.",Stock,Communication Services,Publishing,1642449792.0,,,1x,,,,,,,,2026-03-05,1564.0,0.955,,
PETS,"PetMed Express, Inc.",Stock,Healthcare,Pharmaceutical Retailers,57888340.0,,,1x,,,,,,,,2026-03-05,2734533.0,0.729,,
CACI,CACI International Inc,Stock,Technology,Information Technology Services,13757339648.0,,,1x,,,,,,,,2026-03-05,288464.0,0.58,,
CHPT,"ChargePoint Holdings, Inc.",Stock,Consumer Cyclical,Specialty Retail,142391584.0,,,1x,,,,,,,,2026-03-05,527794.0,1.438,,
SPDW,State Street SPDR Portfolio Developed World ex-US ETF,ETF,ETF,Foreign Large Blend,,Foreign Large Blend,,1x,,,,,,,,2026-03-05,4981506.0,,Standard,
AXGN,"Axogen, Inc.",Stock,Healthcare,Medical Devices,1476748544.0,,,1x,,,,,,,,2026-03-05,948000.0,1.021,,
IOO,iShares Global 100 ETF,ETF,ETF,Global Large-Stock Blend,5331352576.0,Global Large-Stock Blend,,1x,,,,,,,,2026-03-05,176457.0,,Standard,
GNS,Genius Group Limited,Stock,Consumer Defensive,Education & Training Services,40444232.0,,,1x,,,,,,,,2026-03-05,937066.0,10.872,,
KURE,KraneShares MSCI All China Health Care Index ETF,ETF,ETF,China Region,,China Region,,1x,,,,,,,,2026-03-05,45081.0,,Standard,
ARWR,"Arrowhead Pharmaceuticals, Inc.",Stock,Healthcare,Biotechnology,9108744192.0,,,1x,,,,,,,,2026-03-05,2939710.0,1.3,,
AMZY,YieldMax AMZN Option Income Strategy ETF,ETF,ETF,Derivative Income,,Derivative Income,,1x,,,,,,,,2026-03-05,491150.0,,Standard,
CMBM,Cambium Networks Corporation,Stock,Technology,Communication Equipment,36716948.0,,,1x,,,,,,,,2026-03-05,380830.0,1.998,,
FDIG,Fidelity Crypto Industry and Digital Payments ETF,ETF,ETF,Equity Digital Assets,,Equity Digital Assets,,1x,,,,,,,,2026-03-05,63406.0,,Standard,
SPAI,Safe Pro Group Inc.,Stock,Industrials,Aerospace & Defense,95919160.0,,,1x,,,,,,,,2026-03-05,439410.0,,,
TAP,Molson Coors Beverage Company,Stock,Consumer Defensive,Beverages - Brewers,9339326464.0,,,1x,,,,,,,,2026-03-05,3099935.0,0.449,,
PLD,"Prologis, Inc.",Stock,Real Estate,REIT - Industrial,127498313728.0,,,1x,,,,,,,,2026-03-05,3400757.0,1.416,,
VLY,Valley National Bancorp,Stock,Financial Services,Banks - Regional,6917469184.0,,,1x,,,,,,,,2026-03-05,7695684.0,1.065,,
SHAK,Shake Shack Inc.,Stock,Consumer Cyclical,Restaurants,4204999168.0,,,1x,,,,,,,,2026-03-05,1637176.0,1.766,,
DVYE,iShares Emerging Markets Dividend ETF,ETF,ETF,Diversified Emerging Mkts,,Diversified Emerging Mkts,,1x,,,,,,,,2026-03-05,264013.0,,Standard,
AUMI,Themes Gold Miners ETF,ETF,ETF,Equity Precious Metals,,Equity Precious Metals,,1x,,,,,,,,2026-03-05,9835.0,,Standard,
AIRE,reAlpha Tech Corp.,Stock,Real Estate,Real Estate Services,39457536.0,,,1x,,,,,,,,2026-03-05,4612067.0,-3.381,,
FLYX,"flyExclusive, Inc.",Stock,Industrials,Airlines,81932264.0,,,1x,,,,,,,,2026-03-05,2391279.0,0.245,,
ANEL,Defiance Daily Target 2X Long ANET ETF,ETF,ETF,Trading--Leveraged Equity,,Trading--Leveraged Equity,,2x,,,,,,,,2026-03-05,71216.0,,Leveraged,
CRH,CRH plc,Stock,Basic Materials,Building Materials,75416117248.0,,,1x,,,,,,,,2026-03-05,8038025.0,1.203,,
BVN,Compañía de Minas Buenaventura S.A.A.,Stock,Basic Materials,Other Precious Metals & Mining,9351186432.0,,,1x,,,,,,,,2026-03-05,1804664.0,0.312,,
INSM,Insmed Incorporated,Stock,Healthcare,Biotechnology,31076118528.0,,,1x,,,,,,,,2026-03-05,2999798.0,1.168,,
ESEA,Euroseas Ltd.,Stock,Industrials,Marine Shipping,472595968.0,,,1x,,,,,,,,2026-03-05,41918.0,0.864,,
NGG,National Grid plc,Stock,Utilities,Utilities - Regulated Electric,89383821312.0,,,1x,,,,,,,,2026-03-05,871289.0,0.612,,
SER,"Serina Therapeutics, Inc.",Stock,Healthcare,Biotechnology,17580470.0,,,1x,,,,,,,,2026-03-05,1396947.0,,,
UUU,"Universal Safety Products, Inc",Stock,Industrials,Building Products & Equipment,13534579.0,,,1x,,,,,,,,2026-03-05,145020.0,-0.218,,
IAUI,NEOS Gold High Income ETF,ETF,ETF,Commodities Focused,,Commodities Focused,,1x,,,,,,,,2026-03-05,192654.0,,Standard,
UTHR,United Therapeutics Corporation,Stock,Healthcare,Drug Manufacturers - Specialty & Generic,21038166016.0,,,1x,,,,,,,,2026-03-05,407427.0,0.859,,
STAA,STAAR Surgical Company,Stock,Healthcare,Medical Instruments & Supplies,909197376.0,,,1x,,,,,,,,2026-03-05,1643579.0,1.053,,
XBTY,GraniteShares YieldBOOST Bitcoin ETF,ETF,ETF,Derivative Income,,Derivative Income,,1x,,,,,,,,2026-03-05,52716.0,,Standard,
BTOG,Bit Origin Ltd,Stock,Financial Services,Financial Data & Stock Exchanges,4394447.0,,,1x,,,,,,,,2026-03-05,82901.0,1.959,,
ABLV,Able View Global Inc.,Stock,Consumer Cyclical,Specialty Retail,32503506.0,,,1x,,,,,,,,2026-03-05,17679.0,1.5,,
GOU,GraniteShares 2x Long GOOGL Daily ETF,Stock,Unknown,Unknown,,,,1x,,,,,,,,2026-03-05,24715.0,,,
MANH,"Manhattan Associates, Inc.",Stock,Technology,Software - Application,8941119488.0,,,1x,,,,,,,,2026-03-05,789667.0,1.069,,
MDLN,Medline Inc.,Stock,Healthcare,Medical Instruments & Supplies,35525812224.0,,,1x,,,,,,,,2026-03-05,6333286.0,,,
DCX,Digital Currency X Technology Inc.,Stock,Consumer Cyclical,Auto Manufacturers,3827507.0,,,1x,,,,,,,,2026-03-05,554262.0,-1.523,,
TLX,Telix Pharmaceuticals Limited,Stock,Healthcare,Biotechnology,2396847616.0,,,1x,,,,,,,,2026-03-05,228571.0,1.051,,
PLSE,"Pulse Biosciences, Inc.",Stock,Healthcare,Medical Instruments & Supplies,1249267968.0,,,1x,,,,,,,,2026-03-05,317361.0,1.816,,
MKDW,MKDWELL Tech Inc.,Stock,Consumer Cyclical,Auto Parts,8623256.0,,,1x,,,,,,,,2026-03-05,121845.0,0.706,,
RANI,"Rani Therapeutics Holdings, Inc.",Stock,Healthcare,Biotechnology,163118576.0,,,1x,,,,,,,,2026-03-05,1430247.0,0.413,,
AZTA,"Azenta, Inc.",Stock,Healthcare,Medical Instruments & Supplies,1156144384.0,,,1x,,,,,,,,2026-03-05,776823.0,1.401,,
CVNY,YieldMax CVNA Option Income Strategy ETF,ETF,ETF,Derivative Income,,Derivative Income,,1x,,,,,,,,2026-03-05,69752.0,,Standard,
HEI.A,HEICO Corporation,Stock,Industrials,Aerospace & Defense,37188366336.0,,,1x,,,,,,,,2026-03-05,304561.0,1.025,,
EWG,iShares MSCI Germany ETF,ETF,ETF,Miscellaneous Region,3276194816.0,Miscellaneous Region,,1x,,,,,,,,2026-03-05,2101535.0,,Standard,
CCK,"Crown Holdings, Inc.",Stock,Consumer Cyclical,Packaging & Containers,12688268288.0,,,1x,,,,,,,,2026-03-05,1256523.0,0.706,,
IQLT,iShares MSCI Intl Quality Factor ETF,ETF,ETF,Foreign Large Blend,,Foreign Large Blend,,1x,,,,,,,,2026-03-05,2540803.0,,Standard,
CYPH,Cypherpunk Technologies Inc.,Stock,Financial Services,Asset Management,36495116.0,,,1x,,,,,,,,2026-03-05,3946123.0,-0.1,,
VTR,"Ventas, Inc.",Stock,Real Estate,REIT - Healthcare Facilities,40673648640.0,,,1x,,,,,,,,2026-03-05,3017920.0,0.76,,
INTR,"Inter & Co, Inc.",Stock,Financial Services,Banks - Regional,3621044224.0,,,1x,,,,,,,,2026-03-05,2981562.0,1.196,,
LCDL,GraniteShares 2x Long LCID Daily ETF,ETF,ETF,Trading--Leveraged Equity,,Trading--Leveraged Equity,,2x,,,,,,,,2026-03-05,285396.0,,Leveraged,
MEDP,"Medpace Holdings, Inc.",Stock,Healthcare,Diagnostics & Research,13402635264.0,,,1x,,,,,,,,2026-03-05,310845.0,1.459,,
MSII,REX MSTR Growth & Income ETF,ETF,ETF,Trading--Leveraged Equity,,Trading--Leveraged Equity,,1x,,,,,,,,2026-03-05,14405.0,,Standard,
CNEY,CN Energy Group. Inc.,Stock,Basic Materials,Specialty Chemicals,6242369.0,,,1x,,,,,,,,2026-03-05,1852594.0,0.79,,
MTRN,Materion Corporation,Stock,Basic Materials,Other Industrial Metals & Mining,3207580928.0,,,1x,,,,,,,,2026-03-05,188230.0,0.867,,
BTCO,Invesco Galaxy Bitcoin ETF,ETF,ETF,Digital Assets,,Digital Assets,,1x,,,,,,,,2026-03-05,171706.0,,Standard,
PLG,Platinum Group Metals Ltd.,Stock,Basic Materials,Other Precious Metals & Mining,283831584.0,,,1x,,,,,,,,2026-03-05,4569379.0,1.792,,
QSG,QSG,Stock,Unknown,Unknown,,,,1x,,,,,,,,2026-03-05,,,,
TELA,"TELA Bio, Inc.",Stock,Healthcare,Medical Devices,38652504.0,,,1x,,,,,,,,2026-03-05,169620.0,0.889,,
NVRI,Enviri Corporation,Stock,Industrials,Waste Management,1462256640.0,,,1x,,,,,,,,2026-03-05,1406581.0,1.784,,
CRBP,"Corbus Pharmaceuticals Holdings, Inc.",Stock,Healthcare,Biotechnology,137791328.0,,,1x,,,,,,,,2026-03-05,275976.0,2.912,,
FTRE,Fortrea Holdings Inc.,Stock,Healthcare,Biotechnology,976205952.0,,,1x,,,,,,,,2026-03-05,1628328.0,1.781,,
HTGC,"Hercules Capital, Inc.",Stock,Financial Services,Asset Management,2791252224.0,,,1x,,,,,,,,2026-03-05,2290315.0,0.823,,
BHF,"Brighthouse Financial, Inc.",Stock,Financial Services,Insurance - Life,3477936896.0,,,1x,,,,,,,,2026-03-05,784100.0,0.949,,
ADUR,Aduro Clean Technologies Inc.,Stock,Industrials,Pollution & Treatment Controls,384039136.0,,,1x,,,,,,,,2026-03-05,473837.0,1.203,,
SSKN,"STRATA Skin Sciences, Inc.",Stock,Healthcare,Medical Devices,1321648.0,,,1x,,,,,,,,2026-03-05,481110.0,0.465,,
OMH,Ohmyhome Limited,Stock,Real Estate,Real Estate Services,31049784.0,,,1x,,,,,,,,2026-03-05,494764.0,-0.419,,
PRZO,ParaZero Technologies Ltd.,Stock,Industrials,Aerospace & Defense,26245626.0,,,1x,,,,,,,,2026-03-05,1352728.0,0.022,,
WAY,Waystar Holding Corp.,Stock,Healthcare,Health Information Services,5112148480.0,,,1x,,,,,,,,2026-03-05,2702955.0,,,
EGHT,"8x8, Inc.",Stock,Technology,Software - Application,329585440.0,,,1x,,,,,,,,2026-03-05,1675538.0,1.765,,
AS,"Amer Sports, Inc.",Stock,Consumer Cyclical,Leisure,20064395264.0,,,1x,,,,,,,,2026-03-05,4290615.0,2.796,,
MARO,YieldMax MARA Option Income Strategy ETF,ETF,ETF,Derivative Income,,Derivative Income,,1x,,,,,,,,2026-03-05,226259.0,,Standard,
ELBM,Electra Battery Materials Corporation,Stock,Basic Materials,Other Industrial Metals & Mining,75236888.0,,,1x,,,,,,,,2026-03-05,1101801.0,1.648,,
KBA,KraneShares Bosera MSCI China A 50 Connect Index ETF,ETF,ETF,China Region,,China Region,,1x,,,,,,,,2026-03-05,151493.0,,Standard,
EXI,iShares Global Industrials ETF,ETF,ETF,Industrials,,Industrials,,1x,,,,,,,,2026-03-05,51186.0,,Standard,
MST,Defiance Leveraged Long + Income MSTR ETF,ETF,ETF,Trading--Miscellaneous,,Trading--Miscellaneous,,1x,,,,,,,,2026-03-05,503969.0,,Standard,
CETY,"Clean Energy Technologies, Inc.",Stock,Industrials,Specialty Industrial Machinery,8257251.0,,,1x,,,,,,,,2026-03-05,740845.0,-1.247,,
IP,International Paper Company,Stock,Consumer Cyclical,Packaging & Containers,21842305024.0,,,1x,,,,,,,,2026-03-05,6473566.0,1.038,,
CIGL,Concorde International Group Ltd.,Stock,Industrials,Security & Protection Services,49653264.0,,,1x,,,,,,,,2026-03-05,406425.0,,,
AGPU,Axe Compute Inc.,Stock,Technology,Software - Infrastructure,6170771.0,,,1x,,,,,,,,2026-03-05,143123.0,1.444,,
LXEO,"Lexeo Therapeutics, Inc.",Stock,Healthcare,Biotechnology,499963200.0,,,1x,,,,,,,,2026-03-05,1142452.0,1.798,,
AAPB,GraniteShares 2x Long AAPL Daily ETF,ETF,ETF,Trading--Leveraged Equity,,Trading--Leveraged Equity,,2x,,,,,,,,2026-03-05,172774.0,,Leveraged,
YOU,"Clear Secure, Inc.",Stock,Technology,Software - Application,6371313664.0,,,1x,,,,,,,,2026-03-05,1727928.0,1.103,,
CENN,Cenntro Inc.,Stock,Consumer Cyclical,Auto Manufacturers,10303384.0,,,1x,,,,,,,,2026-03-05,2511272.0,2.178,,
METV,Roundhill Ball Metaverse ETF,ETF,ETF,Technology,,Technology,,1x,,,,,,,,2026-03-05,77111.0,,Standard,
HUBC,HUB Cyber Security Ltd.,Stock,Technology,Software - Infrastructure,2729667.0,,,1x,,,,,,,,2026-03-05,272279.0,-0.801,,
NOVT,Novanta Inc.,Stock,Technology,Scientific & Technical Instruments,4943807488.0,,,1x,,,,,,,,2026-03-05,447298.0,1.632,,
ABP,Abpro Corporation,Stock,Healthcare,Biotechnology,1417897.0,,,1x,,,,,,,,2026-03-05,1719761.0,-0.004,,
MIST,Milestone Pharmaceuticals Inc.,Stock,Healthcare,Biotechnology,137548496.0,,,1x,,,,,,,,2026-03-05,4870450.0,0.541,,
MUB,iShares National Muni Bond ETF,ETF,ETF,Muni National Interm,,Muni National Interm,,1x,,,,,,,,2026-03-05,3587006.0,,Standard,
IDXX,"IDEXX Laboratories, Inc.",Stock,Healthcare,Diagnostics & Research,49733804032.0,,,1x,,,,,,,,2026-03-05,511242.0,1.696,,
MSFX,T-Rex 2X Long Microsoft Daily Target ETF,ETF,ETF,Trading--Leveraged Equity,,Trading--Leveraged Equity,,2x,,,,,,,,2026-03-05,169520.0,,Leveraged,
PTRN,Pattern Group Inc.,Stock,Technology,Software - Application,2222725120.0,,,1x,,,,,,,,2026-03-05,977030.0,,,
SAVA,"Cassava Sciences, Inc.",Stock,Healthcare,Biotechnology,102953792.0,,,1x,,,,,,,,2026-03-05,822005.0,-0.84,,
GEMG,Leverage Shares 2X Long GEMI Daily ETF,ETF,ETF,Trading--Leveraged Equity,,Trading--Leveraged Equity,,2x,,,,,,,,2026-03-05,59684.0,,Leveraged,
BNKK,"Bonk, Inc.",Stock,Financial Services,Asset Management,18417934.0,,,1x,,,,,,,,2026-03-05,1508014.0,2.049,,
WEBL,Direxion Daily Dow Jones Internet Bull 3X Shares,ETF,ETF,Trading--Leveraged Equity,,Trading--Leveraged Equity,,3x,,,,,,,,2026-03-05,241035.0,,Leveraged,
TYGO,"Tigo Energy, Inc.",Stock,Technology,Solar,259599152.0,,,1x,,,,,,,,2026-03-05,765728.0,1.198,,
XHB,State Street SPDR S&P Homebuilders ETF,ETF,ETF,Consumer Cyclical,,Consumer Cyclical,,1x,,,,,,,,2026-03-05,2482942.0,,Standard,
UCYB,ProShares Ultra Nasdaq Cybersecurity,ETF,ETF,Trading--Leveraged Equity,,Trading--Leveraged Equity,,2x,,,,,,,,2026-03-05,2528.0,,Leveraged,
RJF,"Raymond James Financial, Inc.",Stock,Financial Services,Asset Management,30606845952.0,,,1x,,,,,,,,2026-03-05,1384137.0,1.007,,
ALGN,"Align Technology, Inc.",Stock,Healthcare,Medical Instruments & Supplies,12761225216.0,,,1x,,,,,,,,2026-03-05,1155384.0,1.823,,
AURE,Aurelion Inc.,Stock,Financial Services,Capital Markets,94454816.0,,,1x,,,,,,,,2026-03-05,96211.0,,,
PMI,"Picard Medical, Inc.",Stock,Healthcare,Medical Devices,77754736.0,,,1x,,,,,,,,2026-03-05,893367.0,,,
PRPH,"ProPhase Labs, Inc.",Stock,Healthcare,Diagnostics & Research,663181.0,,,1x,,,,,,,,2026-03-05,1158878.0,-0.517,,
ATLC,Atlanticus Holdings Corporation,Stock,Financial Services,Credit Services,874574720.0,,,1x,,,,,,,,2026-03-05,65347.0,1.936,,
RDN,Radian Group Inc.,Stock,Financial Services,Insurance - Specialty,4702760960.0,,,1x,,,,,,,,2026-03-05,1182694.0,0.765,,
CMPS,COMPASS Pathways plc,Stock,Healthcare,Medical Care Facilities,798024832.0,,,1x,,,,,,,,2026-03-05,2587630.0,1.981,,
FSEA,"First Seacoast Bancorp, Inc.",Stock,Financial Services,Banks - Regional,61508868.0,,,1x,,,,,,,,2026-03-05,3452.0,-0.032,,
TKR,The Timken Company,Stock,Industrials,Tools & Accessories,7310843904.0,,,1x,,,,,,,,2026-03-05,793181.0,1.181,,
VECO,Veeco Instruments Inc.,Stock,Technology,Semiconductor Equipment & Materials,1880364672.0,,,1x,,,,,,,,2026-03-05,814722.0,1.192,,
AME,"AMETEK, Inc.",Stock,Industrials,Specialty Industrial Machinery,52919267328.0,,,1x,,,,,,,,2026-03-05,1377176.0,1.013,,
WYFI,"WhiteFiber, Inc.",Stock,Technology,Software - Application,637411392.0,,,1x,,,,,,,,2026-03-05,1036018.0,,,
EZRA,"Reliance Global Group, Inc.",Stock,Financial Services,Insurance Brokers,2382893.0,,,1x,,,,,,,,2026-03-05,16450922.0,0.022,,
IFRA,iShares U.S. Infrastructure ETF,ETF,ETF,Infrastructure,,Infrastructure,,1x,,,,,,,,2026-03-05,267754.0,,Standard,
DBRG,"DigitalBridge Group, Inc.",Stock,Financial Services,Asset Management,3013548032.0,,,1x,,,,,,,,2026-03-05,6345259.0,1.668,,
PRFX,PRF Technologies Ltd.,Stock,Healthcare,Drug Manufacturers - Specialty & Generic,2260169.0,,,1x,,,,,,,,2026-03-05,546250.0,0.612,,
AMC,"AMC Entertainment Holdings, Inc.",Stock,Communication Services,Entertainment,640964224.0,,,1x,,,,,,,,2026-03-05,35875850.0,2.001,,
INLX,"Intellinetics, Inc.",Stock,Technology,Software - Application,33593424.0,,,1x,,,,,,,,2026-03-05,2074.0,0.349,,
AMDG,Leverage Shares 2X Long AMD Daily ETF,ETF,ETF,Trading--Leveraged Equity,,Trading--Leveraged Equity,,2x,,,,,,,,2026-03-05,148981.0,,Leveraged,
SOPA,Society Pass Incorporated,Stock,Communication Services,Advertising Agencies,9238753.0,,,1x,,,,,,,,2026-03-05,6058847.0,1.879,,
FINV,FinVolution Group,Stock,Financial Services,Credit Services,1370682624.0,,,1x,,,,,,,,2026-03-05,1145438.0,0.279,,
MXL,"MaxLinear, Inc.",Stock,Technology,Semiconductors,1479658880.0,,,1x,,,,,,,,2026-03-05,1161850.0,1.759,,
KLIP,KraneShares KWEB Covered Call Strategy ETF,ETF,ETF,Derivative Income,,Derivative Income,,1x,,,,,,,,2026-03-05,48084.0,,Standard,
XRPN,Armada Acquisition Corp. II,Stock,Financial Services,Shell Companies,407326432.0,,,1x,,,,,,,,2026-03-05,124323.0,,,
WY,Weyerhaeuser Company,Stock,Real Estate,REIT - Specialty,17797914624.0,,,1x,,,,,,,,2026-03-05,7363533.0,1.032,,
SLI,Standard Lithium Ltd.,Stock,Basic Materials,Other Industrial Metals & Mining,1019825728.0,,,1x,,,,,,,,2026-03-05,3222083.0,2.028,,
GCL,GCL Global Holdings Ltd,Stock,Communication Services,Electronic Gaming & Multimedia,66274660.0,,,1x,,,,,,,,2026-03-05,962067.0,0.44,,
TWG,Top Wealth Group Holding Limited,Stock,Consumer Defensive,Food Distribution,97692832.0,,,1x,,,,,,,,2026-03-05,1468423.0,,,
FLQM,Franklin U.S. Mid Cap Multifactor Index ETF,ETF,ETF,Mid-Cap Blend,,Mid-Cap Blend,,1x,,,,,,,,2026-03-05,139018.0,,Standard,
XRAY,DENTSPLY SIRONA Inc.,Stock,Healthcare,Medical Instruments & Supplies,2632696320.0,,,1x,,,,,,,,2026-03-05,4633420.0,0.93,,
IJH,iShares Core S&P Mid-Cap ETF,ETF,ETF,Mid-Cap Blend,18078797824.0,Mid-Cap Blend,,1x,,,,,,,,2026-03-05,14964103.0,,Standard,
EFV,iShares MSCI EAFE Value ETF,ETF,ETF,Foreign Large Value,,Foreign Large Value,,1x,,,,,,,,2026-03-05,2710059.0,,Standard,
EPU,iShares MSCI Peru ETF,ETF,ETF,Miscellaneous Region,,Miscellaneous Region,,1x,,,,,,,,2026-03-05,151498.0,,Standard,
ORLA,Orla Mining Ltd.,Stock,Basic Materials,Gold,6400245760.0,,,1x,,,,,,,,2026-03-05,2671271.0,1.105,,
ICOW,Pacer Developed Markets International Cash Cows 100 ETF,ETF,ETF,Foreign Large Value,,Foreign Large Value,,1x,,,,,,,,2026-03-05,225477.0,,Standard,
RBLU,T-Rex 2X Long RBLX Daily Target ETF,ETF,ETF,Trading--Leveraged Equity,,Trading--Leveraged Equity,,2x,,,,,,,,2026-03-05,134854.0,,Leveraged,
ACON,"Aclarion, Inc.",Stock,Healthcare,Health Information Services,3086354.0,,,1x,,,,,,,,2026-03-05,906445.0,1.441,,
OLN,Olin Corporation,Stock,Basic Materials,Chemicals,2932965632.0,,,1x,,,,,,,,2026-03-05,3023410.0,1.506,,
TUYA,Tuya Inc.,Stock,Technology,Software - Infrastructure,1504429696.0,,,1x,,,,,,,,2026-03-05,1383313.0,0.403,,
HCWC,Healthy Choice Wellness Corp.,Stock,Consumer Defensive,Packaged Foods,4786675.0,,,1x,,,,,,,,2026-03-05,1488074.0,,,
SHLS,"Shoals Technologies Group, Inc.",Stock,Technology,Solar,979584384.0,,,1x,,,,,,,,2026-03-05,4768733.0,1.765,,
CNH,CNH Industrial N.V.,Stock,Industrials,Farm & Heavy Construction Machinery,14277090304.0,,,1x,,,,,,,,2026-03-05,13012342.0,1.319,,
MAA,"Mid-America Apartment Communities, Inc.",Stock,Real Estate,REIT - Residential,15989541888.0,,,1x,,,,,,,,2026-03-05,1020718.0,0.768,,
EUAD,Select STOXX Europe Aerospace & Defense ETF,ETF,ETF,Industrials,,Industrials,,1x,,,,,,,,2026-03-05,573154.0,,Standard,
INV,"Innventure, Inc.",Stock,Financial Services,Asset Management,252568000.0,,,1x,,,,,,,,2026-03-05,1863738.0,0.106,,
MOAT,VanEck Morningstar Wide Moat ETF,ETF,ETF,Large Blend,,Large Blend,,1x,,,,,,,,2026-03-05,899589.0,,Standard,
AVIV,Avantis International Large Cap Value ETF,ETF,ETF,Foreign Large Value,,Foreign Large Value,,1x,,,,,,,,2026-03-05,75259.0,,Standard,
IMMX,"Immix Biopharma, Inc.",Stock,Healthcare,Biotechnology,448000384.0,,,1x,,,,,,,,2026-03-05,1089610.0,0.256,,
TPH,"Tri Pointe Homes, Inc.",Stock,Consumer Cyclical,Residential Construction,3989531648.0,,,1x,,,,,,,,2026-03-05,1946077.0,1.335,,
KIDZ,"Classover Holdings, Inc.",Stock,Consumer Defensive,Education & Training Services,2324045.0,,,1x,,,,,,,,2026-03-05,19071615.0,-0.291,,
IBP,"Installed Building Products, Inc.",Stock,Consumer Cyclical,Residential Construction,8551727104.0,,,1x,,,,,,,,2026-03-05,319552.0,1.932,,
ACRS,"Aclaris Therapeutics, Inc.",Stock,Healthcare,Biotechnology,328242720.0,,,1x,,,,,,,,2026-03-05,1927837.0,0.868,,
FERG,Ferguson Enterprises Inc.,Stock,Industrials,Industrial Distribution,48771764224.0,,,1x,,,,,,,,2026-03-05,1433252.0,1.151,,
STSS,"Sharps Technology, Inc.",Stock,Healthcare,Medical Instruments & Supplies,54511356.0,,,1x,,,,,,,,2026-03-05,606213.0,2.204,,
RPID,"Rapid Micro Biosystems, Inc.",Stock,Healthcare,Medical Devices,188370864.0,,,1x,,,,,,,,2026-03-05,237194.0,1.393,,
YETI,"YETI Holdings, Inc.",Stock,Consumer Cyclical,Leisure,3416291072.0,,,1x,,,,,,,,2026-03-05,1633561.0,1.77,,
KOMP,State Street SPDR S&P Kensho New Economies Composite ETF,ETF,ETF,Mid-Cap Growth,,Mid-Cap Growth,,1x,,,,,,,,2026-03-05,86577.0,,Standard,
HTZ,"Hertz Global Holdings, Inc.",Stock,Industrials,Rental & Leasing Services,1371232128.0,,,1x,,,,,,,,2026-03-05,5875301.0,2.138,,
VVPR,VivoPower International PLC,Stock,Technology,Solar,36099028.0,,,1x,,,,,,,,2026-03-05,872874.0,-1.662,,
LLYZ,Defiance Daily Target 2X Short LLY ETF,ETF,ETF,Trading--Inverse Equity,,Trading--Inverse Equity,,-2x,,,,,,,,2026-03-05,87899.0,,Inverse Leveraged,
GLPI,"Gaming and Leisure Properties, Inc.",Stock,Real Estate,REIT - Specialty,13968501760.0,,,1x,,,,,,,,2026-03-05,2708425.0,0.681,,
XPO,"XPO, Inc.",Stock,Industrials,Trucking,25057431552.0,,,1x,,,,,,,,2026-03-05,1810198.0,1.722,,
DHR,Danaher Corporation,Stock,Healthcare,Diagnostics & Research,143450292224.0,,,1x,,,,,,,,2026-03-05,3850106.0,0.964,,
BOTT,Themes Humanoid Robotics ETF,ETF,ETF,Global Small/Mid Stock,,Global Small/Mid Stock,,1x,,,,,,,,2026-03-05,24520.0,,Standard,
SSB,SouthState Bank Corporation,Stock,Financial Services,Banks - Regional,9761800192.0,,,1x,,,,,,,,2026-03-05,860988.0,0.734,,
COCH,"Envoy Medical, Inc.",Stock,Healthcare,Medical Devices,53816776.0,,,1x,,,,,,,,2026-03-05,708467.0,2.064,,
ADEA,Adeia Inc.,Stock,Technology,Software - Application,2257552640.0,,,1x,,,,,,,,2026-03-05,799822.0,0.948,,
ALEX,"Alexander & Baldwin, Inc.",Stock,Real Estate,REIT - Retail,1517632128.0,,,1x,,,,,,,,2026-03-05,1040800.0,0.946,,
EWS,iShares MSCI Singapore ETF,ETF,ETF,Miscellaneous Region,674063040.0,Miscellaneous Region,,1x,,,,,,,,2026-03-05,885005.0,,Standard,
KTTA,Pasithea Therapeutics Corp.,Stock,Healthcare,Biotechnology,19151726.0,,,1x,,,,,,,,2026-03-05,278379.0,0.199,,
IMNM,"Immunome, Inc.",Stock,Healthcare,Biotechnology,2415195136.0,,,1x,,,,,,,,2026-03-05,2081176.0,2.195,,
PLRZ,Polyrizon Ltd.,Stock,Healthcare,Biotechnology,13802220.0,,,1x,,,,,,,,2026-03-05,145698.0,,,
SNPX,Tradr 2X Long SNPS Daily ETF,ETF,ETF,Trading--Leveraged Equity,,Trading--Leveraged Equity,,2x,,,,,,,,2026-03-05,14384.0,,Leveraged,
XRPC,Canary XRP ETF,ETF,ETF,Digital Assets,,Digital Assets,,1x,,,,,,,,2026-03-05,248250.0,,Standard,
SWX,"Southwest Gas Holdings, Inc.",Stock,Utilities,Utilities - Regulated Gas,6376365056.0,,,1x,,,,,,,,2026-03-05,646125.0,0.603,,
PVLA,"Palvella Therapeutics, Inc.",Stock,Healthcare,Biotechnology,1599228160.0,,,1x,,,,,,,,2026-03-05,323515.0,,,
DAPP,VanEck Digital Transformation ETF,ETF,ETF,Equity Digital Assets,,Equity Digital Assets,,1x,,,,,,,,2026-03-05,631927.0,,Standard,
BLNE,"Beeline Holdings, Inc.",Stock,Financial Services,Mortgage Finance,79961760.0,,,1x,,,,,,,,2026-03-05,849291.0,,,
JPIE,JPMorgan Income ETF,ETF,ETF,Multisector Bond,,Multisector Bond,,1x,,,,,,,,2026-03-05,1484257.0,,Standard,
AUDC,AudioCodes Ltd.,Stock,Technology,Communication Equipment,231425216.0,,,1x,,,,,,,,2026-03-05,139901.0,1.122,,
SCHE,Schwab Emerging Markets Equity ETF,ETF,ETF,Diversified Emerging Mkts,,Diversified Emerging Mkts,,1x,,,,,,,,2026-03-05,2331600.0,,Standard,
HVMC,Highview Merger Corp.,Stock,Unknown,Unknown,295864608.0,,,1x,,,,,,,,2026-03-05,46403.0,,,
QMMM,QMMM Holdings Limited,Stock,Communication Services,Advertising Agencies,6830437376.0,,,1x,,,,,,,,2026-03-05,0.0,,,
CMS,CMS Energy Corporation,Stock,Utilities,Utilities - Regulated Electric,23632711680.0,,,1x,,,,,,,,2026-03-05,2951798.0,0.432,,
FBLG,"FibroBiologics, Inc.",Stock,Healthcare,Biotechnology,28964338.0,,,1x,,,,,,,,2026-03-05,1930630.0,-0.669,,
PCOR,"Procore Technologies, Inc.",Stock,Technology,Software - Application,9068557312.0,,,1x,,,,,,,,2026-03-05,2157854.0,0.898,,
H,Hyatt Hotels Corporation,Stock,Consumer Cyclical,Lodging,14994631680.0,,,1x,,,,,,,,2026-03-05,869927.0,1.256,,
PAC,"Grupo Aeroportuario del Pacífico, S.A.B. de C.V.",Stock,Industrials,Airports & Air Services,12629282816.0,,,1x,,,,,,,,2026-03-05,97206.0,0.387,,
FOXA,Fox Corporation,Stock,Communication Services,Entertainment,24758050816.0,,,1x,,,,,,,,2026-03-05,3919000.0,0.537,,
TEAD,Teads Holding Co.,Stock,Communication Services,Internet Content & Information,75364664.0,,,1x,,,,,,,,2026-03-05,2000049.0,1.257,,
TSII,REX TSLA Growth & Income ETF,ETF,ETF,Trading--Leveraged Equity,,Trading--Leveraged Equity,,1x,,,,,,,,2026-03-05,81016.0,,Standard,
JEDI,Defiance Drone and Modern Warfare ETF,ETF,ETF,Technology,,Technology,,1x,,,,,,,,2026-03-05,86977.0,,Standard,
PN,Skycorp Solar Group Ltd,Stock,Technology,Solar,14253299.0,,,1x,,,,,,,,2026-03-05,768577.0,,,
MASK,3 E Network Technology Group Limited,Stock,Technology,Software - Application,3560629.0,,,1x,,,,,,,,2026-03-05,10040081.0,,,
VNRX,VolitionRx Limited,Stock,Healthcare,Medical Devices,27221518.0,,,1x,,,,,,,,2026-03-05,2259638.0,1.361,,
OXLC,Oxford Lane Capital Corp.,Stock,Financial Services,Asset Management,814744384.0,,,1x,,,,,,,,2026-03-05,1855705.0,0.771,,
PLNT,"Planet Fitness, Inc.",Stock,Consumer Cyclical,Leisure,6726417920.0,,,1x,,,,,,,,2026-03-05,1823318.0,1.296,,
SLNH,"Soluna Holdings, Inc.",Stock,Financial Services,Capital Markets,86765256.0,,,1x,,,,,,,,2026-03-05,5327793.0,4.323,,
UPB,"Upstream Bio, Inc.",Stock,Healthcare,Biotechnology,406910624.0,,,1x,,,,,,,,2026-03-05,1212486.0,,,
EKSO,"Ekso Bionics Holdings, Inc.",Stock,Healthcare,Medical Instruments & Supplies,39909868.0,,,1x,,,,,,,,2026-03-05,2185654.0,0.837,,
CSWC,Capital Southwest Corporation,Stock,Financial Services,Asset Management,1363229312.0,,,1x,,,,,,,,2026-03-05,617759.0,0.796,,
ETHZ,"Forum Markets, Incorporated",Stock,Technology,Software - Application,67113176.0,,,1x,,,,,,,,2026-03-05,733955.0,1.01,,
ULS,UL Solutions Inc.,Stock,Industrials,Specialty Business Services,16267330560.0,,,1x,,,,,,,,2026-03-05,1380723.0,,,
PVH,PVH Corp.,Stock,Consumer Cyclical,Apparel Manufacturing,3174462208.0,,,1x,,,,,,,,2026-03-05,914657.0,1.673,,
VRSN,"VeriSign, Inc.",Stock,Technology,Software - Infrastructure,22054719488.0,,,1x,,,,,,,,2026-03-05,768655.0,0.765,,
CVI,"CVR Energy, Inc.",Stock,Energy,Oil & Gas Refining & Marketing,2775650048.0,,,1x,,,,,,,,2026-03-05,1350054.0,1.141,,
COUR,"Coursera, Inc.",Stock,Consumer Defensive,Education & Training Services,1087472000.0,,,1x,,,,,,,,2026-03-05,5177855.0,1.357,,
HEI,HEICO Corporation,Stock,Industrials,Aerospace & Defense,43842899968.0,,,1x,,,,,,,,2026-03-05,581759.0,1.025,,
CGC,Canopy Growth Corporation,Stock,Healthcare,Drug Manufacturers - Specialty & Generic,441907168.0,,,1x,,,,,,,,2026-03-05,26805144.0,2.344,,
SMLR,"Semler Scientific, Inc.",Stock,Healthcare,Medical Devices,311112768.0,,,1x,,,,,,,,2026-03-05,541105.0,1.319,,
CAPR,"Capricor Therapeutics, Inc.",Stock,Healthcare,Biotechnology,1372221952.0,,,1x,,,,,,,,2026-03-05,1299145.0,0.477,,
CHOW,ChowChow Cloud International Holdings Limited,Stock,Technology,Software - Infrastructure,17342910.0,,,1x,,,,,,,,2026-03-05,9702596.0,,,
RVMD,"Revolution Medicines, Inc.",Stock,Healthcare,Biotechnology,19299117056.0,,,1x,,,,,,,,2026-03-05,3492352.0,1.007,,
BFH,"Bread Financial Holdings, Inc.",Stock,Financial Services,Credit Services,3402215936.0,,,1x,,,,,,,,2026-03-05,880445.0,1.204,,
ICPY,"Tweedy, Browne International Insider + Value ETF",Stock,Unknown,Unknown,,,,1x,,,,,,,,2026-03-05,57120.0,,,
SLGB,Smart Logistics Global Limited,Stock,Industrials,Integrated Freight & Logistics,48954000.0,,,1x,,,,,,,,2026-03-05,3186350.0,,,
TKO,"TKO Group Holdings, Inc.",Stock,Communication Services,Entertainment,16572116992.0,,,1x,,,,,,,,2026-03-05,992111.0,0.167,,
MTSR,"Metsera, Inc.",Stock,Healthcare,Biotechnology,7429021696.0,,,1x,,,,,,,,2026-03-05,3501952.0,,,
MGV,Vanguard Mega Cap Value Index Fund,ETF,ETF,Large Value,,Large Value,,1x,,,,,,,,2026-03-05,250037.0,,Standard,
CSEX,Tradr 2X Long CLS Daily ETF,ETF,ETF,Trading--Leveraged Equity,,Trading--Leveraged Equity,,2x,,,,,,,,2026-03-05,164347.0,,Leveraged,
TREX,"Trex Company, Inc.",Stock,Industrials,Building Products & Equipment,4270402560.0,,,1x,,,,,,,,2026-03-05,1993118.0,1.6,,
AMPY,Amplify Energy Corp.,Stock,Energy,Oil & Gas E&P,244272624.0,,,1x,,,,,,,,2026-03-05,633606.0,-0.132,,
WAT,Waters Corporation,Stock,Healthcare,Diagnostics & Research,31585859584.0,,,1x,,,,,,,,2026-03-05,943833.0,1.203,,
HAS,"Hasbro, Inc.",Stock,Consumer Cyclical,Leisure,13459724288.0,,,1x,,,,,,,,2026-03-05,1891320.0,0.526,,
COIW,Roundhill COIN WeeklyPay ETF,ETF,ETF,Trading--Miscellaneous,,Trading--Miscellaneous,,1x,,,,,,,,2026-03-05,135364.0,,Standard,
HUMN,Roundhill Humanoid Robotics ETF,ETF,ETF,Technology,,Technology,,1x,,,,,,,,2026-03-05,52238.0,,Standard,
NG,NovaGold Resources Inc.,Stock,Basic Materials,Gold,5280206848.0,,,1x,,,,,,,,2026-03-05,3740615.0,2.002,,
USMV,iShares MSCI USA Min Vol Factor ETF,ETF,ETF,Large Blend,,Large Blend,,1x,,,,,,,,2026-03-05,2463669.0,,Standard,
IMAB,IMAB,Stock,Unknown,Unknown,,,,1x,,,,,,,,2026-03-05,,,,
MSCI,MSCI Inc.,Stock,Financial Services,Financial Data & Stock Exchanges,43037675520.0,,,1x,,,,,,,,2026-03-05,655023.0,1.301,,
INFL,Horizon Kinetics Inflation Beneficiaries ETF,ETF,ETF,Global Small/Mid Stock,,Global Small/Mid Stock,,1x,,,,,,,,2026-03-05,284452.0,,Standard,
RMSG,Real Messenger Corporation,Stock,Unknown,Unknown,4978023.0,,,1x,,,,,,,,2026-03-05,587428.0,,,
HURA,"TuHURA Biosciences, Inc.",Stock,Healthcare,Biotechnology,88625408.0,,,1x,,,,,,,,2026-03-05,1668213.0,,,
TNMG,TNL Mediagene,Stock,Communication Services,Publishing,116302584.0,,,1x,,,,,,,,2026-03-05,719984.0,1.238,,
FATBP,FAT Brands Inc.,Stock,Consumer Cyclical,Restaurants,,,,1x,,,,,,,,2026-03-05,809338.0,1.222,,
PRCH,"Porch Group, Inc.",Stock,Financial Services,Insurance - Property & Casualty,876796416.0,,,1x,,,,,,,,2026-03-05,1714230.0,3.082,,
DFIV,Dimensional International Value ETF,ETF,ETF,Foreign Large Value,,Foreign Large Value,,1x,,,,,,,,2026-03-05,1456325.0,,Standard,
AXIL,"AXIL Brands, Inc.",Stock,Technology,Consumer Electronics,44217660.0,,,1x,,,,,,,,2026-03-05,526701.0,0.157,,
DBEF,Xtrackers MSCI EAFE Hedged Equity ETF,ETF,ETF,Foreign Large Blend,,Foreign Large Blend,,1x,,,,,,,,2026-03-05,780961.0,,Standard,
OTLK,"Outlook Therapeutics, Inc.",Stock,Healthcare,Biotechnology,32961640.0,,,1x,,,,,,,,2026-03-05,5719530.0,-0.076,,
AHMA,Ambitions Enterprise Management Co. L.L.C,Stock,Consumer Cyclical,Travel Services,172529856.0,,,1x,,,,,,,,2026-03-05,1004240.0,,,
CHR,"Cheer Holding, Inc.",Stock,Communication Services,Advertising Agencies,5422926.0,,,1x,,,,,,,,2026-03-05,283777.0,1.061,,
SFM,"Sprouts Farmers Market, Inc.",Stock,Consumer Defensive,Grocery Stores,7362103296.0,,,1x,,,,,,,,2026-03-05,2842610.0,0.7,,
RXST,"RxSight, Inc.",Stock,Healthcare,Medical Devices,320298624.0,,,1x,,,,,,,,2026-03-05,958067.0,1.151,,
FMC,FMC Corporation,Stock,Basic Materials,Agricultural Inputs,1744079488.0,,,1x,,,,,,,,2026-03-05,4381823.0,0.645,,
AGRI,AGRI,Stock,Unknown,Unknown,,,,1x,,,,,,,,2026-03-05,,,,
COMM,"CommScope Holding Company, Inc.",Stock,Technology,Communication Equipment,4337923584.0,,,1x,,,,,,,,2026-03-05,4368004.0,2.4,,
MNDR,Mobile-health Network Solutions,Stock,Healthcare,Health Information Services,2290354.0,,,1x,,,,,,,,2026-03-05,751093.0,,,
NEGG,"Newegg Commerce, Inc.",Stock,Consumer Cyclical,Internet Retail,893172032.0,,,1x,,,,,,,,2026-03-05,86206.0,4.357,,
ZDGE,"Zedge, Inc.",Stock,Communication Services,Internet Content & Information,41176984.0,,,1x,,,,,,,,2026-03-05,991688.0,1.302,,
BTGD,STKd 100% Bitcoin & 100% Gold ETF,ETF,ETF,Digital Assets,,Digital Assets,,1x,,,,,,,,2026-03-05,121291.0,,Standard,
ATMV,ATMV,Stock,Unknown,Unknown,,,,1x,,,,,,,,2026-03-05,,,,
SHC,Sotera Health Company,Stock,Healthcare,Diagnostics & Research,4326313984.0,,,1x,,,,,,,,2026-03-05,1852596.0,1.876,,
BGL,Blue Gold Limited,Stock,Basic Materials,Gold,62562928.0,,,1x,,,,,,,,2026-03-05,1429676.0,3.42,,
ARDX,"Ardelyx, Inc.",Stock,Healthcare,Biotechnology,1567131008.0,,,1x,,,,,,,,2026-03-05,4666169.0,0.616,,
MSDD,GraniteShares 2x Short MSTR Daily ETF,ETF,ETF,Trading--Inverse Equity,,Trading--Inverse Equity,,-2x,,,,,,,,2026-03-05,7796.0,,Inverse Leveraged,
IGRO,iShares International Dividend Growth ETF,ETF,ETF,Foreign Large Blend,,Foreign Large Blend,,1x,,,,,,,,2026-03-05,67430.0,,Standard,
UROY,Uranium Royalty Corp.,Stock,Energy,Uranium,545801408.0,,,1x,,,,,,,,2026-03-05,2704201.0,1.691,,
NKTR,Nektar Therapeutics,Stock,Healthcare,Biotechnology,2036069632.0,,,1x,,,,,,,,2026-03-05,1176432.0,1.231,,
ZG,"Zillow Group, Inc.",Stock,Communication Services,Internet Content & Information,11413449728.0,,,1x,,,,,,,,2026-03-05,1100840.0,2.14,,
AMH,American Homes 4 Rent,Stock,Real Estate,REIT - Residential,12615339008.0,,,1x,,,,,,,,2026-03-05,4372271.0,0.794,,
BCAB,"BioAtla, Inc.",Stock,Healthcare,Biotechnology,12491162.0,,,1x,,,,,,,,2026-03-05,2473255.0,1.077,,
VNQI,Vanguard Global ex-U.S. Real Estate Index Fund ETF Shares,ETF,ETF,Global Real Estate,,Global Real Estate,,1x,,,,,,,,2026-03-05,384413.0,,Standard,
TVRD,"Tvardi Therapeutics, Inc.",Stock,Healthcare,Biotechnology,37619192.0,,,1x,,,,,,,,2026-03-05,90369.0,,,
CDT,CDT Equity Inc.,Stock,Healthcare,Biotechnology,2520847.0,,,1x,,,,,,,,2026-03-05,721606.0,1.81,,
GRI,"GRI Bio, Inc.",Stock,Healthcare,Biotechnology,3441336.0,,,1x,,,,,,,,2026-03-05,416016.0,-1.204,,
CLX,The Clorox Company,Stock,Consumer Defensive,Household & Personal Products,14074095616.0,,,1x,,,,,,,,2026-03-05,2306322.0,0.568,,
TIL,"Instil Bio, Inc.",Stock,Healthcare,Biotechnology,57443340.0,,,1x,,,,,,,,2026-03-05,130140.0,2.052,,
FEED,"ENvue Medical, Inc.",Stock,Healthcare,Medical Devices,1860808.0,,,1x,,,,,,,,2026-03-05,10365061.0,2.28,,
IMRX,Immuneering Corporation,Stock,Healthcare,Biotechnology,323495552.0,,,1x,,,,,,,,2026-03-05,1742111.0,0.451,,
CVNX,Defiance Daily Target 2X Long CVNA ETF,ETF,ETF,Trading--Leveraged Equity,,Trading--Leveraged Equity,,2x,,,,,,,,2026-03-05,81115.0,,Leveraged,
WWR,"Westwater Resources, Inc.",Stock,Basic Materials,Other Industrial Metals & Mining,98650992.0,,,1x,,,,,,,,2026-03-05,2257398.0,1.608,,
GPUS,"Hyperscale Data, Inc.",Stock,Industrials,Aerospace & Defense,69185640.0,,,1x,,,,,,,,2026-03-05,39644208.0,2.666,,
TTI,"TETRA Technologies, Inc.",Stock,Industrials,Conglomerates,1147560192.0,,,1x,,,,,,,,2026-03-05,2072111.0,1.237,,
CUPR,Cuprina Holdings (Cayman) Limited,Stock,Healthcare,Medical Instruments & Supplies,7839975.0,,,1x,,,,,,,,2026-03-05,215096.0,,,
WF,Woori Financial Group Inc.,Stock,Financial Services,Banks - Regional,16544832512.0,,,1x,,,,,,,,2026-03-05,70169.0,0.718,,
FBIO,"Fortress Biotech, Inc.",Stock,Healthcare,Biotechnology,96838360.0,,,1x,,,,,,,,2026-03-05,1057035.0,1.41,,
JFBR,Jeffs' Brands Ltd,Stock,Consumer Cyclical,Internet Retail,2586189.0,,,1x,,,,,,,,2026-03-05,396864.0,1.351,,
CENT,Central Garden & Pet Company,Stock,Consumer Defensive,Packaged Foods,2356199936.0,,,1x,,,,,,,,2026-03-05,73338.0,0.529,,
GSY,Invesco Ultra Short Duration ETF,ETF,ETF,Ultrashort Bond,,Ultrashort Bond,,-2x,,,,,,,,2026-03-05,778701.0,,Inverse Leveraged,
NOV,NOV Inc.,Stock,Energy,Oil & Gas Equipment & Services,7021492736.0,,,1x,,,,,,,,2026-03-05,4518649.0,0.929,,
ATOS,"Atossa Therapeutics, Inc.",Stock,Healthcare,Biotechnology,42239060.0,,,1x,,,,,,,,2026-03-05,148561.0,1.493,,
KAPA,"Kairos Pharma, Ltd.",Stock,Healthcare,Biotechnology,13338240.0,,,1x,,,,,,,,2026-03-05,553652.0,,,
UTSL,Direxion Daily Utilities Bull 3X Shares,ETF,ETF,Trading--Leveraged Equity,,Trading--Leveraged Equity,,3x,,,,,,,,2026-03-05,134022.0,,Leveraged,
ACM,AECOM,Stock,Industrials,Engineering & Construction,12129858560.0,,,1x,,,,,,,,2026-03-05,1579694.0,1.044,,
TWNP,Twin Hospitality Group Inc.,Stock,Consumer Cyclical,Restaurants,4075868.0,,,1x,,,,,,,,2026-03-05,5210216.0,,,
DEM,WisdomTree Emerging Markets High Dividend Fund,ETF,ETF,Diversified Emerging Mkts,,Diversified Emerging Mkts,,1x,,,,,,,,2026-03-05,319337.0,,Standard,
ONDU,Tradr 2X Long ONDS Daily ETF,ETF,ETF,Trading--Leveraged Equity,,Trading--Leveraged Equity,,2x,,,,,,,,2026-03-05,141337.0,,Leveraged,
DGNX,Diginex Limited,Stock,Industrials,Consulting Services,130449376.0,,,1x,,,,,,,,2026-03-05,3360503.0,,,
AUID,authID Inc.,Stock,Technology,Software - Infrastructure,25091852.0,,,1x,,,,,,,,2026-03-05,6013906.0,1.61,,
DEFT,DeFi Technologies Inc.,Stock,Financial Services,Capital Markets,294126112.0,,,1x,,,,,,,,2026-03-05,4931388.0,3.918,,
CWEN,"Clearway Energy, Inc.",Stock,Utilities,Utilities - Renewable,4494606848.0,,,1x,,,,,,,,2026-03-05,1062847.0,0.991,,
NOBL,ProShares S&P 500 Dividend Aristocrats ETF,ETF,ETF,Large Value,,Large Value,,1x,,,,,,,,2026-03-05,733471.0,,Standard,
WEED,Roundhill Cannabis ETF,ETF,ETF,Miscellaneous Sector,,Miscellaneous Sector,,1x,,,,,,,,2026-03-05,50344.0,,Standard,
ZK,ZK,Stock,Unknown,Unknown,,,,1x,,,,,,,,2026-03-05,,,,
XTLB,XTL Biopharmaceuticals Ltd.,Stock,Healthcare,Biotechnology,7200912.0,,,1x,,,,,,,,2026-03-05,740828.0,0.732,,
UP,Wheels Up Experience Inc.,Stock,Industrials,Airports & Air Services,416569760.0,,,1x,,,,,,,,2026-03-05,5081244.0,2.386,,
SWVL,Swvl Holdings Corp.,Stock,Industrials,Railroads,15942951.0,,,1x,,,,,,,,2026-03-05,784759.0,0.877,,
VBIL,Vanguard 0-3 Month Treasury Bill ETF,ETF,ETF,Ultrashort Bond,,Ultrashort Bond,,1x,,,,,,,,2026-03-05,1818681.0,,Standard,
HUMA,"Humacyte, Inc.",Stock,Healthcare,Biotechnology,215191120.0,,,1x,,,,,,,,2026-03-05,5311676.0,1.928,,
LAUR,"Laureate Education, Inc.",Stock,Consumer Defensive,Education & Training Services,4708445184.0,,,1x,,,,,,,,2026-03-05,1113330.0,0.67,,
COPJ,Sprott Junior Copper Miners ETF,ETF,ETF,Natural Resources,,Natural Resources,,1x,,,,,,,,2026-03-05,243000.0,,Standard,
CATX,"Perspective Therapeutics, Inc.",Stock,Healthcare,Medical Devices,602605504.0,,,1x,,,,,,,,2026-03-05,3474754.0,1.796,,
BBGI,"Beasley Broadcast Group, Inc.",Stock,Communication Services,Broadcasting,7865414.0,,,1x,,,,,,,,2026-03-05,925869.0,0.275,,
PCG,PG&E Corporation,Stock,Utilities,Utilities - Regulated Electric,40189841408.0,,,1x,,,,,,,,2026-03-05,20928627.0,0.308,,
PEN,"Penumbra, Inc.",Stock,Healthcare,Medical Devices,13264729088.0,,,1x,,,,,,,,2026-03-05,999477.0,0.836,,
BABO,YieldMax BABA Option Income Strategy ETF,ETF,ETF,Derivative Income,,Derivative Income,,1x,,,,,,,,2026-03-05,76113.0,,Standard,
VPU,Vanguard Utilities Index Fund ETF Shares,ETF,ETF,Utilities,5382658048.0,Utilities,,1x,,,,,,,,2026-03-05,272194.0,,Standard,
MAMO,Massimo Group,Stock,Consumer Cyclical,Recreational Vehicles,43722996.0,,,1x,,,,,,,,2026-03-05,842910.0,,,
VRSK,"Verisk Analytics, Inc.",Stock,Industrials,Consulting Services,29107613696.0,,,1x,,,,,,,,2026-03-05,1899113.0,0.797,,
BLNK,Blink Charging Co.,Stock,Industrials,Engineering & Construction,98763912.0,,,1x,,,,,,,,2026-03-05,4551298.0,1.84,,
PHGE,BiomX Inc.,Stock,Healthcare,Biotechnology,9226458.0,,,1x,,,,,,,,2026-03-05,1063761.0,1.703,,
HUYA,HUYA Inc.,Stock,Communication Services,Entertainment,770749312.0,,,1x,,,,,,,,2026-03-05,2082362.0,0.788,,
IVZ,Invesco Ltd.,Stock,Financial Services,Asset Management,11025294336.0,,,1x,,,,,,,,2026-03-05,5655283.0,1.645,,
DCOY,Decoy Therapeutics Inc.,Stock,Healthcare,Biotechnology,3820930.0,,,1x,,,,,,,,2026-03-05,2307764.0,0.324,,
CMCT,Creative Media & Community Trust Corporation,Stock,Real Estate,REIT - Office,2239726.0,,,1x,,,,,,,,2026-03-05,2652203.0,0.436,,
MB,MasterBeef Group,Stock,Consumer Cyclical,Restaurants,95038696.0,,,1x,,,,,,,,2026-03-05,42162.0,,,
OEF,iShares S&P 100 ETF,ETF,ETF,Large Blend,13010010112.0,Large Blend,,1x,,,,,,,,2026-03-05,593972.0,,Standard,
GMM,Global Mofy AI Limited,Stock,Technology,Information Technology Services,59308420.0,,,1x,,,,,,,,2026-03-05,81023.0,-1.508,,
AUUD,Auddia Inc.,Stock,Technology,Software - Application,2356772.0,,,1x,,,,,,,,2026-03-05,2316798.0,,,
GHRS,GH Research PLC,Stock,Healthcare,Biotechnology,972000640.0,,,1x,,,,,,,,2026-03-05,375123.0,1.002,,
CFLT,"Confluent, Inc.",Stock,Technology,Software - Infrastructure,11002933248.0,,,1x,,,,,,,,2026-03-05,16471969.0,0.949,,
IQV,IQVIA Holdings Inc.,Stock,Healthcare,Diagnostics & Research,30689763328.0,,,1x,,,,,,,,2026-03-05,1993928.0,1.411,,
IDX,VanEck Indonesia Index ETF,ETF,ETF,Miscellaneous Region,28645500.0,Miscellaneous Region,,1x,,,,,,,,2026-03-05,164744.0,,Standard,
VHUB,"VenHub Global, Inc.",Stock,Consumer Defensive,Grocery Stores,155285856.0,,,1x,,,,,,,,2026-03-05,2027969.0,,,
BAFE,Brown Advisory Flexible Equity ETF,ETF,ETF,Large Blend,,Large Blend,,1x,,,,,,,,2026-03-05,81889.0,,Standard,
BLV,Vanguard Long-Term Bond Fund,ETF,ETF,Long-Term Bond,,Long-Term Bond,,1x,,,,,,,,2026-03-05,835830.0,,Standard,
PHG,Koninklijke Philips N.V.,Stock,Healthcare,Medical Devices,28615294976.0,,,1x,,,,,,,,2026-03-05,869501.0,0.938,,
CNBS,Amplify Seymour Cannabis ETF,ETF,ETF,Miscellaneous Sector,,Miscellaneous Sector,,1x,,,,,,,,2026-03-05,50296.0,,Standard,
WU,The Western Union Company,Stock,Financial Services,Credit Services,3014758656.0,,,1x,,,,,,,,2026-03-05,8636596.0,0.51,,
KVYO,"Klaviyo, Inc.",Stock,Technology,Software - Application,6388065280.0,,,1x,,,,,,,,2026-03-05,4064149.0,1.284,,
NTAP,"NetApp, Inc.",Stock,Technology,Software - Infrastructure,20281227264.0,,,1x,,,,,,,,2026-03-05,2279016.0,1.349,,
NEOV,NeoVolta Inc.,Stock,Industrials,Electrical Equipment & Parts,142636048.0,,,1x,,,,,,,,2026-03-05,780625.0,-0.21,,
KSA,iShares MSCI Saudi Arabia ETF,ETF,ETF,Miscellaneous Region,,Miscellaneous Region,,1x,,,,,,,,2026-03-05,848225.0,,Standard,
ESS,"Essex Property Trust, Inc.",Stock,Real Estate,REIT - Residential,17692221440.0,,,1x,,,,,,,,2026-03-05,559477.0,0.722,,
CNI,Canadian National Railway Company,Stock,Industrials,Railroads,66979172352.0,,,1x,,,,,,,,2026-03-05,1615966.0,0.952,,
RY,Royal Bank of Canada,Stock,Financial Services,Banks - Diversified,231329873920.0,,,1x,,,,,,,,2026-03-05,1298623.0,0.938,,
RAL,Ralliant Corporation,Stock,Technology,Electronic Components,5317666304.0,,,1x,,,,,,,,2026-03-05,1830781.0,,,
SUGP,SU Group Holdings Limited,Stock,Industrials,Security & Protection Services,11834626.0,,,1x,,,,,,,,2026-03-05,151693.0,2.758,,
YETH,Roundhill Ether Covered Call Strategy ETF,ETF,ETF,Digital Assets,,Digital Assets,,1x,,,,,,,,2026-03-05,155400.0,,Standard,
AAP,"Advance Auto Parts, Inc.",Stock,Consumer Cyclical,Auto Parts,3028138496.0,,,1x,,,,,,,,2026-03-05,2058638.0,1.108,,
MODD,"Modular Medical, Inc.",Stock,Healthcare,Medical Devices,15369761.0,,,1x,,,,,,,,2026-03-05,708162.0,-0.138,,
AACT,AACT,Stock,Unknown,Unknown,,,,1x,,,,,,,,2026-03-05,,,,
COHU,"Cohu, Inc.",Stock,Technology,Semiconductor Equipment & Materials,1390004352.0,,,1x,,,,,,,,2026-03-05,753877.0,1.293,,
EGP,"EastGroup Properties, Inc.",Stock,Real Estate,REIT - Industrial,10211493888.0,,,1x,,,,,,,,2026-03-05,373779.0,1.108,,
ALMS,Alumis Inc.,Stock,Healthcare,Biotechnology,3488851456.0,,,1x,,,,,,,,2026-03-05,2947974.0,,,
PSEC,Prospect Capital Corporation,Stock,Financial Services,Asset Management,1336496768.0,,,1x,,,,,,,,2026-03-05,4454625.0,0.85,,
SPSC,"SPS Commerce, Inc.",Stock,Technology,Software - Application,2376050176.0,,,1x,,,,,,,,2026-03-05,760749.0,0.629,,
IEUR,iShares Core MSCI Europe ETF,ETF,ETF,Europe Stock,,Europe Stock,,1x,,,,,,,,2026-03-05,1583562.0,,Standard,
IPW,iPower Inc.,Stock,Consumer Cyclical,Internet Retail,2618636.0,,,1x,,,,,,,,2026-03-05,324362.0,3.54,,
DT,"Dynatrace, Inc.",Stock,Technology,Software - Application,11613327360.0,,,1x,,,,,,,,2026-03-05,5555972.0,0.835,,
THH,TryHard Holdings Limited,Stock,Industrials,Specialty Business Services,24327480.0,,,1x,,,,,,,,2026-03-05,3391296.0,,,
VRCA,Verrica Pharmaceuticals Inc.,Stock,Healthcare,Biotechnology,82665984.0,,,1x,,,,,,,,2026-03-05,162700.0,1.46,,
TKC,Turkcell Iletisim Hizmetleri A.S.,Stock,Communication Services,Telecom Services,5394056192.0,,,1x,,,,,,,,2026-03-05,1050706.0,0.864,,
BDMD,Baird Medical Investment Holdings Limited,Stock,Healthcare,Medical Devices,116384376.0,,,1x,,,,,,,,2026-03-05,1868449.0,-1.416,,
AVR,Anteris Technologies Global Corp.,Stock,Healthcare,Medical Instruments & Supplies,615480128.0,,,1x,,,,,,,,2026-03-05,1020088.0,0.418,,
FXY,Invesco CurrencyShares Japanese Yen Trust,ETF,ETF,Single Currency,119412496.0,Single Currency,,1x,,,,,,,,2026-03-05,227644.0,,Standard,
GLTO,"Galecto, Inc.",Stock,Healthcare,Biotechnology,1812924928.0,,,1x,,,,,,,,2026-03-05,176555.0,1.572,,
EAT,"Brinker International, Inc.",Stock,Consumer Cyclical,Restaurants,6136617472.0,,,1x,,,,,,,,2026-03-05,1224679.0,1.359,,
EVTL,Vertical Aerospace Ltd.,Stock,Industrials,Aerospace & Defense,416113024.0,,,1x,,,,,,,,2026-03-05,1539140.0,1.261,,
CTM,"Castellum, Inc.",Stock,Technology,Information Technology Services,88273704.0,,,1x,,,,,,,,2026-03-05,1608401.0,-4.869,,
UPWK,Upwork Inc.,Stock,Communication Services,Internet Content & Information,1747508992.0,,,1x,,,,,,,,2026-03-05,3495423.0,1.129,,
BIRK,Birkenstock Holding plc,Stock,Consumer Cyclical,Footwear & Accessories,7521757696.0,,,1x,,,,,,,,2026-03-05,2880889.0,1.064,,
PPH,VanEck Pharmaceutical ETF,ETF,ETF,Health,1226753280.0,Health,,1x,,,,,,,,2026-03-05,427711.0,,Standard,
GOSS,"Gossamer Bio, Inc.",Stock,Healthcare,Biotechnology,118598168.0,,,1x,,,,,,,,2026-03-05,13615808.0,2.109,,
MTVA,MetaVia Inc.,Stock,Healthcare,Biotechnology,5370565.0,,,1x,,,,,,,,2026-03-05,273576.0,0.296,,
CII,"BlackRock Enhanced Large Cap Core Fund, Inc.",Stock,Financial Services,Asset Management,942167104.0,,,1x,,,,,,,,2026-03-05,126396.0,1.012,,
SPWH,"Sportsman's Warehouse Holdings, Inc.",Stock,Consumer Cyclical,Specialty Retail,57914048.0,,,1x,,,,,,,,2026-03-05,470022.0,0.594,,
NSIT,"Insight Enterprises, Inc.",Stock,Technology,Electronics & Computer Distribution,2709094400.0,,,1x,,,,,,,,2026-03-05,420686.0,0.885,,
TAL,TAL Education Group,Stock,Consumer Defensive,Education & Training Services,6307327488.0,,,1x,,,,,,,,2026-03-05,3813003.0,0.185,,
ICSH,iShares Ultra Short Duration Bond Active ETF,ETF,ETF,Ultrashort Bond,,Ultrashort Bond,,-2x,,,,,,,,2026-03-05,1851027.0,,Inverse Leveraged,
INBS,Intelligent Bio Solutions Inc.,Stock,Healthcare,Medical Devices,6784006.0,,,1x,,,,,,,,2026-03-05,2517508.0,4.629,,
CWK,Cushman & Wakefield Limited,Stock,Real Estate,Real Estate Services,3104092672.0,,,1x,,,,,,,,2026-03-05,2169732.0,1.496,,
IOBT,"IO Biotech, Inc.",Stock,Healthcare,Biotechnology,23671168.0,,,1x,,,,,,,,2026-03-05,10080610.0,0.437,,
PACS,"PACS Group, Inc.",Stock,Healthcare,Medical Care Facilities,5406384128.0,,,1x,,,,,,,,2026-03-05,1111113.0,,,
INTS,"Intensity Therapeutics, Inc.",Stock,Healthcare,Biotechnology,19244696.0,,,1x,,,,,,,,2026-03-05,74625.0,4.276,,
JANX,"Janux Therapeutics, Inc.",Stock,Healthcare,Biotechnology,845864192.0,,,1x,,,,,,,,2026-03-05,1692023.0,2.878,,
AMOD,"Alpha Modus Holdings, Inc.",Stock,Technology,Software - Application,26430022.0,,,1x,,,,,,,,2026-03-05,2427291.0,0.748,,
LYG,Lloyds Banking Group plc,Stock,Financial Services,Banks - Regional,77172449280.0,,,1x,,,,,,,,2026-03-05,13806094.0,0.929,,
EMLC,VanEck J.P. Morgan EM Local Currency Bond ETF,ETF,ETF,Emerging-Markets Local-Currency Bond,,Emerging-Markets Local-Currency Bond,,1x,,,,,,,,2026-03-05,3906893.0,,Standard,
HCC,"Warrior Met Coal, Inc.",Stock,Basic Materials,Coking Coal,4281844736.0,,,1x,,,,,,,,2026-03-05,931823.0,0.757,,
MSTP,GraniteShares 2x Long MSTR Daily ETF,ETF,ETF,Trading--Leveraged Equity,,Trading--Leveraged Equity,,2x,,,,,,,,2026-03-05,721793.0,,Leveraged,
FLOT,iShares Floating Rate Bond ETF,ETF,ETF,Ultrashort Bond,,Ultrashort Bond,,1x,,,,,,,,2026-03-05,1661466.0,,Standard,
IPM,Intelligent Protection Management Corp.,Stock,Technology,Software - Application,22635248.0,,,1x,,,,,,,,2026-03-05,73723.0,0.193,,
CLVT,Clarivate Plc,Stock,Technology,Information Technology Services,1620967296.0,,,1x,,,,,,,,2026-03-05,7401800.0,1.515,,
TH,Target Hospitality Corp.,Stock,Industrials,Specialty Business Services,797238464.0,,,1x,,,,,,,,2026-03-05,338900.0,1.238,,
PBW,Invesco WilderHill Clean Energy ETF,ETF,ETF,Small Growth,182498592.0,Small Growth,,1x,,,,,,,,2026-03-05,968157.0,,Standard,
HIBS,Direxion Daily S&P 500 High Beta Bear 3X Shares,ETF,ETF,Trading--Inverse Equity,,Trading--Inverse Equity,,-3x,,,,,,,,2026-03-05,4044069.0,,Inverse Leveraged,
ALC,Alcon Inc.,Stock,Healthcare,Medical Instruments & Supplies,41066049536.0,,,1x,,,,,,,,2026-03-05,1584333.0,0.703,,
ASPN,"Aspen Aerogels, Inc.",Stock,Industrials,Building Products & Equipment,271908896.0,,,1x,,,,,,,,2026-03-05,1762096.0,3.044,,
VIVK,"Vivakor, Inc.",Stock,Energy,Oil & Gas Integrated,3342428.0,,,1x,,,,,,,,2026-03-05,41879449.0,0.834,,
ZBH,"Zimmer Biomet Holdings, Inc.",Stock,Healthcare,Medical Devices,18533937152.0,,,1x,,,,,,,,2026-03-05,2208388.0,0.591,,
EZPW,"EZCORP, Inc.",Stock,Financial Services,Credit Services,1597958016.0,,,1x,,,,,,,,2026-03-05,1119527.0,0.497,,
VAC,Marriott Vacations Worldwide Corporation,Stock,Consumer Cyclical,Resorts & Casinos,2490476544.0,,,1x,,,,,,,,2026-03-05,696211.0,1.249,,
CEPT,"Cantor Equity Partners II, Inc.",Stock,Financial Services,Shell Companies,341731520.0,,,1x,,,,,,,,2026-03-05,498340.0,,,
LDI,"loanDepot, Inc.",Stock,Financial Services,Mortgage Finance,827217216.0,,,1x,,,,,,,,2026-03-05,3735333.0,3.164,,
YAAS,Youxin Technology Ltd,Stock,Technology,Software - Application,14593191.0,,,1x,,,,,,,,2026-03-05,87901.0,,,
OPPJ,WisdomTree Japan Opportunities Fund,ETF,ETF,Japan Stock,,Japan Stock,,1x,,,,,,,,2026-03-05,65430.0,,Standard,
VSTM,"Verastem, Inc.",Stock,Healthcare,Biotechnology,461717888.0,,,1x,,,,,,,,2026-03-05,1777905.0,0.395,,
MKOR,Matthews Korea Active ETF,ETF,ETF,Miscellaneous Region,,Miscellaneous Region,,1x,,,,,,,,2026-03-05,17986.0,,Standard,
OPTT,"Ocean Power Technologies, Inc.",Stock,Industrials,Specialty Industrial Machinery,82000152.0,,,1x,,,,,,,,2026-03-05,13485106.0,2.619,,
VTIX,Virtuix Holdings Inc.,Stock,Technology,Computer Hardware,210595776.0,,,1x,,,,,,,,2026-03-05,480865.0,,,
MAS,Masco Corporation,Stock,Industrials,Building Products & Equipment,13730243584.0,,,1x,,,,,,,,2026-03-05,2564603.0,1.246,,
PUMP,ProPetro Holding Corp.,Stock,Energy,Oil & Gas Equipment & Services,1544339712.0,,,1x,,,,,,,,2026-03-05,2793538.0,0.746,,
BFLY,"Butterfly Network, Inc.",Stock,Healthcare,Medical Devices,939730368.0,,,1x,,,,,,,,2026-03-05,6331683.0,2.328,,
SMHX,VanEck Fabless Semiconductor ETF,ETF,ETF,Technology,,Technology,,1x,,,,,,,,2026-03-05,96233.0,,Standard,
APVO,Aptevo Therapeutics Inc.,Stock,Healthcare,Biotechnology,10569601.0,,,1x,,,,,,,,2026-03-05,187073.0,1.427,,
MIGI,Mawson Infrastructure Group Inc.,Stock,Financial Services,Capital Markets,3315454.0,,,1x,,,,,,,,2026-03-05,1575833.0,4.184,,
WERN,"Werner Enterprises, Inc.",Stock,Industrials,Trucking,2019694336.0,,,1x,,,,,,,,2026-03-05,1163481.0,1.045,,
NFLY,YieldMax NFLX Option Income Strategy ETF,ETF,ETF,Derivative Income,,Derivative Income,,1x,,,,,,,,2026-03-05,165808.0,,Standard,
HEAL,Global X HealthTech ETF,ETF,ETF,Health,,Health,,1x,,,,,,,,2026-03-05,13883.0,,Standard,
VIVS,"VivoSim Labs, Inc.",Stock,Healthcare,Biotechnology,4929048.0,,,1x,,,,,,,,2026-03-05,1700347.0,1.32,,
INVH,Invitation Homes Inc.,Stock,Real Estate,REIT - Residential,16367650816.0,,,1x,,,,,,,,2026-03-05,6782098.0,0.814,,
USFD,US Foods Holding Corp.,Stock,Consumer Defensive,Food Distribution,20568573952.0,,,1x,,,,,,,,2026-03-05,2727794.0,0.978,,
MIDD,The Middleby Corporation,Stock,Industrials,Specialty Industrial Machinery,8057485312.0,,,1x,,,,,,,,2026-03-05,717300.0,1.345,,
TGE,The Generation Essentials Group,Stock,Financial Services,Asset Management,69299328.0,,,1x,,,,,,,,2026-03-05,117933.0,,,
CDW,CDW Corporation,Stock,Technology,Information Technology Services,16378362880.0,,,1x,,,,,,,,2026-03-05,1873891.0,1.046,,
SNOU,T-Rex 2X Long SNOW Daily Target ETF,ETF,ETF,Trading--Leveraged Equity,,Trading--Leveraged Equity,,2x,,,,,,,,2026-03-05,69881.0,,Leveraged,
ABOS,"Acumen Pharmaceuticals, Inc.",Stock,Healthcare,Biotechnology,198680832.0,,,1x,,,,,,,,2026-03-05,620252.0,0.21,,
CHA,Chagee Holdings Limited,Stock,Consumer Cyclical,Restaurants,1989409280.0,,,1x,,,,,,,,2026-03-05,804574.0,,,
CYCU,"Cycurion, Inc.",Stock,Technology,Information Technology Services,6989665.0,,,1x,,,,,,,,2026-03-05,137145.0,0.853,,
VSA,VisionSys AI Inc.,Stock,Consumer Defensive,Education & Training Services,1421710.0,,,1x,,,,,,,,2026-03-05,104410.0,0.159,,
NETX,Tradr 2X Long NET Daily ETF,ETF,ETF,Trading--Leveraged Equity,,Trading--Leveraged Equity,,2x,,,,,,,,2026-03-05,16433.0,,Leveraged,
VCSH,Vanguard Short-Term Corporate Bond Index Fund ETF Shares,ETF,ETF,Short-Term Bond,,Short-Term Bond,,-1x,,,,,,,,2026-03-05,5246291.0,,Inverse,
BMA,Banco Macro S.A.,Stock,Financial Services,Banks - Regional,5194109952.0,,,1x,,,,,,,,2026-03-05,291327.0,0.677,,
KBH,KB Home,Stock,Consumer Cyclical,Residential Construction,3804277760.0,,,1x,,,,,,,,2026-03-05,1243033.0,1.446,,
QSR,Restaurant Brands International Inc.,Stock,Consumer Cyclical,Restaurants,32682936320.0,,,1x,,,,,,,,2026-03-05,3007838.0,0.56,,
MNRO,"Monro, Inc.",Stock,Consumer Cyclical,Auto Parts,577278080.0,,,1x,,,,,,,,2026-03-05,768445.0,0.979,,
CORT,Corcept Therapeutics Incorporated,Stock,Healthcare,Biotechnology,3652883712.0,,,1x,,,,,,,,2026-03-05,2273525.0,0.312,,
SANA,"Sana Biotechnology, Inc.",Stock,Healthcare,Biotechnology,949595200.0,,,1x,,,,,,,,2026-03-05,2907081.0,1.962,,
VHT,Vanguard Health Care Index Fund ETF Shares,ETF,ETF,Health,15462465536.0,Health,,1x,,,,,,,,2026-03-05,259684.0,,Standard,
INDI,"indie Semiconductor, Inc.",Stock,Technology,Semiconductors,583145024.0,,,1x,,,,,,,,2026-03-05,3758584.0,2.579,,
ERAS,"Erasca, Inc.",Stock,Healthcare,Biotechnology,4690240000.0,,,1x,,,,,,,,2026-03-05,5555494.0,1.172,,
PASW,"Ping An Biomedical Co., Ltd.",Stock,Consumer Cyclical,Textile Manufacturing,19056150.0,,,1x,,,,,,,,2026-03-05,3826771.0,,,
EFC,Ellington Financial Inc.,Stock,Real Estate,REIT - Mortgage,1529443584.0,,,1x,,,,,,,,2026-03-05,2066069.0,0.945,,
BRBR,"BellRing Brands, Inc.",Stock,Consumer Defensive,Packaged Foods,2096721792.0,,,1x,,,,,,,,2026-03-05,3960115.0,0.764,,
PAVM,PAVmed Inc.,Stock,Healthcare,Medical Devices,9747195.0,,,1x,,,,,,,,2026-03-05,1057415.0,0.88,,
FE,FirstEnergy Corp.,Stock,Utilities,Utilities - Regulated Electric,28919760896.0,,,1x,,,,,,,,2026-03-05,4709433.0,0.601,,
VAL,Valaris Limited,Stock,Energy,Oil & Gas Equipment & Services,6426706944.0,,,1x,,,,,,,,2026-03-05,1647327.0,1.072,,
IYH,iShares U.S. Healthcare ETF,ETF,ETF,Health,707739968.0,Health,,1x,,,,,,,,2026-03-05,801177.0,,Standard,
HSIC,"Henry Schein, Inc.",Stock,Healthcare,Medical Distribution,9452125184.0,,,1x,,,,,,,,2026-03-05,1351716.0,0.852,,
PACB,"Pacific Biosciences of California, Inc.",Stock,Healthcare,Medical Devices,460547392.0,,,1x,,,,,,,,2026-03-05,7181064.0,2.304,,
IPDN,"Professional Diversity Network, Inc.",Stock,Industrials,Staffing & Employment Services,5858356.0,,,1x,,,,,,,,2026-03-05,164145.0,1.93,,
FROG,JFrog Ltd.,Stock,Technology,Software - Application,4952039424.0,,,1x,,,,,,,,2026-03-05,3063305.0,1.263,,
SEGG,Sports Entertainment Gaming Global Corporation,Stock,Consumer Cyclical,Gambling,13576851.0,,,1x,,,,,,,,2026-03-05,11505774.0,1.314,,
DRMA,"Dermata Therapeutics, Inc.",Stock,Healthcare,Biotechnology,3837433.0,,,1x,,,,,,,,2026-03-05,2186779.0,0.598,,
HALO,"Halozyme Therapeutics, Inc.",Stock,Healthcare,Biotechnology,8018075136.0,,,1x,,,,,,,,2026-03-05,2033054.0,1.019,,
PFSI,"PennyMac Financial Services, Inc.",Stock,Financial Services,Mortgage Finance,4693012480.0,,,1x,,,,,,,,2026-03-05,769230.0,1.536,,
DGX,Quest Diagnostics Incorporated,Stock,Healthcare,Diagnostics & Research,22776315904.0,,,1x,,,,,,,,2026-03-05,1012049.0,0.63,,
CYBN,Cybin Inc.,Stock,Healthcare,Biotechnology,413123392.0,,,1x,,,,,,,,2026-03-05,870661.0,0.793,,
RAAQ,Real Asset Acquisition Corp.,Stock,Financial Services,Shell Companies,243224992.0,,,1x,,,,,,,,2026-03-05,102720.0,,,
SITE,"SiteOne Landscape Supply, Inc.",Stock,Industrials,Industrial Distribution,6156120576.0,,,1x,,,,,,,,2026-03-05,629376.0,1.587,,
AIG,"American International Group, Inc.",Stock,Financial Services,Insurance - Diversified,42604924928.0,,,1x,,,,,,,,2026-03-05,5056589.0,0.58,,
HSPO,HSPO,Stock,Unknown,Unknown,,,,1x,,,,,,,,2026-03-05,,,,
MICC,The Magnum Ice Cream Company N.V.,Stock,Consumer Defensive,Packaged Foods,9456371712.0,,,1x,,,,,,,,2026-03-05,2179823.0,,,
VRAX,Virax Biolabs Group Limited,Stock,Healthcare,Biotechnology,1607915.0,,,1x,,,,,,,,2026-03-05,355888.0,1.708,,
CNCK,Coincheck Group N.V.,Stock,Financial Services,Capital Markets,305836032.0,,,1x,,,,,,,,2026-03-05,196106.0,0.12,,
TECX,"Tectonic Therapeutic, Inc.",Stock,Healthcare,Biotechnology,533039648.0,,,1x,,,,,,,,2026-03-05,380650.0,,,
CNX,CNX Resources Corporation,Stock,Energy,Oil & Gas E&P,6083441664.0,,,1x,,,,,,,,2026-03-05,2343579.0,0.62,,
STIP,iShares 0-5 Year TIPS Bond ETF,ETF,ETF,Short-Term Inflation-Protected Bond,,Short-Term Inflation-Protected Bond,,1x,,,,,,,,2026-03-05,1174196.0,,Standard,
EQH,"Equitable Holdings, Inc.",Stock,Financial Services,Asset Management,11352398848.0,,,1x,,,,,,,,2026-03-05,2900567.0,1.099,,
ASBP,"Aspire Biopharma Holdings, Inc.",Stock,Healthcare,Biotechnology,6707230.0,,,1x,,,,,,,,2026-03-05,1062130.0,0.885,,
HHH,Howard Hughes Holdings Inc.,Stock,Real Estate,Real Estate - Development,4221656832.0,,,1x,,,,,,,,2026-03-05,398377.0,1.255,,
SUPX,SuperX AI Technology Limited,Stock,Technology,Software - Infrastructure,473097056.0,,,1x,,,,,,,,2026-03-05,359003.0,,,
ANPA,Rich Sparkle Holdings Limited,Stock,Industrials,Specialty Business Services,120812496.0,,,1x,,,,,,,,2026-03-05,281118.0,,,
RUM,Rumble Inc.,Stock,Communication Services,Internet Content & Information,1885236352.0,,,1x,,,,,,,,2026-03-05,2034515.0,0.703,,
SLAB,Silicon Laboratories Inc.,Stock,Technology,Semiconductors,6699940352.0,,,1x,,,,,,,,2026-03-05,703752.0,1.501,,
LOBO,Lobo Technologies Ltd.,Stock,Consumer Cyclical,Auto Manufacturers,6896616.0,,,1x,,,,,,,,2026-03-05,104684.0,,,
COTG,Leverage Shares 2X Long Cost Daily ETF,ETF,ETF,Trading--Leveraged Equity,,Trading--Leveraged Equity,,2x,,,,,,,,2026-03-05,84888.0,,Leveraged,
PODD,Insulet Corporation,Stock,Healthcare,Medical Devices,16877404160.0,,,1x,,,,,,,,2026-03-05,923306.0,1.435,,
ATRO,Astronics Corporation,Stock,Industrials,Aerospace & Defense,2730615808.0,,,1x,,,,,,,,2026-03-05,733928.0,1.044,,
SAIC,Science Applications International Corporation,Stock,Technology,Information Technology Services,4298684928.0,,,1x,,,,,,,,2026-03-05,642310.0,0.321,,
WIMI,WiMi Hologram Cloud Inc.,Stock,Communication Services,Advertising Agencies,24691892.0,,,1x,,,,,,,,2026-03-05,92932.0,,,
LBGJ,Li Bang International Corporation Inc.,Stock,Industrials,Specialty Industrial Machinery,1940418.0,,,1x,,,,,,,,2026-03-05,2449950.0,,,
FXP,ProShares UltraShort FTSE China 50,ETF,ETF,Trading--Inverse Equity,,Trading--Inverse Equity,,-2x,,,,,,,,2026-03-05,8091.0,,Inverse Leveraged,
SHOO,"Steven Madden, Ltd.",Stock,Consumer Cyclical,Footwear & Accessories,2584442880.0,,,1x,,,,,,,,2026-03-05,1434294.0,1.148,,
QTEC,First Trust NASDAQ-100-Technology Sector Index Fund,ETF,ETF,Technology,,Technology,,1x,,,,,,,,2026-03-05,215305.0,,Standard,
BAB,Invesco Taxable Municipal Bond ETF,ETF,ETF,Muni National Long,975004992.0,Muni National Long,,1x,,,,,,,,2026-03-05,158045.0,,Standard,
INDY,iShares India 50 ETF,ETF,ETF,India Equity,,India Equity,,1x,,,,,,,,2026-03-05,170937.0,,Standard,
NPKI,NPK International Inc.,Stock,Energy,Oil & Gas Equipment & Services,1152085248.0,,,1x,,,,,,,,2026-03-05,700277.0,1.285,,
SY,So-Young International Inc.,Stock,Healthcare,Health Information Services,296910944.0,,,1x,,,,,,,,2026-03-05,598222.0,2.159,,
TWAV,"TaoWeave, Inc.",Stock,Financial Services,Asset Management,3241207.0,,,1x,,,,,,,,2026-03-05,121005.0,3.248,,
SRPU,Tradr 2X Long SRPT Daily ETF,ETF,ETF,Trading--Leveraged Equity,,Trading--Leveraged Equity,,2x,,,,,,,,2026-03-05,34701.0,,Leveraged,
TYL,"Tyler Technologies, Inc.",Stock,Technology,Software - Application,15912312832.0,,,1x,,,,,,,,2026-03-05,638989.0,0.934,,
DBJP,Xtrackers MSCI Japan Hedged Equity ETF,ETF,ETF,Japan Stock,,Japan Stock,,1x,,,,,,,,2026-03-05,37159.0,,Standard,
GOOS,Canada Goose Holdings Inc.,Stock,Consumer Cyclical,Apparel Manufacturing,1125718784.0,,,1x,,,,,,,,2026-03-05,862698.0,1.797,,
IWF,iShares Russell 1000 Growth ETF,ETF,ETF,Large Growth,127806750720.0,Large Growth,,1x,,,,,,,,2026-03-05,2739928.0,,Standard,
NICE,NICE Ltd.,Stock,Technology,Software - Application,8167192576.0,,,1x,,,,,,,,2026-03-05,885618.0,0.255,,
TSES,Truth Social American Energy Security ETF,Stock,Unknown,Unknown,,,,1x,,,,,,,,2026-03-05,24036.0,,,
TSMY,YieldMax TSM Option Income Strategy ETF,ETF,ETF,Derivative Income,,Derivative Income,,1x,,,,,,,,2026-03-05,152430.0,,Standard,
DMAA,Drugs Made In America Acquisition Corp.,Stock,Financial Services,Shell Companies,350924512.0,,,1x,,,,,,,,2026-03-05,39454.0,,,
SNTI,"Senti Biosciences, Inc.",Stock,Healthcare,Biotechnology,24850100.0,,,1x,,,,,,,,2026-03-05,1706505.0,2.133,,
VSEE,"VSee Health, Inc.",Stock,Healthcare,Health Information Services,10862328.0,,,1x,,,,,,,,2026-03-05,806549.0,0.497,,
YMM,Full Truck Alliance Co. Ltd.,Stock,Technology,Software - Application,9324146688.0,,,1x,,,,,,,,2026-03-05,8052169.0,0.225,,
QCLS,"Q/C Technologies, Inc.",Stock,Technology,Computer Hardware,28743550.0,,,1x,,,,,,,,2026-03-05,1394642.0,2.231,,
DVY,iShares Select Dividend ETF,ETF,ETF,Mid-Cap Value,26871908352.0,Mid-Cap Value,,1x,,,,,,,,2026-03-05,528123.0,,Standard,
XHLD,"TEN Holdings, Inc.",Stock,Communication Services,Broadcasting,4801005.0,,,1x,,,,,,,,2026-03-05,3258842.0,,,
NI,NiSource Inc.,Stock,Utilities,Utilities - Regulated Gas,22491060224.0,,,1x,,,,,,,,2026-03-05,3941150.0,0.616,,
DJTU,T-Rex 2X Long DJT Daily Target ETF,ETF,ETF,Trading--Leveraged Equity,,Trading--Leveraged Equity,,2x,,,,,,,,2026-03-05,1332642.0,,Leveraged,
XCUR,"Exicure, Inc.",Stock,Healthcare,Biotechnology,26132862.0,,,1x,,,,,,,,2026-03-05,719915.0,4.187,,
VLTO,Veralto Corporation,Stock,Industrials,Pollution & Treatment Controls,23469064192.0,,,1x,,,,,,,,2026-03-05,1934308.0,1.106,,
TW,Tradeweb Markets Inc.,Stock,Financial Services,Capital Markets,27266103296.0,,,1x,,,,,,,,2026-03-05,1478647.0,0.776,,
UBT,ProShares Ultra 20+ Year Treasury,ETF,ETF,Trading--Leveraged Debt,,Trading--Leveraged Debt,,2x,,,,,,,,2026-03-05,86632.0,,Leveraged,
ACRV,"Acrivon Therapeutics, Inc.",Stock,Healthcare,Biotechnology,50172652.0,,,1x,,,,,,,,2026-03-05,1736076.0,1.803,,
MBAI,Check-Cap Ltd.,Stock,Healthcare,Diagnostics & Research,12244443.0,,,1x,,,,,,,,2026-03-05,2608447.0,0.82,,
ANGH,Anghami Inc.,Stock,Communication Services,Entertainment,25354480.0,,,1x,,,,,,,,2026-03-05,846757.0,1.309,,
AARD,"Aardvark Therapeutics, Inc.",Stock,Healthcare,Biotechnology,124760848.0,,,1x,,,,,,,,2026-03-05,259606.0,,,
FDS,FactSet Research Systems Inc.,Stock,Financial Services,Financial Data & Stock Exchanges,8449795584.0,,,1x,,,,,,,,2026-03-05,925581.0,0.751,,
AWI,"Armstrong World Industries, Inc.",Stock,Industrials,Building Products & Equipment,7402065920.0,,,1x,,,,,,,,2026-03-05,485283.0,1.332,,
HXL,Hexcel Corporation,Stock,Industrials,Aerospace & Defense,7255279104.0,,,1x,,,,,,,,2026-03-05,1288394.0,1.008,,
GILT,Gilat Satellite Networks Ltd.,Stock,Technology,Communication Equipment,1238957952.0,,,1x,,,,,,,,2026-03-05,881911.0,0.91,,
USBC,"USBC, Inc.",Stock,Technology,Scientific & Technical Instruments,152035872.0,,,1x,,,,,,,,2026-03-05,1546366.0,1.67,,
HY,"Hyster-Yale, Inc.",Stock,Industrials,Farm & Heavy Construction Machinery,661204480.0,,,1x,,,,,,,,2026-03-05,116184.0,1.545,,
SWK,"Stanley Black & Decker, Inc.",Stock,Industrials,Tools & Accessories,12321063936.0,,,1x,,,,,,,,2026-03-05,1820000.0,1.149,,
QH,Quhuo Limited,Stock,Technology,Software - Application,519840.0,,,1x,,,,,,,,2026-03-05,3453201.0,0.474,,
UXIN,Uxin Limited,Stock,Consumer Cyclical,Auto & Truck Dealerships,682420160.0,,,1x,,,,,,,,2026-03-05,279803.0,1.531,,
SORA,AsiaStrategy,Stock,Consumer Cyclical,Luxury Goods,46495680.0,,,1x,,,,,,,,2026-03-05,137852.0,,,
WSM,"Williams-Sonoma, Inc.",Stock,Consumer Cyclical,Specialty Retail,23054802944.0,,,1x,,,,,,,,2026-03-05,1072093.0,1.558,,
FIGX,FIGX Capital Acquisition Corp.,Stock,Unknown,Unknown,195986368.0,,,1x,,,,,,,,2026-03-05,27913.0,,,
NTCL,NetClass Technology Inc,Stock,Technology,Software - Application,5933450.0,,,1x,,,,,,,,2026-03-05,2199608.0,,,
MEXX,Direxion Daily MSCI Mexico Bull 3X Shares,ETF,ETF,Trading--Leveraged Equity,,Trading--Leveraged Equity,,3x,,,,,,,,2026-03-05,49250.0,,Leveraged,
IDCC,"InterDigital, Inc.",Stock,Technology,Software - Application,9323646976.0,,,1x,,,,,,,,2026-03-05,277508.0,1.588,,
AMTX,"Aemetis, Inc.",Stock,Basic Materials,Specialty Chemicals,94335000.0,,,1x,,,,,,,,2026-03-05,848832.0,2.208,,
AEMD,"Aethlon Medical, Inc.",Stock,Healthcare,Medical Devices,2419802.0,,,1x,,,,,,,,2026-03-05,53088.0,1.649,,
GEOS,Geospace Technologies Corporation,Stock,Energy,Oil & Gas Equipment & Services,130554608.0,,,1x,,,,,,,,2026-03-05,242659.0,0.544,,
RPRX,Royalty Pharma plc,Stock,Healthcare,Biotechnology,26777454592.0,,,1x,,,,,,,,2026-03-05,3840161.0,0.421,,
NVVE,Nuvve Holding Corp.,Stock,Consumer Cyclical,Specialty Retail,1738333.0,,,1x,,,,,,,,2026-03-05,2583426.0,1.916,,
URGN,UroGen Pharma Ltd.,Stock,Healthcare,Biotechnology,891475328.0,,,1x,,,,,,,,2026-03-05,808101.0,1.367,,
RNXT,"RenovoRx, Inc.",Stock,Healthcare,Biotechnology,32251926.0,,,1x,,,,,,,,2026-03-05,244969.0,1.334,,
ZLAB,Zai Lab Limited,Stock,Healthcare,Biotechnology,2160699648.0,,,1x,,,,,,,,2026-03-05,778072.0,0.883,,
LEVI,Levi Strauss & Co.,Stock,Consumer Cyclical,Apparel Manufacturing,7984648192.0,,,1x,,,,,,,,2026-03-05,2235276.0,1.288,,
MPG,Leverage Shares 2X Long MP Daily ETF,Stock,Unknown,Unknown,,,,1x,,,,,,,,2026-03-05,61252.0,,,
PHOE,Phoenix Asia Holdings Limited,Stock,Industrials,Engineering & Construction,345600000.0,,,1x,,,,,,,,2026-03-05,69271.0,,,
IXJ,iShares Global Healthcare ETF,ETF,ETF,Health,3487488000.0,Health,,1x,,,,,,,,2026-03-05,341516.0,,Standard,
SSTK,"Shutterstock, Inc.",Stock,Communication Services,Internet Content & Information,611048768.0,,,1x,,,,,,,,2026-03-05,323044.0,1.23,,
CWD,CaliberCos Inc.,Stock,Financial Services,Asset Management,9114786.0,,,1x,,,,,,,,2026-03-05,107028.0,-0.303,,
INHD,Inno Holdings Inc.,Stock,Basic Materials,Steel,8918018.0,,,1x,,,,,,,,2026-03-05,587387.0,-1.068,,
VDC,Vanguard Consumer Staples Index Fund ETF Shares,ETF,ETF,Consumer Defensive,,Consumer Defensive,,1x,,,,,,,,2026-03-05,173098.0,,Standard,
VYNE,VYNE Therapeutics Inc.,Stock,Healthcare,Biotechnology,19678932.0,,,1x,,,,,,,,2026-03-05,5384693.0,2.034,,
XRTX,XORTX Therapeutics Inc.,Stock,Healthcare,Biotechnology,2854509.0,,,1x,,,,,,,,2026-03-05,147437.0,0.15,,
GLXG,Galaxy Payroll Group Limited,Stock,Industrials,Staffing & Employment Services,4841760.0,,,1x,,,,,,,,2026-03-05,222272.0,,,
NAVN,"Navan, Inc.",Stock,Technology,Software - Application,2681626112.0,,,1x,,,,,,,,2026-03-05,1964306.0,,,
ATGE,Adtalem Global Education Inc,Stock,Consumer Defensive,Education & Training Services,3579815168.0,,,1x,,,,,,,,2026-03-05,439223.0,0.71,,
NWG,NatWest Group plc,Stock,Financial Services,Banks - Regional,62962180096.0,,,1x,,,,,,,,2026-03-05,3048277.0,0.794,,
ESHA,ESH Acquisition Corp.,Stock,Financial Services,Shell Companies,46789548.0,,,1x,,,,,,,,2026-03-05,170840.0,-0.24,,
CRNX,"Crinetics Pharmaceuticals, Inc.",Stock,Healthcare,Biotechnology,4000012032.0,,,1x,,,,,,,,2026-03-05,1200455.0,0.238,,
BK,The Bank of New York Mellon Corporation,Stock,Financial Services,Banks - Diversified,81220255744.0,,,1x,,,,,,,,2026-03-05,3794871.0,1.076,,
VIOT,"Viomi Technology Co., Ltd",Stock,Consumer Cyclical,"Furnishings, Fixtures & Appliances",92548352.0,,,1x,,,,,,,,2026-03-05,321393.0,0.355,,
IHS,IHS Holding Limited,Stock,Real Estate,Real Estate Services,2716044288.0,,,1x,,,,,,,,2026-03-05,1781342.0,0.856,,
VVV,Valvoline Inc.,Stock,Consumer Cyclical,Auto & Truck Dealerships,4589098496.0,,,1x,,,,,,,,2026-03-05,2246511.0,1.167,,
FLGC,ZeroStack Corp.,Stock,Financial Services,Asset Management,21591078.0,,,1x,,,,,,,,2026-03-05,100296.0,1.896,,
IWMI,NEOS Russell 2000 High Income ETF,ETF,ETF,Derivative Income,,Derivative Income,,1x,,,,,,,,2026-03-05,361394.0,,Standard,
PAYO,Payoneer Global Inc.,Stock,Technology,Software - Infrastructure,1682398208.0,,,1x,,,,,,,,2026-03-05,4116498.0,1.135,,
GNR,State Street SPDR S&P Global Natural Resources ETF,ETF,ETF,Natural Resources,,Natural Resources,,1x,,,,,,,,2026-03-05,404547.0,,Standard,
PFG,"Principal Financial Group, Inc.",Stock,Financial Services,Asset Management,20417247232.0,,,1x,,,,,,,,2026-03-05,1587464.0,0.876,,
FTV,Fortive Corporation,Stock,Technology,Scientific & Technical Instruments,18311899136.0,,,1x,,,,,,,,2026-03-05,3851108.0,0.998,,
COOP,COOP,Stock,Unknown,Unknown,,,,1x,,,,,,,,2026-03-05,,,,
CGDG,Capital Group Dividend Growers ETF,ETF,ETF,Global Large-Stock Blend,,Global Large-Stock Blend,,1x,,,,,,,,2026-03-05,863501.0,,Standard,
FTEL,Fitell Corporation,Stock,Consumer Cyclical,Specialty Retail,1703773.0,,,1x,,,,,,,,2026-03-05,216973.0,7.377,,
SMCZ,Defiance Daily Target 2X Short SMCI ETF,ETF,ETF,Trading--Inverse Equity,,Trading--Inverse Equity,,-2x,,,,,,,,2026-03-05,156548.0,,Inverse Leveraged,
SPRC,SciSparc Ltd.,Stock,Healthcare,Biotechnology,2787919.0,,,1x,,,,,,,,2026-03-05,120000.0,1.277,,
MLTX,MoonLake Immunotherapeutics,Stock,Healthcare,Biotechnology,1302578176.0,,,1x,,,,,,,,2026-03-05,2157627.0,1.239,,
ATKR,Atkore Inc.,Stock,Industrials,Electrical Equipment & Parts,2125941760.0,,,1x,,,,,,,,2026-03-05,365547.0,1.538,,
AIM,AIM ImmunoTech Inc.,Stock,Healthcare,Biotechnology,2664592.0,,,1x,,,,,,,,2026-03-05,1478799.0,1.25,,
ROOT,"Root, Inc.",Stock,Financial Services,Insurance - Property & Casualty,744740288.0,,,1x,,,,,,,,2026-03-05,314406.0,2.895,,
TDTH,Trident Digital Tech Holdings Ltd,Stock,Technology,Information Technology Services,31014474.0,,,1x,,,,,,,,2026-03-05,929922.0,,,
CVCO,"Cavco Industries, Inc.",Stock,Consumer Cyclical,Residential Construction,4382529024.0,,,1x,,,,,,,,2026-03-05,200540.0,1.277,,
MLEC,Moolec Science SA,Stock,Healthcare,Biotechnology,7070937.0,,,1x,,,,,,,,2026-03-05,1410756.0,,,
CMCL,Caledonia Mining Corporation Plc,Stock,Basic Materials,Gold,543719232.0,,,1x,,,,,,,,2026-03-05,416262.0,0.471,,
RELY,"Remitly Global, Inc.",Stock,Technology,Software - Infrastructure,3671705856.0,,,1x,,,,,,,,2026-03-05,3758508.0,0.059,,
PAVS,Paranovus Entertainment Technology Ltd.,Stock,Consumer Defensive,Packaged Foods,4340139.0,,,1x,,,,,,,,2026-03-05,2563878.0,-0.542,,
EWV,ProShares UltraShort MSCI Japan,ETF,ETF,Trading--Inverse Equity,,Trading--Inverse Equity,,-2x,,,,,,,,2026-03-05,22562.0,,Inverse Leveraged,
IRWD,"Ironwood Pharmaceuticals, Inc.",Stock,Healthcare,Drug Manufacturers - Specialty & Generic,602500480.0,,,1x,,,,,,,,2026-03-05,4542366.0,0.189,,
SGHC,Super Group (SGHC) Limited,Stock,Consumer Cyclical,Gambling,5723817472.0,,,1x,,,,,,,,2026-03-05,2601972.0,1.1,,
ACCL,Acco Group Holdings Limited,Stock,Industrials,Consulting Services,20368250.0,,,1x,,,,,,,,2026-03-05,849428.0,,,
ANIX,"Anixa Biosciences, Inc.",Stock,Healthcare,Biotechnology,98469536.0,,,1x,,,,,,,,2026-03-05,304464.0,0.519,,
YMAT,"J-Star Holding Co., Ltd.",Stock,Basic Materials,Specialty Chemicals,6874210.0,,,1x,,,,,,,,2026-03-05,1340518.0,,,
CMPX,"Compass Therapeutics, Inc.",Stock,Healthcare,Biotechnology,1028042944.0,,,1x,,,,,,,,2026-03-05,2186018.0,1.292,,
GUTS,"Fractyl Health, Inc.",Stock,Healthcare,Biotechnology,75612416.0,,,1x,,,,,,,,2026-03-05,6064471.0,1.506,,
TLH,iShares 10-20 Year Treasury Bond ETF,ETF,ETF,Long Government,,Long Government,,1x,,,,,,,,2026-03-05,1270761.0,,Standard,
ETNB,ETNB,Stock,Unknown,Unknown,,,,1x,,,,,,,,2026-03-05,,,,
FIS,"Fidelity National Information Services, Inc.",Stock,Technology,Information Technology Services,25939144704.0,,,1x,,,,,,,,2026-03-05,4257520.0,0.909,,
AQST,"Aquestive Therapeutics, Inc.",Stock,Healthcare,Drug Manufacturers - Specialty & Generic,518513216.0,,,1x,,,,,,,,2026-03-05,4939515.0,,,
VGSH,Vanguard Short-Term Treasury Index Fund ETF Shares,ETF,ETF,Short Government,,Short Government,,-1x,,,,,,,,2026-03-05,3494262.0,,Inverse,
XYLD,Global X S&P 500 Covered Call ETF,ETF,ETF,Derivative Income,,Derivative Income,,1x,,,,,,,,2026-03-05,910625.0,,Standard,
ARBB,ARB IOT Group Limited,Stock,Technology,Information Technology Services,8508534.0,,,1x,,,,,,,,2026-03-05,71511.0,1.081,,
LGO,Largo Inc.,Stock,Basic Materials,Other Industrial Metals & Mining,140895104.0,,,1x,,,,,,,,2026-03-05,1356000.0,2.179,,
TT,Trane Technologies plc,Stock,Industrials,Building Products & Equipment,96537403392.0,,,1x,,,,,,,,2026-03-05,1598372.0,1.188,,
BDX,"Becton, Dickinson and Company",Stock,Healthcare,Medical Instruments & Supplies,61140918272.0,,,1x,,,,,,,,2026-03-05,2814206.0,0.307,,
MWH,"SOLV Energy, Inc.",Stock,Unknown,Unknown,5922845184.0,,,1x,,,,,,,,2026-03-05,1027414.0,,,
ARAI,Arrive AI Inc.,Stock,Technology,Software - Infrastructure,39673552.0,,,1x,,,,,,,,2026-03-05,1014244.0,,,
CPA,"Copa Holdings, S.A.",Stock,Industrials,Airlines,5262178816.0,,,1x,,,,,,,,2026-03-05,342016.0,0.925,,
STAG,"STAG Industrial, Inc.",Stock,Real Estate,REIT - Industrial,7582986752.0,,,1x,,,,,,,,2026-03-05,1503016.0,1.034,,
BKIE,BNY Mellon International Equity ETF,ETF,ETF,Foreign Large Blend,,Foreign Large Blend,,1x,,,,,,,,2026-03-05,67094.0,,Standard,
ING,ING Groep N.V.,Stock,Financial Services,Banks - Diversified,77349904384.0,,,1x,,,,,,,,2026-03-05,2465923.0,0.851,,
OSRH,"OSR Holdings, Inc.",Stock,Healthcare,Biotechnology,12002028.0,,,1x,,,,,,,,2026-03-05,1384554.0,1.546,,
TSNF,Truth Social American Next Frontiers ETF,ETF,ETF,Technology,,Technology,,1x,,,,,,,,2026-03-05,39884.0,,Standard,
PANL,Pangaea Logistics Solutions Ltd.,Stock,Industrials,Marine Shipping,574455040.0,,,1x,,,,,,,,2026-03-05,556591.0,0.753,,
GWAV,"Greenwave Technology Solutions, Inc.",Stock,Industrials,Waste Management,3252153.0,,,1x,,,,,,,,2026-03-05,193406.0,0.029,,
ARIS,Aris Mining Corporation,Stock,Basic Materials,Gold,4090782720.0,,,1x,,,,,,,,2026-03-05,1862808.0,1.867,,
ABVE,Above Food Ingredients Inc.,Stock,Consumer Defensive,Packaged Foods,63477892.0,,,1x,,,,,,,,2026-03-05,1682147.0,0.013,,
YSS,"York Space Systems, Inc.",Stock,Industrials,Aerospace & Defense,2917816832.0,,,1x,,,,,,,,2026-03-05,2199629.0,,,
SW,Smurfit Westrock Plc,Stock,Consumer Cyclical,Packaging & Containers,23087493120.0,,,1x,,,,,,,,2026-03-05,5902671.0,1.004,,
AAON,"AAON, Inc.",Stock,Industrials,Building Products & Equipment,7605028864.0,,,1x,,,,,,,,2026-03-05,1002527.0,1.13,,
DTE,DTE Energy Company,Stock,Utilities,Utilities - Regulated Electric,30894184448.0,,,1x,,,,,,,,2026-03-05,1649474.0,0.434,,
BENF,Beneficient,Stock,Financial Services,Asset Management,54292184.0,,,1x,,,,,,,,2026-03-05,596905.0,1.095,,
EFAV,iShares MSCI EAFE Min Vol Factor ETF,ETF,ETF,Foreign Large Blend,,Foreign Large Blend,,1x,,,,,,,,2026-03-05,501220.0,,Standard,
RILY,"BRC Group Holdings, Inc.",Stock,Financial Services,Financial Conglomerates,224930528.0,,,1x,,,,,,,,2026-03-05,1909237.0,1.303,,
TAOP,Taoping Inc.,Stock,Technology,Software - Infrastructure,12379841.0,,,1x,,,,,,,,2026-03-05,42642.0,0.255,,
GLAD,Gladstone Capital Corporation,Stock,Financial Services,Asset Management,422219264.0,,,1x,,,,,,,,2026-03-05,190913.0,0.952,,
GLXU,T-REX 2X Long GLXY Daily Target,ETF,ETF,Trading--Leveraged Equity,,Trading--Leveraged Equity,,1x,,,,,,,,2026-03-05,167833.0,,Standard,
MAMA,"Mama's Creations, Inc.",Stock,Consumer Defensive,Packaged Foods,652892544.0,,,1x,,,,,,,,2026-03-05,542089.0,0.66,,
RSG,"Republic Services, Inc.",Stock,Industrials,Waste Management,71097466880.0,,,1x,,,,,,,,2026-03-05,1492667.0,0.521,,
SVOL,Simplify Volatility Premium ETF,ETF,ETF,Derivative Income,,Derivative Income,,1x,,,,,,,,2026-03-05,472930.0,,Standard,
ECH,iShares MSCI Chile ETF,ETF,ETF,Miscellaneous Region,345592480.0,Miscellaneous Region,,1x,,,,,,,,2026-03-05,1028298.0,,Standard,
JLHL,Julong Holding Limited,Stock,Industrials,Building Products & Equipment,117008720.0,,,1x,,,,,,,,2026-03-05,111766.0,,,
LEGN,Legend Biotech Corporation,Stock,Healthcare,Biotechnology,3260694528.0,,,1x,,,,,,,,2026-03-05,2661906.0,0.058,,
QNST,"QuinStreet, Inc.",Stock,Communication Services,Advertising Agencies,700740480.0,,,1x,,,,,,,,2026-03-05,758501.0,0.749,,
AREC,American Resources Corporation,Stock,Basic Materials,Coking Coal,332455552.0,,,1x,,,,,,,,2026-03-05,4312950.0,1.128,,
ARKF,ARK Blockchain & Fintech Innovation ETF,ETF,ETF,Technology,,Technology,,1x,,,,,,,,2026-03-05,284554.0,,Standard,
IMG,CIMG Inc.,Stock,Consumer Defensive,Packaged Foods,6205805.0,,,1x,,,,,,,,2026-03-05,1327701.0,1.372,,
PALU,Direxion Daily PANW Bull 2X Shares,ETF,ETF,Trading--Leveraged Equity,,Trading--Leveraged Equity,,2x,,,,,,,,2026-03-05,97306.0,,Leveraged,
LFVN,LifeVantage Corporation,Stock,Consumer Defensive,Packaged Foods,60256720.0,,,1x,,,,,,,,2026-03-05,228394.0,0.366,,
AVDV,Avantis International Small Cap Value ETF,ETF,ETF,Foreign Small/Mid Value,,Foreign Small/Mid Value,,1x,,,,,,,,2026-03-05,769471.0,,Standard,
CEVA,"CEVA, Inc.",Stock,Technology,Semiconductors,545219264.0,,,1x,,,,,,,,2026-03-05,460459.0,1.528,,
HBR,Canary HBAR ETF,Stock,Unknown,Unknown,,,,1x,,,,,,,,2026-03-05,59506.0,,,
UTES,Virtus Reaves Utilities ETF,ETF,ETF,Utilities,,Utilities,,1x,,,,,,,,2026-03-05,225793.0,,Standard,
WH,"Wyndham Hotels & Resorts, Inc.",Stock,Consumer Cyclical,Lodging,6067517952.0,,,1x,,,,,,,,2026-03-05,1383945.0,0.723,,
VCLT,Vanguard Long-Term Corporate Bond Index Fund ETF Shares,ETF,ETF,Long-Term Bond,,Long-Term Bond,,1x,,,,,,,,2026-03-05,5139510.0,,Standard,
SRFM,Surf Air Mobility Inc.,Stock,Industrials,Airlines,121072904.0,,,1x,,,,,,,,2026-03-05,3535710.0,3.036,,
MORT,VanEck Mortgage REIT Income ETF,ETF,ETF,Real Estate,,Real Estate,,1x,,,,,,,,2026-03-05,1343750.0,,Standard,
CP,Canadian Pacific Kansas City Limited,Stock,Industrials,Railroads,76538257408.0,,,1x,,,,,,,,2026-03-05,2583354.0,1.174,,
DOCS,"Doximity, Inc.",Stock,Healthcare,Health Information Services,4932707328.0,,,1x,,,,,,,,2026-03-05,3645657.0,1.44,,
FLIN,Franklin FTSE India ETF,ETF,ETF,India Equity,,India Equity,,1x,,,,,,,,2026-03-05,1033071.0,,Standard,
MKZR,"MacKenzie Realty Capital, Inc.",Stock,Real Estate,REIT - Diversified,7020048.0,,,1x,,,,,,,,2026-03-05,39472.0,,,
MWYN,"Marwynn Holdings, Inc.",Stock,Consumer Cyclical,"Furnishings, Fixtures & Appliances",15568175.0,,,1x,,,,,,,,2026-03-05,189408.0,,,
RYM,"RYTHM, Inc.",Stock,Consumer Defensive,Tobacco,37609740.0,,,1x,,,,,,,,2026-03-05,93650.0,10.022,,
TMQ,Trilogy Metals Inc.,Stock,Basic Materials,Other Industrial Metals & Mining,678104320.0,,,1x,,,,,,,,2026-03-05,4981562.0,1.526,,
FIEE,"FiEE, Inc.",Stock,Technology,Communication Equipment,40923752.0,,,1x,,,,,,,,2026-03-05,152516.0,5.489,,
GSRT,GSR III Acquisition Corp.,Stock,Unknown,Unknown,,,,1x,,,,,,,,2026-03-05,,,,
FCHL,Fitness Champs Holdings Limited,Stock,Consumer Defensive,Education & Training Services,3687300.0,,,1x,,,,,,,,2026-03-05,315389.0,,,
OCG,Oriental Culture Holding LTD,Stock,Consumer Cyclical,Internet Retail,3814576.0,,,1x,,,,,,,,2026-03-05,1556293.0,0.393,,
DPRO,Draganfly Inc.,Stock,Technology,Computer Hardware,173687648.0,,,1x,,,,,,,,2026-03-05,2010854.0,3.552,,
FAST,Fastenal Company,Stock,Industrials,Industrial Distribution,54613143552.0,,,1x,,,,,,,,2026-03-05,8483188.0,0.862,,
QSU,Defiance Daily Target 2X Long QS ETF,Stock,Unknown,Unknown,0.0,,,1x,,,,,,,,2026-03-05,275927.0,,,
AXSM,"Axsome Therapeutics, Inc.",Stock,Healthcare,Biotechnology,8306271232.0,,,1x,,,,,,,,2026-03-05,667886.0,0.487,,
AVPT,"AvePoint, Inc.",Stock,Technology,Software - Infrastructure,2411639808.0,,,1x,,,,,,,,2026-03-05,2140445.0,1.173,,
SCHR,Schwab Intermediate-Term U.S. Treasury ETF,ETF,ETF,Intermediate Government,1972372608.0,Intermediate Government,,1x,,,,,,,,2026-03-05,2222693.0,,Standard,
HACK,Amplify Cybersecurity ETF,ETF,ETF,Technology,,Technology,,1x,,,,,,,,2026-03-05,111952.0,,Standard,
CSAI,Cloudastructure Inc.,Stock,Technology,Software - Infrastructure,16476787.0,,,1x,,,,,,,,2026-03-05,395025.0,,,
SPCB,SuperCom Ltd.,Stock,Industrials,Security & Protection Services,39200944.0,,,1x,,,,,,,,2026-03-05,75427.0,0.923,,
TOKE,Cambria Cannabis ETF,ETF,ETF,Miscellaneous Sector,,Miscellaneous Sector,,1x,,,,,,,,2026-03-05,150071.0,,Standard,
TSOL,21Shares Solana ETF,ETF,ETF,Digital Assets,,Digital Assets,,1x,,,,,,,,2026-03-05,29777.0,,Standard,
DAIC,"CID HoldCo, Inc.",Stock,Technology,Information Technology Services,7190512.0,,,1x,,,,,,,,2026-03-05,2963922.0,0.431,,
SRRK,Scholar Rock Holding Corporation,Stock,Healthcare,Biotechnology,4808631296.0,,,1x,,,,,,,,2026-03-05,1108484.0,0.746,,
LVRO,Lavoro Ltd,Stock,Basic Materials,Agricultural Inputs,34951524.0,,,1x,,,,,,,,2026-03-05,2261405.0,0.571,,
KNRX,Knorex Ltd.,Stock,Technology,Software - Application,28445612.0,,,1x,,,,,,,,2026-03-05,1735806.0,,,
KLTO,"Klotho Neurosciences, Inc.",Stock,Healthcare,Biotechnology,29123492.0,,,1x,,,,,,,,2026-03-05,2921993.0,2.235,,
GEO,"The GEO Group, Inc.",Stock,Industrials,Security & Protection Services,2064991232.0,,,1x,,,,,,,,2026-03-05,2140671.0,0.76,,
Z,"Zillow Group, Inc.",Stock,Communication Services,Internet Content & Information,11365604352.0,,,1x,,,,,,,,2026-03-05,4094705.0,2.14,,
ASPC,A SPAC III Acquisition Corp.,Stock,Financial Services,Shell Companies,26414666.0,,,1x,,,,,,,,2026-03-05,356649.0,,,
ELAB,PMGC Holdings Inc.,Stock,Healthcare,Biotechnology,2339111.0,,,1x,,,,,,,,2026-03-05,1340425.0,1.126,,
VTYX,"Ventyx Biosciences, Inc.",Stock,Healthcare,Biotechnology,1004502016.0,,,1x,,,,,,,,2026-03-05,3633949.0,1.274,,
ARBE,Arbe Robotics Ltd.,Stock,Technology,Scientific & Technical Instruments,105360968.0,,,1x,,,,,,,,2026-03-05,4858200.0,0.594,,
METD,Direxion Daily META Bear 1X ETF,ETF,ETF,Trading--Inverse Equity,,Trading--Inverse Equity,,-1x,,,,,,,,2026-03-05,473166.0,,Inverse,
MTB,M&T Bank Corporation,Stock,Financial Services,Banks - Regional,33240242176.0,,,1x,,,,,,,,2026-03-05,1192615.0,0.588,,
HERO,Global X Video Games & Esports ETF,ETF,ETF,Communications,,Communications,,1x,,,,,,,,2026-03-05,30316.0,,Standard,
OSCX,Defiance Daily Target 2x Long OSCR ETF,ETF,ETF,Trading--Leveraged Equity,,Trading--Leveraged Equity,,2x,,,,,,,,2026-03-05,88061.0,,Leveraged,
GTN A,"Gray Media, Inc.",Stock,Communication Services,Broadcasting,1035158720.0,,,1x,,,,,,,,2026-03-05,14767.0,0.866,,
ZNTL,"Zentalis Pharmaceuticals, Inc.",Stock,Healthcare,Biotechnology,146660528.0,,,1x,,,,,,,,2026-03-05,1365076.0,1.714,,
VTIP,Vanguard Short-Term Inflation-Protected Securities Index Fund ETF Shares,ETF,ETF,Short-Term Inflation-Protected Bond,,Short-Term Inflation-Protected Bond,,-1x,,,,,,,,2026-03-05,2586908.0,,Inverse,
TARA,"Protara Therapeutics, Inc.",Stock,Healthcare,Biotechnology,320451808.0,,,1x,,,,,,,,2026-03-05,1098288.0,1.444,,
GMED,"Globus Medical, Inc.",Stock,Healthcare,Medical Devices,12126789632.0,,,1x,,,,,,,,2026-03-05,1369122.0,1.069,,
KOD,Kodiak Sciences Inc.,Stock,Healthcare,Biotechnology,1581154304.0,,,1x,,,,,,,,2026-03-05,826508.0,2.687,,
STEP,StepStone Group Inc.,Stock,Financial Services,Asset Management,5831094784.0,,,1x,,,,,,,,2026-03-05,1151884.0,1.405,,
TDG,TransDigm Group Incorporated,Stock,Industrials,Aerospace & Defense,73259196416.0,,,1x,,,,,,,,2026-03-05,372669.0,0.918,,
ZBIO,"Zenas BioPharma, Inc.",Stock,Healthcare,Biotechnology,1361840512.0,,,1x,,,,,,,,2026-03-05,854522.0,,,
REPL,"Replimune Group, Inc.",Stock,Healthcare,Biotechnology,598651456.0,,,1x,,,,,,,,2026-03-05,1341222.0,0.77,,
CRPT,First Trust SkyBridge Crypto Industry and Digital Economy ETF,ETF,ETF,Equity Digital Assets,,Equity Digital Assets,,1x,,,,,,,,2026-03-05,97938.0,,Standard,
ROMA,Roma Green Finance Limited,Stock,Industrials,Consulting Services,136402864.0,,,1x,,,,,,,,2026-03-05,361759.0,2.381,,
TRUG,"TruGolf Holdings, Inc.",Stock,Consumer Cyclical,Leisure,3718232.0,,,1x,,,,,,,,2026-03-05,606237.0,-1.021,,
HPP,"Hudson Pacific Properties, Inc.",Stock,Real Estate,REIT - Office,3396576768.0,,,1x,,,,,,,,2026-03-05,1487888.0,1.502,,
PHM,"PulteGroup, Inc.",Stock,Consumer Cyclical,Residential Construction,25218031616.0,,,1x,,,,,,,,2026-03-05,1859072.0,1.298,,
NBIX,"Neurocrine Biosciences, Inc.",Stock,Healthcare,Drug Manufacturers - Specialty & Generic,13084887040.0,,,1x,,,,,,,,2026-03-05,1155138.0,0.356,,
HNGE,"Hinge Health, Inc.",Stock,Healthcare,Health Information Services,3606530048.0,,,1x,,,,,,,,2026-03-05,1258859.0,,,
UUP,Invesco DB US Dollar Index Bullish Fund,ETF,ETF,Trading--Miscellaneous,,Trading--Miscellaneous,,1x,,,,,,,,2026-03-05,1272498.0,,Standard,
JFB,JFB Construction Holdings,Stock,Real Estate,Real Estate - Development,132166112.0,,,1x,,,,,,,,2026-03-05,123047.0,,,
XAIR,"Beyond Air, Inc.",Stock,Healthcare,Medical Devices,8751992.0,,,1x,,,,,,,,2026-03-05,7773003.0,0.422,,
ACB,Aurora Cannabis Inc.,Stock,Healthcare,Drug Manufacturers - Specialty & Generic,203870384.0,,,1x,,,,,,,,2026-03-05,1692208.0,1.305,,
MJ,Amplify Alternative Harvest ETF,ETF,ETF,Miscellaneous Sector,,Miscellaneous Sector,,1x,,,,,,,,2026-03-05,90432.0,,Standard,
NAK,Northern Dynasty Minerals Ltd.,Stock,Basic Materials,Other Industrial Metals & Mining,730101184.0,,,1x,,,,,,,,2026-03-05,10626552.0,0.216,,
FVRR,Fiverr International Ltd.,Stock,Communication Services,Internet Content & Information,411063232.0,,,1x,,,,,,,,2026-03-05,1421486.0,1.38,,
TUSI,Touchstone Ultra Short Income ETF,ETF,ETF,Ultrashort Bond,,Ultrashort Bond,,-2x,,,,,,,,2026-03-05,132074.0,,Inverse Leveraged,
DRD,DRDGOLD Limited,Stock,Basic Materials,Gold,2897602560.0,,,1x,,,,,,,,2026-03-05,393972.0,0.412,,
ATYR,"aTyr Pharma, Inc.",Stock,Healthcare,Biotechnology,90167296.0,,,1x,,,,,,,,2026-03-05,2040174.0,0.561,,
ROL,"Rollins, Inc.",Stock,Consumer Cyclical,Personal Services,27537719296.0,,,1x,,,,,,,,2026-03-05,2941703.0,0.796,,
KELYA,"Kelly Services, Inc.",Stock,Industrials,Staffing & Employment Services,319535680.0,,,1x,,,,,,,,2026-03-05,548889.0,0.775,,
UWMC,UWM Holdings Corporation,Stock,Financial Services,Mortgage Finance,6803700736.0,,,1x,,,,,,,,2026-03-05,17340025.0,1.944,,
QCLN,First Trust NASDAQ Clean Edge Green Energy Index Fund,ETF,ETF,Miscellaneous Sector,,Miscellaneous Sector,,1x,,,,,,,,2026-03-05,93110.0,,Standard,
SLRX,"Salarius Pharmaceuticals, Inc.",Stock,Healthcare,Biotechnology,4924230.0,,,1x,,,,,,,,2026-03-05,3838548.0,0.324,,
BBVA,"Banco Bilbao Vizcaya Argentaria, S.A.",Stock,Financial Services,Banks - Diversified,122705723392.0,,,1x,,,,,,,,2026-03-05,1938918.0,0.923,,
CNXT,VanEck ChiNext ETF,ETF,ETF,China Region,,China Region,,1x,,,,,,,,2026-03-05,48286.0,,Standard,
SCSC,"ScanSource, Inc.",Stock,Technology,Electronics & Computer Distribution,828329536.0,,,1x,,,,,,,,2026-03-05,215964.0,1.284,,
HGBL,Heritage Global Inc.,Stock,Financial Services,Capital Markets,44896508.0,,,1x,,,,,,,,2026-03-05,315632.0,0.565,,
DXF,Eason Technology Limited,Stock,Financial Services,Credit Services,2781797.0,,,1x,,,,,,,,2026-03-05,301962.0,3.578,,
VRME,"VerifyMe, Inc.",Stock,Industrials,Security & Protection Services,13041593.0,,,1x,,,,,,,,2026-03-05,4240900.0,0.43,,
SHPU,Direxion Daily SHOP Bull 2X ETF,ETF,ETF,Trading--Leveraged Equity,,Trading--Leveraged Equity,,2x,,,,,,,,2026-03-05,99588.0,,Leveraged,
UA,"Under Armour, Inc.",Stock,Consumer Cyclical,Apparel Manufacturing,2802356224.0,,,1x,,,,,,,,2026-03-05,5520068.0,1.77,,
IBLC,iShares Blockchain and Tech ETF,ETF,ETF,Equity Digital Assets,,Equity Digital Assets,,1x,,,,,,,,2026-03-05,37738.0,,Standard,
GNLN,"Greenlane Holdings, Inc.",Stock,Consumer Defensive,Tobacco,5576104.0,,,1x,,,,,,,,2026-03-05,555137.0,1.215,,
TLIH,Ten-League International Holdings Limited,Stock,Industrials,Industrial Distribution,10438542.0,,,1x,,,,,,,,2026-03-05,2196872.0,,,
PDDL,GraniteShares 2x Long PDD Daily ETF,ETF,ETF,Trading--Leveraged Equity,,Trading--Leveraged Equity,,2x,,,,,,,,2026-03-05,17318.0,,Leveraged,
NVNI,Nvni Group Limited,Stock,Technology,Software - Application,13443832.0,,,1x,,,,,,,,2026-03-05,127589.0,-0.236,,
XPON,Expion360 Inc.,Stock,Industrials,Electrical Equipment & Parts,6916157.0,,,1x,,,,,,,,2026-03-05,1234686.0,0.281,,
JEMA,JPMorgan ActiveBuilders Emerging Markets Equity ETF,ETF,ETF,Diversified Emerging Mkts,,Diversified Emerging Mkts,,1x,,,,,,,,2026-03-05,143816.0,,Standard,
QLGN,QLGN,Stock,Unknown,Unknown,,,,1x,,,,,,,,2026-03-05,,,,
MRCY,"Mercury Systems, Inc.",Stock,Industrials,Aerospace & Defense,5215271424.0,,,1x,,,,,,,,2026-03-05,685262.0,0.765,,
ALNY,"Alnylam Pharmaceuticals, Inc.",Stock,Healthcare,Biotechnology,42831958016.0,,,1x,,,,,,,,2026-03-05,1578622.0,0.38,,
CASY,"Casey's General Stores, Inc.",Stock,Consumer Cyclical,Specialty Retail,24942153728.0,,,1x,,,,,,,,2026-03-05,365303.0,0.646,,
GROY,Gold Royalty Corp.,Stock,Basic Materials,Gold,959986048.0,,,1x,,,,,,,,2026-03-05,3545854.0,0.968,,
FLTR,VanEck IG Floating Rate ETF,ETF,ETF,Ultrashort Bond,,Ultrashort Bond,,1x,,,,,,,,2026-03-05,783686.0,,Standard,
RLX,RLX Technology Inc.,Stock,Consumer Defensive,Tobacco,2880178176.0,,,1x,,,,,,,,2026-03-05,2192830.0,1.228,,
AFJK,"Aimei Health Technology Co., Ltd",Stock,Financial Services,Shell Companies,220382384.0,,,1x,,,,,,,,2026-03-05,217472.0,-2.983,,
QDTY,YieldMax Nasdaq 100 0DTE Covered Call Strategy ETF,ETF,ETF,Derivative Income,,Derivative Income,,1x,,,,,,,,2026-03-05,15645.0,,Standard,
PMAX,Powell Max Limited,Stock,Industrials,Specialty Business Services,17636300.0,,,1x,,,,,,,,2026-03-05,383942.0,,,
BDSX,"Biodesix, Inc.",Stock,Healthcare,Diagnostics & Research,121707200.0,,,1x,,,,,,,,2026-03-05,1501722.0,0.572,,
LITP,Sprott Lithium Miners ETF,ETF,ETF,Natural Resources,,Natural Resources,,1x,,,,,,,,2026-03-05,201061.0,,Standard,
HUDI,"Huadi International Group Co., Ltd.",Stock,Basic Materials,Steel,20519326.0,,,1x,,,,,,,,2026-03-05,65396.0,2.212,,
ROLR,"High Roller Technologies, Inc.",Stock,Consumer Cyclical,Gambling,47914256.0,,,1x,,,,,,,,2026-03-05,2533496.0,,,
MET,"MetLife, Inc.",Stock,Financial Services,Insurance - Life,47433609216.0,,,1x,,,,,,,,2026-03-05,3836242.0,0.745,,
LDOS,"Leidos Holdings, Inc.",Stock,Technology,Information Technology Services,22384883712.0,,,1x,,,,,,,,2026-03-05,1035525.0,0.617,,
PBM,Psyence Biomedical Ltd.,Stock,Healthcare,Biotechnology,2902284.0,,,1x,,,,,,,,2026-03-05,224342.0,0.36,,
YYAI,AiRWA Inc.,Stock,Technology,Software - Infrastructure,40582356.0,,,1x,,,,,,,,2026-03-05,2274711.0,,,
ICHR,"Ichor Holdings, Ltd.",Stock,Technology,Semiconductor Equipment & Materials,1608189824.0,,,1x,,,,,,,,2026-03-05,964644.0,1.712,,
VERI,"Veritone, Inc.",Stock,Technology,Software - Infrastructure,283221600.0,,,1x,,,,,,,,2026-03-05,2311910.0,2.29,,
OTF,Blue Owl Technology Finance Corp.,Stock,Financial Services,Asset Management,5628774912.0,,,1x,,,,,,,,2026-03-05,1958696.0,,,
NXDR,"Nextdoor Holdings, Inc.",Stock,Communication Services,Internet Content & Information,656781824.0,,,1x,,,,,,,,2026-03-05,7217366.0,1.198,,
SPCE,"Virgin Galactic Holdings, Inc.",Stock,Industrials,Aerospace & Defense,189412320.0,,,1x,,,,,,,,2026-03-05,4407240.0,2.278,,
AIRO,"AIRO Group Holdings, Inc.",Stock,Industrials,Aerospace & Defense,314271712.0,,,1x,,,,,,,,2026-03-05,617735.0,,,
STIM,"Neuronetics, Inc.",Stock,Healthcare,Medical Devices,92798424.0,,,1x,,,,,,,,2026-03-05,1874266.0,0.939,,
CNF,CNFinance Holdings Limited,Stock,Financial Services,Mortgage Finance,33673844.0,,,1x,,,,,,,,2026-03-05,6669.0,-0.157,,
KFII,K&F Growth Acquisition Corp. II,Stock,Financial Services,Shell Companies,409440704.0,,,1x,,,,,,,,2026-03-05,52172.0,,,
BQ,Boqii Holding Limited,Stock,Consumer Cyclical,Specialty Retail,5343130.0,,,1x,,,,,,,,2026-03-05,248913.0,,,
IETC,iShares U.S. Tech Independence Focused ETF,ETF,ETF,Technology,,Technology,,1x,,,,,,,,2026-03-05,70754.0,,Standard,
OMAH,VistaShares Target 15 Berkshire Select Income ETF,ETF,ETF,Derivative Income,,Derivative Income,,1x,,,,,,,,2026-03-05,625691.0,,Standard,
ARGX,argenx SE,Stock,Healthcare,Biotechnology,45078970368.0,,,1x,,,,,,,,2026-03-05,359420.0,-0.184,,
VFF,"Village Farms International, Inc.",Stock,Consumer Defensive,Farm Products,395648352.0,,,1x,,,,,,,,2026-03-05,1732715.0,1.296,,
NAKA,Nakamoto Inc.,Stock,Financial Services,Capital Markets,213795568.0,,,1x,,,,,,,,2026-03-05,7897642.0,,,
SHCO,Soho House & Co Inc.,Stock,Consumer Cyclical,Lodging,1758889344.0,,,1x,,,,,,,,2026-03-05,1337842.0,0.685,,
ACLS,"Axcelis Technologies, Inc.",Stock,Technology,Semiconductor Equipment & Materials,2629036288.0,,,1x,,,,,,,,2026-03-05,741420.0,1.761,,
BR,"Broadridge Financial Solutions, Inc.",Stock,Technology,Information Technology Services,22057918464.0,,,1x,,,,,,,,2026-03-05,1080783.0,0.977,,
DKNX,Defiance Daily Target 2X Long DKNG ETF,ETF,ETF,Trading--Leveraged Equity,,Trading--Leveraged Equity,,2x,,,,,,,,2026-03-05,87055.0,,Leveraged,
AGMB,AgomAb Therapeutics NV,Stock,Healthcare,Biotechnology,725203264.0,,,1x,,,,,,,,2026-03-05,303072.0,,,
VTEB,Vanguard Tax-Exempt Bond Index Fund ETF Shares,ETF,ETF,Muni National Interm,,Muni National Interm,,1x,,,,,,,,2026-03-05,7472683.0,,Standard,
DZZ,DB Gold Double Short ETN,ETF,ETF,Trading--Inverse Commodities,,Trading--Inverse Commodities,,-2x,,,,,,,,2026-03-05,42801.0,,Inverse Leveraged,
GSOL,Grayscale Solana Staking ETF,ETF,ETF,Digital Assets,,Digital Assets,,1x,,,,,,,,2026-03-05,923557.0,,Standard,
ISCF,iShares MSCI Intl Small-Cap Multifactor ETF,ETF,ETF,Foreign Small/Mid Blend,,Foreign Small/Mid Blend,,1x,,,,,,,,2026-03-05,53474.0,,Standard,
XLRE,State Street Real Estate Select Sector SPDR ETF,ETF,ETF,Real Estate,,Real Estate,,1x,,,,,,,,2026-03-05,9224364.0,,Standard,
CMBT,Cmb.Tech NV,Stock,Energy,Oil & Gas Midstream,4083239936.0,,,1x,,,,,,,,2026-03-05,2137562.0,-0.055,,
XWEL,"XWELL, Inc.",Stock,Healthcare,Diagnostics & Research,8996056.0,,,1x,,,,,,,,2026-03-05,8977745.0,0.864,,
ALSN,"Allison Transmission Holdings, Inc.",Stock,Consumer Cyclical,Auto Parts,10371130368.0,,,1x,,,,,,,,2026-03-05,948657.0,0.949,,
URTH,iShares MSCI World ETF,ETF,ETF,Global Large-Stock Blend,1288505984.0,Global Large-Stock Blend,,1x,,,,,,,,2026-03-05,455572.0,,Standard,
AISP,"Airship AI Holdings, Inc.",Stock,Technology,Software - Infrastructure,92450352.0,,,1x,,,,,,,,2026-03-05,843237.0,0.369,,
MAC,The Macerich Company,Stock,Real Estate,REIT - Retail,5307388416.0,,,1x,,,,,,,,2026-03-05,2000750.0,2.215,,
ASYS,"Amtech Systems, Inc.",Stock,Technology,Semiconductor Equipment & Materials,202411120.0,,,1x,,,,,,,,2026-03-05,382611.0,1.626,,
NIKL,Sprott Nickel Miners ETF,ETF,ETF,Natural Resources,,Natural Resources,,1x,,,,,,,,2026-03-05,386886.0,,Standard,
ALUR,Allurion Technologies Inc.,Stock,Healthcare,Medical Devices,9183263.0,,,1x,,,,,,,,2026-03-05,2754033.0,-0.455,,
KZIA,Kazia Therapeutics Limited,Stock,Healthcare,Biotechnology,98963200.0,,,1x,,,,,,,,2026-03-05,238418.0,1.627,,
BL,"BlackLine, Inc.",Stock,Technology,Software - Application,2253082112.0,,,1x,,,,,,,,2026-03-05,1103206.0,0.943,,
AIYY,YieldMax AI Option Income Strategy ETF,ETF,ETF,Derivative Income,,Derivative Income,,1x,,,,,,,,2026-03-05,73961.0,,Standard,
TDIC,Dreamland Limited,Stock,Communication Services,Advertising Agencies,6334400.0,,,1x,,,,,,,,2026-03-05,1761391.0,,,
QCML,GraniteShares 2x Long QCOM Daily ETF,ETF,ETF,Trading--Leveraged Equity,,Trading--Leveraged Equity,,2x,,,,,,,,2026-03-05,78098.0,,Leveraged,
CVU,"CPI Aerostructures, Inc.",Stock,Industrials,Aerospace & Defense,61243192.0,,,1x,,,,,,,,2026-03-05,159216.0,0.979,,
SEI,"Solaris Energy Infrastructure, Inc.",Stock,Energy,Oil & Gas Equipment & Services,3613841152.0,,,1x,,,,,,,,2026-03-05,2851169.0,1.151,,
DFIS,Dimensional International Small Cap ETF,ETF,ETF,Foreign Small/Mid Blend,,Foreign Small/Mid Blend,,1x,,,,,,,,2026-03-05,488057.0,,Standard,
NX,Quanex Building Products Corporation,Stock,Industrials,Building Products & Equipment,882936000.0,,,1x,,,,,,,,2026-03-05,767003.0,0.903,,
GIPR,"Generation Income Properties, Inc.",Stock,Real Estate,REIT - Diversified,2097392.0,,,1x,,,,,,,,2026-03-05,482781.0,0.078,,
BIOA,"BioAge Labs, Inc.",Stock,Healthcare,Drug Manufacturers - Specialty & Generic,890371520.0,,,1x,,,,,,,,2026-03-05,694572.0,,,
BCAT,BlackRock Capital Allocation Term Trust,Stock,Financial Services,Asset Management,1602013952.0,,,1x,,,,,,,,2026-03-05,754854.0,,,
RSPT,Invesco S&P 500 Equal Weight Technology ETF,ETF,ETF,Technology,,Technology,,1x,,,,,,,,2026-03-05,320891.0,,Standard,
FRSX,Foresight Autonomous Holdings Ltd.,Stock,Consumer Cyclical,Auto Parts,4067162.0,,,1x,,,,,,,,2026-03-05,195057.0,0.201,,
CPT,Camden Property Trust,Stock,Real Estate,REIT - Residential,11549212672.0,,,1x,,,,,,,,2026-03-05,1317886.0,0.821,,
CRBU,"Caribou Biosciences, Inc.",Stock,Healthcare,Biotechnology,162643744.0,,,1x,,,,,,,,2026-03-05,1196247.0,2.547,,
JKHY,"Jack Henry & Associates, Inc.",Stock,Technology,Information Technology Services,12159721472.0,,,1x,,,,,,,,2026-03-05,928376.0,0.726,,
OLB,"The OLB Group, Inc.",Stock,Technology,Software - Infrastructure,10172449.0,,,1x,,,,,,,,2026-03-05,9200854.0,2.019,,
BRLS,Borealis Foods Inc.,Stock,Consumer Defensive,Packaged Foods,34772704.0,,,1x,,,,,,,,2026-03-05,1580845.0,0.184,,
GLDW,Roundhill Gold WeeklyPay ETF,ETF,ETF,Trading--Miscellaneous,,Trading--Miscellaneous,,1x,,,,,,,,2026-03-05,28037.0,,Standard,
BRR,"ProCap Financial, Inc.",Stock,Financial Services,Capital Markets,236086448.0,,,1x,,,,,,,,2026-03-05,918691.0,,,
UBOT,"Direxion Daily Robotics, Artificial Intelligence & Automation Index Bull 2X Shares",ETF,ETF,Trading--Leveraged Equity,,Trading--Leveraged Equity,,2x,,,,,,,,2026-03-05,22308.0,,Leveraged,
HEFA,iShares Currency Hedged MSCI EAFE ETF,ETF,ETF,Foreign Large Blend,,Foreign Large Blend,,1x,,,,,,,,2026-03-05,797457.0,,Standard,
JDZG,JIADE Limited,Stock,Technology,Information Technology Services,3499752.0,,,1x,,,,,,,,2026-03-05,5315362.0,,,
KEX,Kirby Corporation,Stock,Industrials,Marine Shipping,7138139648.0,,,1x,,,,,,,,2026-03-05,726181.0,0.859,,
AIOS,AIOS Tech Inc.,Stock,Financial Services,Credit Services,3021526.0,,,1x,,,,,,,,2026-03-05,1727335.0,1.708,,
BCRX,"BioCryst Pharmaceuticals, Inc.",Stock,Healthcare,Drug Manufacturers - Specialty & Generic,2136822528.0,,,1x,,,,,,,,2026-03-05,4370955.0,0.759,,
SPIR,"Spire Global, Inc.",Stock,Industrials,Specialty Business Services,328381056.0,,,1x,,,,,,,,2026-03-05,730166.0,2.542,,
CGAU,Centerra Gold Inc.,Stock,Basic Materials,Gold,3691394048.0,,,1x,,,,,,,,2026-03-05,1837506.0,1.461,,
OCTO,Eightco Holdings Inc.,Stock,Unknown,Unknown,,,,1x,,,,,,,,2026-03-05,,,,
LGIH,"LGI Homes, Inc.",Stock,Consumer Cyclical,Residential Construction,1121723392.0,,,1x,,,,,,,,2026-03-05,379333.0,1.794,,
XNET,Xunlei Limited,Stock,Technology,Software - Infrastructure,352831264.0,,,1x,,,,,,,,2026-03-05,297169.0,1.066,,
ESTC,Elastic N.V.,Stock,Technology,Software - Application,5503190528.0,,,1x,,,,,,,,2026-03-05,1922569.0,1.043,,
SOLV,Solventum Corporation,Stock,Healthcare,Medical Instruments & Supplies,12219129856.0,,,1x,,,,,,,,2026-03-05,1077366.0,,,
QQMG,Invesco ESG NASDAQ 100 ETF,ETF,ETF,Large Growth,,Large Growth,,1x,,,,,,,,2026-03-05,36966.0,,Standard,
HAFN,Hafnia Limited,Stock,Industrials,Marine Shipping,3787600128.0,,,1x,,,,,,,,2026-03-05,1272137.0,,,
CURR,CURRENC Group Inc.,Stock,Technology,Software - Application,170077392.0,,,1x,,,,,,,,2026-03-05,203076.0,0.017,,
ANL,Adlai Nortye Ltd.,Stock,Healthcare,Biotechnology,315866304.0,,,1x,,,,,,,,2026-03-05,961477.0,-1.452,,
UBRL,GraniteShares 2x Long UBER Daily ETF,ETF,ETF,Trading--Leveraged Equity,,Trading--Leveraged Equity,,2x,,,,,,,,2026-03-05,148515.0,,Leveraged,
ZETX,Defiance Daily Target 2X Long ZETA ETF,Stock,Unknown,Unknown,,,,1x,,,,,,,,2026-03-05,36980.0,,,
KUST,"Kustom Entertainment, Inc.",Stock,Communication Services,Entertainment,865086.0,,,1x,,,,,,,,2026-03-05,2610250.0,1.047,,
MINE,Mayfair Gold Corp.,Stock,Basic Materials,Gold,249155072.0,,,1x,,,,,,,,2026-03-05,235300.0,0.111,,
VIS,Vanguard Industrials Index Fund ETF Shares,ETF,ETF,Industrials,8152335872.0,Industrials,,1x,,,,,,,,2026-03-05,87796.0,,Standard,
ZWS,Zurn Elkay Water Solutions Corporation,Stock,Industrials,Pollution & Treatment Controls,8172576768.0,,,1x,,,,,,,,2026-03-05,969274.0,0.77,,
USAU,U.S. Gold Corp.,Stock,Basic Materials,Gold,300141408.0,,,1x,,,,,,,,2026-03-05,383464.0,0.748,,
TOPT,iShares Top 20 U.S. Stocks ETF,ETF,ETF,Large Blend,,Large Blend,,1x,,,,,,,,2026-03-05,458094.0,,Standard,
APPF,"AppFolio, Inc.",Stock,Technology,Software - Application,6901068800.0,,,1x,,,,,,,,2026-03-05,364327.0,0.801,,
GBCI,"Glacier Bancorp, Inc.",Stock,Financial Services,Banks - Regional,5766797824.0,,,1x,,,,,,,,2026-03-05,1041823.0,0.746,,
VONG,Vanguard Russell 1000 Growth Index Fund ETF Shares,ETF,ETF,Large Growth,,Large Growth,,1x,,,,,,,,2026-03-05,3166006.0,,Standard,
BREA,BREA,Stock,Unknown,Unknown,,,,1x,,,,,,,,2026-03-05,,,,
PFGC,Performance Food Group Company,Stock,Consumer Defensive,Food Distribution,14171898880.0,,,1x,,,,,,,,2026-03-05,2358737.0,0.904,,
SGI,Somnigroup International Inc.,Stock,Consumer Cyclical,"Furnishings, Fixtures & Appliances",17679472640.0,,,1x,,,,,,,,2026-03-05,1672854.0,1.268,,
VOR,Vor Biopharma Inc.,Stock,Healthcare,Biotechnology,613663232.0,,,1x,,,,,,,,2026-03-05,1835747.0,2.041,,
AAPX,T-Rex 2X Long Apple Daily Target ETF,ETF,ETF,Trading--Leveraged Equity,,Trading--Leveraged Equity,,2x,,,,,,,,2026-03-05,203730.0,,Leveraged,
PODC,"PodcastOne, Inc.",Stock,Communication Services,Internet Content & Information,65048476.0,,,1x,,,,,,,,2026-03-05,132081.0,0.018,,
CRNC,Cerence Inc.,Stock,Technology,Software - Application,344388320.0,,,1x,,,,,,,,2026-03-05,1001376.0,2.715,,
OR,OR Royalties Inc.,Stock,Basic Materials,Gold,8024594944.0,,,1x,,,,,,,,2026-03-05,1447225.0,1.272,,
SMJF,SMJ International Holdings Inc.,Stock,Unknown,Unknown,88656000.0,,,1x,,,,,,,,2026-03-05,828106.0,,,
TXG,"10x Genomics, Inc.",Stock,Healthcare,Health Information Services,2841210112.0,,,1x,,,,,,,,2026-03-05,2548159.0,2.213,,
RDIB,"Reading International, Inc.",Stock,Communication Services,Entertainment,281694016.0,,,1x,,,,,,,,2026-03-05,26348.0,0.962,,
RZLT,"Rezolute, Inc.",Stock,Healthcare,Biotechnology,302883168.0,,,1x,,,,,,,,2026-03-05,7441411.0,0.641,,
SNSE,"Sensei Biotherapeutics, Inc.",Stock,Healthcare,Biotechnology,39074384.0,,,1x,,,,,,,,2026-03-05,309888.0,-0.084,,
MESO,Mesoblast Limited,Stock,Healthcare,Biotechnology,2049613696.0,,,1x,,,,,,,,2026-03-05,238052.0,0.85,,
JBK,"Corporate Backed Trust Certificates, Goldman Sachs Capital I Securities-Backed Series 2004-6 04-6 A1 3.50",Stock,Unknown,Unknown,,,,1x,,,,,,,,2026-03-05,2550.0,,,
WWD,"Woodward, Inc.",Stock,Industrials,Aerospace & Defense,23179759616.0,,,1x,,,,,,,,2026-03-05,630055.0,0.964,,
VLN,Valens Semiconductor Ltd.,Stock,Technology,Semiconductors,153727344.0,,,1x,,,,,,,,2026-03-05,2061498.0,0.287,,
PCSA,"Processa Pharmaceuticals, Inc.",Stock,Healthcare,Biotechnology,6616042.0,,,1x,,,,,,,,2026-03-05,826400.0,1.053,,
TALK,"Talkspace, Inc.",Stock,Healthcare,Health Information Services,796306176.0,,,1x,,,,,,,,2026-03-05,1554118.0,1.211,,
ZOOZ,ZOOZ Strategy Ltd.,Stock,Consumer Cyclical,Specialty Retail,62363792.0,,,1x,,,,,,,,2026-03-05,412562.0,,,
MUX,McEwen Inc.,Stock,Basic Materials,Other Precious Metals & Mining,1450851968.0,,,1x,,,,,,,,2026-03-05,1317872.0,1.153,,
LPLA,LPL Financial Holdings Inc.,Stock,Financial Services,Capital Markets,24701132800.0,,,1x,,,,,,,,2026-03-05,916196.0,0.577,,
IMUX,"Immunic, Inc.",Stock,Healthcare,Biotechnology,144341664.0,,,1x,,,,,,,,2026-03-05,3180138.0,1.476,,
FDN,First Trust Dow Jones Internet Index Fund,ETF,ETF,Technology,,Technology,,1x,,,,,,,,2026-03-05,601920.0,,Standard,
GWH,"ESS Tech, Inc.",Stock,Industrials,Electrical Equipment & Parts,42606284.0,,,1x,,,,,,,,2026-03-05,574252.0,1.501,,
UPC,Universe Pharmaceuticals INC,Stock,Healthcare,Drug Manufacturers - Specialty & Generic,1487212.0,,,1x,,,,,,,,2026-03-05,79745.0,1.57,,
IYM,iShares U.S. Basic Materials ETF,ETF,ETF,Natural Resources,761060992.0,Natural Resources,,1x,,,,,,,,2026-03-05,138449.0,,Standard,
FUBO,FuboTV Inc.,Stock,Communication Services,Broadcasting,437366848.0,,,1x,,,,,,,,2026-03-05,14387494.0,2.282,,
SPWO,SP Funds S&P World ETF,ETF,ETF,Foreign Large Growth,,Foreign Large Growth,,1x,,,,,,,,2026-03-05,55267.0,,Standard,
MNTS,Momentus Inc.,Stock,Industrials,Aerospace & Defense,7413193.0,,,1x,,,,,,,,2026-03-05,3221426.0,1.149,,
SJNK,State Street SPDR Bloomberg Short Term High Yield Bond ETF,ETF,ETF,High Yield Bond,,High Yield Bond,,-1x,,,,,,,,2026-03-05,3809472.0,,Inverse,
SHFS,"SHF Holdings, Inc.",Stock,Financial Services,Banks - Regional,2600120.0,,,1x,,,,,,,,2026-03-05,278247.0,0.921,,
PLXS,Plexus Corp.,Stock,Technology,Electronic Components,5273987072.0,,,1x,,,,,,,,2026-03-05,306374.0,0.792,,
DGRW,WisdomTree U.S. Quality Dividend Growth Fund,ETF,ETF,Large Blend,,Large Blend,,1x,,,,,,,,2026-03-05,829162.0,,Standard,
THC,Tenet Healthcare Corporation,Stock,Healthcare,Medical Care Facilities,21149523968.0,,,1x,,,,,,,,2026-03-05,972030.0,1.412,,
CNXC,Concentrix Corporation,Stock,Technology,Information Technology Services,2113640192.0,,,1x,,,,,,,,2026-03-05,1247367.0,0.434,,
LTCC,Canary Litecoin ETF,Stock,Unknown,Unknown,,,,1x,,,,,,,,2026-03-05,30671.0,,,
DIV,Global X SuperDividend U.S. ETF,ETF,ETF,Small Value,,Small Value,,1x,,,,,,,,2026-03-05,314922.0,,Standard,
FNGO,MicroSectors FANG+ Index 2X Leveraged ETN,ETF,ETF,Trading--Leveraged Equity,,Trading--Leveraged Equity,,2x,,,,,,,,2026-03-05,12189.0,,Leveraged,
WAI,Top KingWin Ltd,Stock,Financial Services,Capital Markets,5534261.0,,,1x,,,,,,,,2026-03-05,32615.0,2.292,,
FGRU,T-Rex 2X Long FIGR Daily Target ETF,ETF,ETF,Trading--Leveraged Equity,,Trading--Leveraged Equity,,2x,,,,,,,,2026-03-05,65800.0,,Leveraged,
TNL,Travel + Leisure Co.,Stock,Consumer Cyclical,Travel Services,4671718912.0,,,1x,,,,,,,,2026-03-05,607833.0,1.352,,
MMYT,MakeMyTrip Limited,Stock,Consumer Cyclical,Travel Services,4859653120.0,,,1x,,,,,,,,2026-03-05,1739674.0,0.665,,
ROKT,State Street SPDR S&P Kensho Final Frontiers ETF,ETF,ETF,Industrials,,Industrials,,1x,,,,,,,,2026-03-05,16267.0,,Standard,
PXIU,T-REX 2X Long UPXI Daily Target ETF,ETF,ETF,Trading--Leveraged Equity,,Trading--Leveraged Equity,,2x,,,,,,,,2026-03-05,875583.0,,Leveraged,
BETR,Better Home & Finance Holding Company,Stock,Financial Services,Mortgage Finance,492089600.0,,,1x,,,,,,,,2026-03-05,436781.0,2.001,,
STEX,Streamex Corp.,Stock,Financial Services,Capital Markets,431922752.0,,,1x,,,,,,,,2026-03-05,1675845.0,1.651,,
OPI,OPI,Stock,Unknown,Unknown,,,,1x,,,,,,,,2026-03-05,,,,
UGRO,"urban-gro, Inc.",Stock,Industrials,Farm & Heavy Construction Machinery,1894087.0,,,1x,,,,,,,,2026-03-05,264528.0,1.892,,
HLN,Haleon plc,Stock,Healthcare,Drug Manufacturers - Specialty & Generic,45666783232.0,,,1x,,,,,,,,2026-03-05,8827618.0,0.248,,
PRAX,"Praxis Precision Medicines, Inc.",Stock,Healthcare,Biotechnology,8756580352.0,,,1x,,,,,,,,2026-03-05,569994.0,3.006,,
TBF,ProShares Short 20+ Year Treasury,ETF,ETF,Trading--Inverse Debt,,Trading--Inverse Debt,,-1x,,,,,,,,2026-03-05,86277.0,,Inverse,
ATGL,Alpha Technology Group Limited,Stock,Technology,Software - Infrastructure,278216256.0,,,1x,,,,,,,,2026-03-05,18945.0,5.533,,
SNDL,SNDL Inc.,Stock,Consumer Defensive,Beverages - Wineries & Distilleries,396549984.0,,,1x,,,,,,,,2026-03-05,2689577.0,0.771,,
SCYB,Schwab High Yield Bond ETF,ETF,ETF,High Yield Bond,,High Yield Bond,,1x,,,,,,,,2026-03-05,1078638.0,,Standard,
TARK,Tradr 2X Long Innovation ETF,ETF,ETF,Trading--Leveraged Equity,,Trading--Leveraged Equity,,2x,,,,,,,,2026-03-05,44333.0,,Leveraged,
GLUE,"Monte Rosa Therapeutics, Inc.",Stock,Healthcare,Biotechnology,1404772736.0,,,1x,,,,,,,,2026-03-05,1643461.0,1.639,,
BBNX,"Beta Bionics, Inc.",Stock,Healthcare,Medical Devices,481324352.0,,,1x,,,,,,,,2026-03-05,1271486.0,,,
EVGO,"EVgo, Inc.",Stock,Consumer Cyclical,Specialty Retail,748859968.0,,,1x,,,,,,,,2026-03-05,3542740.0,2.691,,
SYF,Synchrony Financial,Stock,Financial Services,Credit Services,24776171520.0,,,1x,,,,,,,,2026-03-05,4490020.0,1.412,,
BC,Brunswick Corporation,Stock,Consumer Cyclical,Recreational Vehicles,5011719680.0,,,1x,,,,,,,,2026-03-05,903738.0,1.376,,
GSHD,"Goosehead Insurance, Inc.",Stock,Financial Services,Insurance Brokers,1882973696.0,,,1x,,,,,,,,2026-03-05,435616.0,1.624,,
KELYB,"Kelly Services, Inc.",Stock,Industrials,Staffing & Employment Services,493675776.0,,,1x,,,,,,,,2026-03-05,51116.0,0.775,,
VSOL,VanEck Solana ETF,ETF,ETF,Digital Assets,,Digital Assets,,1x,,,,,,,,2026-03-05,51459.0,,Standard,
BTGO,"BitGo Holdings, Inc.",Stock,Financial Services,Capital Markets,1272733952.0,,,1x,,,,,,,,2026-03-05,1736740.0,,,
BTCS,BTCS Inc.,Stock,Financial Services,Capital Markets,89583360.0,,,1x,,,,,,,,2026-03-05,976586.0,3.284,,
CDLR,Cadeler A/S,Stock,Industrials,Engineering & Construction,2137923328.0,,,1x,,,,,,,,2026-03-05,133189.0,0.625,,
SUNE,SUNation Energy Inc.,Stock,Technology,Solar,4871459.0,,,1x,,,,,,,,2026-03-05,2944145.0,4.389,,
GUNR,FlexShares Morningstar Global Upstream Natural Resources Index Fund,ETF,ETF,Natural Resources,,Natural Resources,,1x,,,,,,,,2026-03-05,617222.0,,Standard,
LGHL,Lion Group Holding Ltd.,Stock,Financial Services,Capital Markets,646515.0,,,1x,,,,,,,,2026-03-05,432089.0,2.662,,
PMMF,iShares Prime Money Market ETF,ETF,ETF,Prime Money Market,,Prime Money Market,,1x,,,,,,,,2026-03-05,98601.0,,Standard,
LIMN,"Liminatus Pharma, Inc.",Stock,Healthcare,Biotechnology,10109001.0,,,1x,,,,,,,,2026-03-05,8712406.0,0.496,,
MPL,Defiance Daily Target 2X Long MP ETF,Stock,Unknown,Unknown,,,,1x,,,,,,,,2026-03-05,259959.0,,,
WOOF,"Petco Health and Wellness Company, Inc.",Stock,Consumer Cyclical,Specialty Retail,683395072.0,,,1x,,,,,,,,2026-03-05,1786138.0,1.735,,
BTCW,WisdomTree Bitcoin Fund,ETF,ETF,Digital Assets,,Digital Assets,,1x,,,,,,,,2026-03-05,50864.0,,Standard,
FLWS,"1-800-FLOWERS.COM, Inc.",Stock,Consumer Cyclical,Specialty Retail,229355568.0,,,1x,,,,,,,,2026-03-05,924818.0,1.225,,
SAIL,"SailPoint, Inc.",Stock,Technology,Software - Infrastructure,8326101504.0,,,1x,,,,,,,,2026-03-05,2639584.0,,,
SRE,Sempra,Stock,Utilities,Utilities - Diversified,61182365696.0,,,1x,,,,,,,,2026-03-05,3848005.0,0.7,,
STNE,StoneCo Ltd.,Stock,Technology,Software - Infrastructure,3678460672.0,,,1x,,,,,,,,2026-03-05,5461688.0,1.877,,
CETX,"Cemtrex, Inc.",Stock,Technology,Software - Infrastructure,10682774.0,,,1x,,,,,,,,2026-03-05,6985713.0,1.346,,
QUAL,iShares MSCI USA Quality Factor ETF,ETF,ETF,Large Blend,24331051008.0,Large Blend,,1x,,,,,,,,2026-03-05,1751940.0,,Standard,
TEX,Terex Corporation,Stock,Industrials,Farm & Heavy Construction Machinery,7719092736.0,,,1x,,,,,,,,2026-03-05,1881672.0,1.609,,
EWH,iShares MSCI Hong Kong ETF,ETF,ETF,China Region,2057588480.0,China Region,,1x,,,,,,,,2026-03-05,4114054.0,,Standard,
MASI,Masimo Corporation,Stock,Healthcare,Medical Devices,9427872768.0,,,1x,,,,,,,,2026-03-05,1298272.0,1.248,,
WRBY,Warby Parker Inc.,Stock,Healthcare,Medical Instruments & Supplies,3241643264.0,,,1x,,,,,,,,2026-03-05,4425374.0,2.058,,
PPG,"PPG Industries, Inc.",Stock,Basic Materials,Specialty Chemicals,25509687296.0,,,1x,,,,,,,,2026-03-05,2093554.0,1.123,,
LTC,"LTC Properties, Inc.",Stock,Real Estate,REIT - Healthcare Facilities,1849191936.0,,,1x,,,,,,,,2026-03-05,421755.0,0.593,,
QQQJ,Invesco NASDAQ Next Gen 100 ETF,ETF,ETF,Mid-Cap Growth,,Mid-Cap Growth,,1x,,,,,,,,2026-03-05,237193.0,,Standard,
IVF,"INVO Fertility, Inc.",Stock,Healthcare,Medical Devices,6196070.0,,,1x,,,,,,,,2026-03-05,7379262.0,,,
LUCD,Lucid Diagnostics Inc.,Stock,Healthcare,Medical Devices,188913312.0,,,1x,,,,,,,,2026-03-05,1368869.0,1.181,,
PSNL,"Personalis, Inc.",Stock,Healthcare,Diagnostics & Research,779702208.0,,,1x,,,,,,,,2026-03-05,1396557.0,2.107,,
XPP,ProShares Ultra FTSE China 50,ETF,ETF,Trading--Leveraged Equity,,Trading--Leveraged Equity,,2x,,,,,,,,2026-03-05,7432.0,,Leveraged,
CLOA,iShares AAA CLO Active ETF,ETF,ETF,Securitized Bond - Focused,,Securitized Bond - Focused,,1x,,,,,,,,2026-03-05,496472.0,,Standard,
POWI,"Power Integrations, Inc.",Stock,Technology,Semiconductors,2628946944.0,,,1x,,,,,,,,2026-03-05,1061123.0,1.374,,
PLCE,"The Children's Place, Inc.",Stock,Consumer Cyclical,Apparel Manufacturing,87563168.0,,,1x,,,,,,,,2026-03-05,461894.0,1.997,,
RPD,"Rapid7, Inc.",Stock,Technology,Software - Infrastructure,445437440.0,,,1x,,,,,,,,2026-03-05,1457064.0,0.891,,
PRLD,Prelude Therapeutics Incorporated,Stock,Healthcare,Biotechnology,185452560.0,,,1x,,,,,,,,2026-03-05,438138.0,0.874,,
ATCH,"AtlasClear Holdings, Inc.",Stock,Financial Services,Capital Markets,32168918.0,,,1x,,,,,,,,2026-03-05,5263152.0,0.608,,
DBI,Designer Brands Inc.,Stock,Consumer Cyclical,Footwear & Accessories,332065472.0,,,1x,,,,,,,,2026-03-05,1196891.0,0.957,,
STT,State Street Corporation,Stock,Financial Services,Asset Management,34947575808.0,,,1x,,,,,,,,2026-03-05,2158979.0,1.416,,
CUZ,Cousins Properties Incorporated,Stock,Real Estate,REIT - Office,4025447424.0,,,1x,,,,,,,,2026-03-05,2073937.0,1.199,,
VSTS,Vestis Corporation,Stock,Industrials,Rental & Leasing Services,1019965248.0,,,1x,,,,,,,,2026-03-05,2295303.0,0.731,,
SG,"Sweetgreen, Inc.",Stock,Consumer Cyclical,Restaurants,666445504.0,,,1x,,,,,,,,2026-03-05,4422674.0,1.937,,
AGAE,Allied Gaming & Entertainment Inc.,Stock,Communication Services,Entertainment,12088589.0,,,1x,,,,,,,,2026-03-05,4456793.0,1.485,,
LEA,Lear Corporation,Stock,Consumer Cyclical,Auto Parts,6487419392.0,,,1x,,,,,,,,2026-03-05,572627.0,1.255,,
GLBE,Global-E Online Ltd.,Stock,Consumer Cyclical,Internet Retail,6082982912.0,,,1x,,,,,,,,2026-03-05,1578025.0,1.245,,
HXHX,Haoxin Holdings Limited,Stock,Industrials,Integrated Freight & Logistics,6818625.0,,,1x,,,,,,,,2026-03-05,7330638.0,,,
NXTT,Next Technology Holding Inc.,Stock,Technology,Software - Application,16918056.0,,,1x,,,,,,,,2026-03-05,98288.0,5.487,,
BBAX,JPMorgan BetaBuilders Developed Asia Pacific ex-Japan ETF,ETF,ETF,Pacific/Asia ex-Japan Stk,,Pacific/Asia ex-Japan Stk,,1x,,,,,,,,2026-03-05,294116.0,,Standard,
APTV,Aptiv PLC,Stock,Consumer Cyclical,Auto Parts,15743545344.0,,,1x,,,,,,,,2026-03-05,2216316.0,1.534,,
HLI,"Houlihan Lokey, Inc.",Stock,Financial Services,Capital Markets,11235518464.0,,,1x,,,,,,,,2026-03-05,516832.0,0.963,,
ABTS,Abits Group Inc.,Stock,Financial Services,Capital Markets,8665105.0,,,1x,,,,,,,,2026-03-05,700608.0,,,
GDTC,CytoMed Therapeutics Limited,Stock,Healthcare,Biotechnology,12368506.0,,,1x,,,,,,,,2026-03-05,612972.0,-0.348,,
RXO,"RXO, Inc.",Stock,Industrials,Trucking,2635313152.0,,,1x,,,,,,,,2026-03-05,2451081.0,1.544,,
MIR,"Mirion Technologies, Inc.",Stock,Industrials,Specialty Industrial Machinery,5339723264.0,,,1x,,,,,,,,2026-03-05,2858872.0,1.043,,
BERZ,MicroSectors Solactive FANG & Innovation -3X Inverse Leveraged ETNs,ETF,ETF,Trading--Inverse Equity,,Trading--Inverse Equity,,-3x,,,,,,,,2026-03-05,90520.0,,Inverse Leveraged,
IVDA,"Iveda Solutions, Inc.",Stock,Industrials,Security & Protection Services,3446635.0,,,1x,,,,,,,,2026-03-05,4364659.0,0.767,,
RGNX,REGENXBIO Inc.,Stock,Healthcare,Biotechnology,424221472.0,,,1x,,,,,,,,2026-03-05,916206.0,1.137,,
PSN,Parsons Corporation,Stock,Technology,Information Technology Services,6973404160.0,,,1x,,,,,,,,2026-03-05,1411561.0,0.649,,
EFG,iShares MSCI EAFE Growth ETF,ETF,ETF,Foreign Large Growth,,Foreign Large Growth,,1x,,,,,,,,2026-03-05,831067.0,,Standard,
JEM,707 Cayman Holdings Limited,Stock,Consumer Cyclical,Apparel Retail,1623578.0,,,1x,,,,,,,,2026-03-05,6749462.0,,,
RRC,Range Resources Corporation,Stock,Energy,Oil & Gas E&P,9939457024.0,,,1x,,,,,,,,2026-03-05,3328067.0,0.568,,
CCI,Crown Castle Inc.,Stock,Real Estate,REIT - Specialty,39104618496.0,,,1x,,,,,,,,2026-03-05,3343454.0,0.951,,
OMC,Omnicom Group Inc.,Stock,Communication Services,Advertising Agencies,27277869056.0,,,1x,,,,,,,,2026-03-05,5180018.0,0.71,,
TDOC,"Teladoc Health, Inc.",Stock,Healthcare,Health Information Services,904227008.0,,,1x,,,,,,,,2026-03-05,6136569.0,2.193,,
LUCY,"Lucyd, Inc",Stock,Healthcare,Medical Instruments & Supplies,6125959.0,,,1x,,,,,,,,2026-03-05,3349893.0,3.228,,
VPG,"Vishay Precision Group, Inc.",Stock,Technology,Scientific & Technical Instruments,621859584.0,,,1x,,,,,,,,2026-03-05,289386.0,0.886,,
BKU,"BankUnited, Inc.",Stock,Financial Services,Banks - Regional,3491875328.0,,,1x,,,,,,,,2026-03-05,882510.0,1.277,,
DFAI,Dimensional International Core Equity Market ETF,ETF,ETF,Foreign Large Blend,,Foreign Large Blend,,1x,,,,,,,,2026-03-05,1893630.0,,Standard,
EMN,Eastman Chemical Company,Stock,Basic Materials,Specialty Chemicals,8483371520.0,,,1x,,,,,,,,2026-03-05,1672674.0,1.221,,
LE,"Lands' End, Inc.",Stock,Consumer Cyclical,Apparel Retail,487900576.0,,,1x,,,,,,,,2026-03-05,248569.0,2.416,,
APLT,"Applied Therapeutics, Inc.",Stock,Healthcare,Biotechnology,14862969.0,,,1x,,,,,,,,2026-03-05,16032278.0,2.084,,
PALI,"Palisade Bio, Inc.",Stock,Healthcare,Biotechnology,260359616.0,,,1x,,,,,,,,2026-03-05,4920910.0,1.555,,
EMM,Global X Emerging Markets ex-China ETF,ETF,ETF,Diversified Emerging Mkts,,Diversified Emerging Mkts,,1x,,,,,,,,2026-03-05,38710.0,,Standard,
DUO,Fangdd Network Group Ltd.,Stock,Real Estate,Real Estate Services,43559704.0,,,1x,,,,,,,,2026-03-05,164644.0,,,
AUGO,Aura Minerals Inc.,Stock,Basic Materials,Gold,6867788800.0,,,1x,,,,,,,,2026-03-05,901076.0,0.279,,
CSW,"CSW Industrials, Inc.",Stock,Industrials,Specialty Industrial Machinery,4497568256.0,,,1x,,,,,,,,2026-03-05,163677.0,0.797,,
KSTR,KraneShares SSE STAR Market 50 Index ETF,ETF,ETF,China Region,,China Region,,1x,,,,,,,,2026-03-05,273230.0,,Standard,
SITC,SITE Centers Corp.,Stock,Real Estate,REIT - Retail,326927488.0,,,1x,,,,,,,,2026-03-05,1177698.0,1.15,,
SPEM,State Street SPDR Portfolio Emerging Markets ETF,ETF,ETF,Diversified Emerging Mkts,3667584000.0,Diversified Emerging Mkts,,1x,,,,,,,,2026-03-05,3142827.0,,Standard,
CMND,Clearmind Medicine Inc.,Stock,Healthcare,Biotechnology,1992234.0,,,1x,,,,,,,,2026-03-05,267208.0,-1.054,,
IOTR,iOThree Limited,Stock,Communication Services,Telecom Services,4963277.0,,,1x,,,,,,,,2026-03-05,1527532.0,,,
OI,"O-I Glass, Inc.",Stock,Consumer Cyclical,Packaging & Containers,1863101440.0,,,1x,,,,,,,,2026-03-05,2047816.0,0.753,,
VERO,Venus Concept Inc.,Stock,Healthcare,Medical Devices,743649.0,,,1x,,,,,,,,2026-03-05,7037057.0,0.059,,
INVZ,Innoviz Technologies Ltd.,Stock,Consumer Cyclical,Auto Parts,184606384.0,,,1x,,,,,,,,2026-03-05,3876850.0,1.434,,
HCTI,"Healthcare Triangle, Inc.",Stock,Healthcare,Health Information Services,2009792.0,,,1x,,,,,,,,2026-03-05,540548.0,1.033,,
BUR,Burford Capital Limited,Stock,Financial Services,Asset Management,1802620288.0,,,1x,,,,,,,,2026-03-05,1790923.0,1.021,,
AGIO,"Agios Pharmaceuticals, Inc.",Stock,Healthcare,Biotechnology,1635307520.0,,,1x,,,,,,,,2026-03-05,1150532.0,0.876,,
SATO,Invesco Alerian Galaxy Crypto Economy ETF,ETF,ETF,Equity Digital Assets,,Equity Digital Assets,,1x,,,,,,,,2026-03-05,5605.0,,Standard,
CHKP,Check Point Software Technologies Ltd.,Stock,Technology,Software - Infrastructure,17290551296.0,,,1x,,,,,,,,2026-03-05,1265313.0,0.633,,
NIVF,NewGenIvf Group Limited,Stock,Healthcare,Medical Care Facilities,598234.0,,,1x,,,,,,,,2026-03-05,646135.0,0.001,,
HCAI,"Huachen AI Parking Management Technology Holding Co., Ltd",Stock,Industrials,Farm & Heavy Construction Machinery,10612129.0,,,1x,,,,,,,,2026-03-05,673393.0,,,
XPRO,Expro Group Holdings N.V.,Stock,Energy,Oil & Gas Equipment & Services,1882819968.0,,,1x,,,,,,,,2026-03-05,1166681.0,1.162,,
NUWE,"Nuwellis, Inc.",Stock,Healthcare,Medical Devices,1372050.0,,,1x,,,,,,,,2026-03-05,2211381.0,-0.01,,
COGT,"Cogent Biosciences, Inc.",Stock,Healthcare,Biotechnology,6175850496.0,,,1x,,,,,,,,2026-03-05,2167832.0,0.454,,
UI,Ubiquiti Inc.,Stock,Technology,Communication Equipment,47103332352.0,,,1x,,,,,,,,2026-03-05,103837.0,1.369,,
SCHH,Schwab U.S. REIT ETF,ETF,ETF,Real Estate,,Real Estate,,1x,,,,,,,,2026-03-05,9740972.0,,Standard,
ESPO,VanEck Video Gaming and eSports ETF,ETF,ETF,Communications,,Communications,,1x,,,,,,,,2026-03-05,40113.0,,Standard,
HWH,HWH International Inc.,Stock,Consumer Cyclical,Leisure,9794084.0,,,1x,,,,,,,,2026-03-05,181711.0,-0.344,,
PAM,Pampa Energía S.A.,Stock,Industrials,Conglomerates,4427705856.0,,,1x,,,,,,,,2026-03-05,186635.0,,,
GMAB,Genmab A/S,Stock,Healthcare,Biotechnology,17006151680.0,,,1x,,,,,,,,2026-03-05,1742269.0,0.751,,
ALMU,"Aeluma, Inc.",Stock,Technology,Semiconductors,309547424.0,,,1x,,,,,,,,2026-03-05,477006.0,-1.753,,
GPC,Genuine Parts Company,Stock,Consumer Cyclical,Auto Parts,16117342208.0,,,1x,,,,,,,,2026-03-05,1302633.0,0.734,,
PELI,Pelican Acquisition Corporation,Stock,Financial Services,Shell Companies,123228360.0,,,1x,,,,,,,,2026-03-05,315577.0,,,
FJET,"Starfighters Space, Inc.",Stock,Industrials,Aerospace & Defense,292457120.0,,,1x,,,,,,,,2026-03-05,3661719.0,,,
RS,"Reliance, Inc.",Stock,Basic Materials,Steel,16332355584.0,,,1x,,,,,,,,2026-03-05,360394.0,0.875,,
SCZM,Santacruz Silver Mining Ltd. Common Shares,Stock,Basic Materials,Other Industrial Metals & Mining,910264128.0,,,1x,,,,,,,,2026-03-05,474359.0,2.733,,
MOMO,Hello Group Inc.,Stock,Communication Services,Internet Content & Information,989723904.0,,,1x,,,,,,,,2026-03-05,1008688.0,0.493,,
AB,AllianceBernstein Holding L.P.,Stock,Financial Services,Asset Management,3543258368.0,,,1x,,,,,,,,2026-03-05,388705.0,0.842,,
LHAI,Linkhome Holdings Inc.,Stock,Real Estate,Real Estate Services,21017850.0,,,1x,,,,,,,,2026-03-05,798347.0,,,
JCSE,JE Cleantech Holdings Limited,Stock,Industrials,Specialty Industrial Machinery,5681081.0,,,1x,,,,,,,,2026-03-05,1007691.0,0.248,,
WPAY,Roundhill WeeklyPay Universe ETF,ETF,ETF,Trading--Miscellaneous,,Trading--Miscellaneous,,1x,,,,,,,,2026-03-05,295113.0,,Standard,
BDRX,Biodexa Pharmaceuticals Plc,Stock,Healthcare,Biotechnology,790556.0,,,1x,,,,,,,,2026-03-05,1199428.0,1.007,,
LENZ,"LENZ Therapeutics, Inc.",Stock,Healthcare,Biotechnology,398477728.0,,,1x,,,,,,,,2026-03-05,1113730.0,,,
CAI,"Caris Life Sciences, Inc.",Stock,Healthcare,Biotechnology,5482114560.0,,,1x,,,,,,,,2026-03-05,2384525.0,,,
ENLT,Enlight Renewable Energy Ltd,Stock,Utilities,Utilities - Renewable,10712675328.0,,,1x,,,,,,,,2026-03-05,102928.0,0.824,,
CXSE,WisdomTree China ex-State-Owned Enterprises Fund,ETF,ETF,China Region,,China Region,,1x,,,,,,,,2026-03-05,153318.0,,Standard,
MGM,MGM Resorts International,Stock,Consumer Cyclical,Resorts & Casinos,9909137408.0,,,1x,,,,,,,,2026-03-05,4644235.0,1.396,,
LVS,Las Vegas Sands Corp.,Stock,Consumer Cyclical,Resorts & Casinos,37356429312.0,,,1x,,,,,,,,2026-03-05,5757232.0,0.888,,
KWM,K Wave Media Ltd.,Stock,Communication Services,Entertainment,51116872.0,,,1x,,,,,,,,2026-03-05,420438.0,0.635,,
EPOW,E-Power Inc.,Stock,Industrials,Electrical Equipment & Parts,30692930.0,,,1x,,,,,,,,2026-03-05,164993.0,0.172,,
TRNR,Interactive Strength Inc.,Stock,Consumer Cyclical,Personal Services,3021501.0,,,1x,,,,,,,,2026-03-05,790411.0,0.536,,
CALX,"Calix, Inc.",Stock,Technology,Software - Infrastructure,3521931776.0,,,1x,,,,,,,,2026-03-05,1086523.0,1.546,,
PMCB,"PharmaCyte Biotech, Inc.",Stock,Healthcare,Biotechnology,6876027.0,,,1x,,,,,,,,2026-03-05,413735.0,0.427,,
WPP,WPP plc,Stock,Communication Services,Advertising Agencies,3853339904.0,,,1x,,,,,,,,2026-03-05,569438.0,0.527,,
OBDC,Blue Owl Capital Corporation,Stock,Financial Services,Asset Management,5958822400.0,,,1x,,,,,,,,2026-03-05,5698077.0,0.711,,
SCHO,Schwab Short-Term U.S. Treasury ETF,ETF,ETF,Short Government,,Short Government,,-1x,,,,,,,,2026-03-05,3556644.0,,Inverse,
FBY,YieldMax META Option Income Strategy ETF,ETF,ETF,Derivative Income,,Derivative Income,,1x,,,,,,,,2026-03-05,176781.0,,Standard,
HSDT,Solana Company,Stock,Financial Services,Asset Management,119333888.0,,,1x,,,,,,,,2026-03-05,505893.0,0.965,,
NVCR,NovoCure Limited,Stock,Healthcare,Medical Devices,1567747840.0,,,1x,,,,,,,,2026-03-05,2004110.0,0.745,,
WRB,W. R. Berkley Corporation,Stock,Financial Services,Insurance - Property & Casualty,26312665088.0,,,1x,,,,,,,,2026-03-05,2542247.0,0.336,,
RITM,Rithm Capital Corp.,Stock,Real Estate,REIT - Mortgage,5455971328.0,,,1x,,,,,,,,2026-03-05,8755647.0,1.199,,
RITR,Reitar Logtech Holdings Limited,Stock,Industrials,Engineering & Construction,39901556.0,,,1x,,,,,,,,2026-03-05,1076194.0,,,
BARK,"BARK, Inc.",Stock,Consumer Cyclical,Specialty Retail,136624800.0,,,1x,,,,,,,,2026-03-05,1582476.0,1.96,,
IDV,iShares International Select Dividend ETF,ETF,ETF,Foreign Large Value,,Foreign Large Value,,1x,,,,,,,,2026-03-05,1295052.0,,Standard,
FATN,"FatPipe, Inc.",Stock,Technology,Software - Infrastructure,24785552.0,,,1x,,,,,,,,2026-03-05,1345018.0,,,
VTGN,"Vistagen Therapeutics, Inc.",Stock,Healthcare,Biotechnology,23986140.0,,,1x,,,,,,,,2026-03-05,2850428.0,0.327,,
EWI,iShares MSCI Italy ETF,ETF,ETF,Miscellaneous Region,456912000.0,Miscellaneous Region,,1x,,,,,,,,2026-03-05,440432.0,,Standard,
CRON,Cronos Group Inc.,Stock,Healthcare,Drug Manufacturers - Specialty & Generic,1003898880.0,,,1x,,,,,,,,2026-03-05,2326069.0,1.239,,
EPOL,iShares MSCI Poland ETF,ETF,ETF,Miscellaneous Region,,Miscellaneous Region,,1x,,,,,,,,2026-03-05,498152.0,,Standard,
GH,"Guardant Health, Inc.",Stock,Healthcare,Diagnostics & Research,12277553152.0,,,1x,,,,,,,,2026-03-05,1987900.0,1.688,,
LU,Lufax Holding Ltd,Stock,Financial Services,Credit Services,2101720576.0,,,1x,,,,,,,,2026-03-05,1247110.0,0.552,,
MRM,MEDIROM Healthcare Technologies Inc.,Stock,Consumer Cyclical,Personal Services,10493001.0,,,1x,,,,,,,,2026-03-05,403572.0,1.011,,
BNR,Burning Rock Biotech Limited,Stock,Healthcare,Diagnostics & Research,229759168.0,,,1x,,,,,,,,2026-03-05,33635.0,1.446,,
VGZ,Vista Gold Corp.,Stock,Basic Materials,Gold,315522752.0,,,1x,,,,,,,,2026-03-05,2038944.0,1.069,,
GELS,Gelteq Limited,Stock,Healthcare,Drug Manufacturers - Specialty & Generic,8140405.0,,,1x,,,,,,,,2026-03-05,1050091.0,,,
AIMD,"Ainos, Inc.",Stock,Technology,Scientific & Technical Instruments,10404186.0,,,1x,,,,,,,,2026-03-05,670516.0,2.328,,
BZAI,"Blaize Holdings, Inc.",Stock,Technology,Software - Application,144621040.0,,,1x,,,,,,,,2026-03-05,2469518.0,0.353,,
HEZU,iShares Currency Hedged MSCI Eurozone ETF,ETF,ETF,Europe Stock,,Europe Stock,,1x,,,,,,,,2026-03-05,58205.0,,Standard,
TCMD,"Tactile Systems Technology, Inc.",Stock,Healthcare,Medical Devices,671148288.0,,,1x,,,,,,,,2026-03-05,371837.0,0.957,,
NBR,Nabors Industries Ltd.,Stock,Energy,Oil & Gas Drilling,1157567616.0,,,1x,,,,,,,,2026-03-05,376947.0,0.961,,
AUB,Atlantic Union Bankshares Corporation,Stock,Financial Services,Banks - Regional,5187570176.0,,,1x,,,,,,,,2026-03-05,1169781.0,0.81,,
FRPT,"Freshpet, Inc.",Stock,Consumer Defensive,Packaged Foods,4123991552.0,,,1x,,,,,,,,2026-03-05,1270327.0,1.673,,
CXM,"Sprinklr, Inc.",Stock,Technology,Software - Application,1483817088.0,,,1x,,,,,,,,2026-03-05,2178532.0,0.777,,
LHSW,Lianhe Sowell International Group Ltd,Stock,Technology,Software - Infrastructure,9105200.0,,,1x,,,,,,,,2026-03-05,3078703.0,,,
CJET,CJET,Stock,Unknown,Unknown,,,,1x,,,,,,,,2026-03-05,,,,
RNR,RenaissanceRe Holdings Ltd.,Stock,Financial Services,Insurance - Reinsurance,12869197824.0,,,1x,,,,,,,,2026-03-05,387991.0,0.232,,
RYLD,Global X Russell 2000 Covered Call ETF,ETF,ETF,Derivative Income,,Derivative Income,,1x,,,,,,,,2026-03-05,859452.0,,Standard,
METC,"Ramaco Resources, Inc.",Stock,Basic Materials,Coking Coal,1001420032.0,,,1x,,,,,,,,2026-03-05,2976908.0,1.36,,
NBY,"NovaBay Pharmaceuticals, Inc.",Stock,Healthcare,Biotechnology,39448268.0,,,1x,,,,,,,,2026-03-05,503616.0,0.202,,
HP,"Helmerich & Payne, Inc.",Stock,Energy,Oil & Gas Drilling,3332228608.0,,,1x,,,,,,,,2026-03-05,1684937.0,0.563,,
DBX,"Dropbox, Inc.",Stock,Technology,Software - Infrastructure,6623815680.0,,,1x,,,,,,,,2026-03-05,4309942.0,0.586,,
APPS,"Digital Turbine, Inc.",Stock,Technology,Software - Application,517368224.0,,,1x,,,,,,,,2026-03-05,2949552.0,2.266,,
ERTH,Invesco MSCI Sustainable Future ETF,ETF,ETF,Global Large-Stock Blend,,Global Large-Stock Blend,,1x,,,,,,,,2026-03-05,6649.0,,Standard,
FWD,AB Disruptors ETF,ETF,ETF,Global Large-Stock Growth,,Global Large-Stock Growth,,1x,,,,,,,,2026-03-05,146715.0,,Standard,
COPP,Sprott Copper Miners ETF,ETF,ETF,Natural Resources,,Natural Resources,,1x,,,,,,,,2026-03-05,363106.0,,Standard,
DSGX,The Descartes Systems Group Inc.,Stock,Technology,Software - Application,6104204288.0,,,1x,,,,,,,,2026-03-05,637654.0,0.273,,
AIN,Albany International Corp.,Stock,Consumer Cyclical,Textile Manufacturing,1710069888.0,,,1x,,,,,,,,2026-03-05,322105.0,1.178,,
DNMX,Dynamix Corporation III,Stock,Financial Services,Shell Companies,266320848.0,,,1x,,,,,,,,2026-03-05,87577.0,,,
USB,U.S. Bancorp,Stock,Financial Services,Banks - Regional,83332464640.0,,,1x,,,,,,,,2026-03-05,10623459.0,1.041,,
ORKA,"Oruka Therapeutics, Inc.",Stock,Healthcare,Biotechnology,1668182144.0,,,1x,,,,,,,,2026-03-05,518600.0,,,
ANVS,"Annovis Bio, Inc.",Stock,Healthcare,Biotechnology,68907504.0,,,1x,,,,,,,,2026-03-05,500537.0,1.307,,
SPHL,Springview Holdings Ltd,Stock,Consumer Cyclical,Residential Construction,6672844.0,,,1x,,,,,,,,2026-03-05,2200993.0,,,
ETOR,eToro Group Ltd.,Stock,Financial Services,Capital Markets,2729587200.0,,,1x,,,,,,,,2026-03-05,1433701.0,,,
HRI,Herc Holdings Inc.,Stock,Industrials,Rental & Leasing Services,4456764416.0,,,1x,,,,,,,,2026-03-05,556486.0,1.714,,
CHRW,"C.H. Robinson Worldwide, Inc.",Stock,Industrials,Integrated Freight & Logistics,22013655040.0,,,1x,,,,,,,,2026-03-05,2315635.0,0.903,,
USGG,Leverage Shares 2X Long USAR Daily ETF,ETF,ETF,Trading--Leveraged Equity,,Trading--Leveraged Equity,,2x,,,,,,,,2026-03-05,210848.0,,Leveraged,
NDIA,Global X Funds - Global X India Active ETF,ETF,ETF,India Equity,,India Equity,,1x,,,,,,,,2026-03-05,5586.0,,Standard,
TMHC,Taylor Morrison Home Corporation,Stock,Consumer Cyclical,Residential Construction,6056400896.0,,,1x,,,,,,,,2026-03-05,1058588.0,1.562,,
CHT,"Chunghwa Telecom Co., Ltd.",Stock,Communication Services,Telecom Services,33138528256.0,,,1x,,,,,,,,2026-03-05,194045.0,0.115,,
BALT,Innovator Defined Wealth Shield ETF,ETF,ETF,Defined Outcome,,Defined Outcome,,1x,,,,,,,,2026-03-05,536237.0,,Standard,
BIPC,Brookfield Infrastructure Corporation,Stock,Utilities,Utilities - Regulated Gas,5666653696.0,,,1x,,,,,,,,2026-03-05,637774.0,1.311,,
PSNYW,Polestar Automotive Holding UK PLC,Stock,Consumer Cyclical,Auto Manufacturers,20337756160.0,,,1x,,,,,,,,2026-03-05,14468.0,1.653,,
AMIX,"Autonomix Medical, Inc.",Stock,Healthcare,Medical Devices,4651589.0,,,1x,,,,,,,,2026-03-05,3433379.0,-2.787,,
PGNY,"Progyny, Inc.",Stock,Healthcare,Healthcare Plans,1502669184.0,,,1x,,,,,,,,2026-03-05,1532952.0,1.007,,
MAYS,"J.W. Mays, Inc.",Stock,Real Estate,Real Estate Services,92947616.0,,,1x,,,,,,,,2026-03-05,1020.0,0.088,,
SCHQ,Schwab Long-Term U.S. Treasury ETF,ETF,ETF,Long Government,,Long Government,,1x,,,,,,,,2026-03-05,839435.0,,Standard,
NIOG,Leverage Shares 2X Long NIO Daily ETF,Stock,Unknown,Unknown,,,,1x,,,,,,,,2026-03-05,15100.0,,,
HYPD,"Hyperion DeFi, Inc.",Stock,Healthcare,Biotechnology,26349972.0,,,1x,,,,,,,,2026-03-05,346857.0,2.816,,
NEXN,Nexxen International Ltd.,Stock,Communication Services,Advertising Agencies,401212768.0,,,1x,,,,,,,,2026-03-05,363447.0,,,
ADAP,ADAP,Stock,Unknown,Unknown,,,,1x,,,,,,,,2026-03-05,,,,
INLF,INLIF Limited,Stock,Industrials,Specialty Industrial Machinery,85775472.0,,,1x,,,,,,,,2026-03-05,1328962.0,,,
HESM,Hess Midstream LP,Stock,Energy,Oil & Gas Midstream,8238701568.0,,,1x,,,,,,,,2026-03-05,1449208.0,0.569,,
COR,"Cencora, Inc.",Stock,Healthcare,Medical Distribution,68983816192.0,,,1x,,,,,,,,2026-03-05,1244252.0,0.646,,
MYGN,"Myriad Genetics, Inc.",Stock,Healthcare,Diagnostics & Research,476891648.0,,,1x,,,,,,,,2026-03-05,1151652.0,1.925,,
XXI,"Twenty One Capital, Inc.",Stock,Financial Services,Shell Companies,2249097472.0,,,1x,,,,,,,,2026-03-05,1489637.0,,,
MOFG,"MidWestOne Financial Group, Inc.",Stock,Financial Services,Banks - Regional,1017475776.0,,,1x,,,,,,,,2026-03-05,207101.0,1.06,,
WVVIP,"Willamette Valley Vineyards, Inc.",Stock,Consumer Defensive,Beverages - Wineries & Distilleries,22288652.0,,,1x,,,,,,,,2026-03-05,10806.0,0.281,,
BNDX,Vanguard Total International Bond Index Fund,ETF,ETF,Global Bond-USD Hedged,,Global Bond-USD Hedged,,1x,,,,,,,,2026-03-05,6050054.0,,Standard,
YHC,LQR House Inc.,Stock,Consumer Defensive,Beverages - Wineries & Distilleries,18973194.0,,,1x,,,,,,,,2026-03-05,185638.0,4.289,,
IGPT,Invesco AI and Next Gen Software ETF,ETF,ETF,Technology,,Technology,,1x,,,,,,,,2026-03-05,52313.0,,Standard,
SKYY,First Trust Cloud Computing ETF,ETF,ETF,Technology,,Technology,,1x,,,,,,,,2026-03-05,223755.0,,Standard,
AFL,Aflac Incorporated,Stock,Financial Services,Insurance - Life,58056097792.0,,,1x,,,,,,,,2026-03-05,2387491.0,0.65,,
CNYA,iShares MSCI China A ETF,ETF,ETF,China Region,,China Region,,1x,,,,,,,,2026-03-05,63684.0,,Standard,
ALL,The Allstate Corporation,Stock,Financial Services,Insurance - Property & Casualty,54466191360.0,,,1x,,,,,,,,2026-03-05,1745133.0,0.206,,
FLG,"Flagstar Bank, National Association",Stock,Financial Services,Banks - Regional,5337049600.0,,,1x,,,,,,,,2026-03-05,5364540.0,1.082,,
YDKG,Yueda Digital Holding,Stock,Communication Services,Advertising Agencies,4721421.0,,,1x,,,,,,,,2026-03-05,179466.0,,,
PMN,"ProMIS Neurosciences, Inc.",Stock,Healthcare,Biotechnology,58115988.0,,,1x,,,,,,,,2026-03-05,173074.0,-0.404,,
VLUE,iShares MSCI USA Value Factor ETF,ETF,ETF,Large Value,,Large Value,,1x,,,,,,,,2026-03-05,1054554.0,,Standard,
PSQH,"PSQ Holdings, Inc.",Stock,Technology,Software - Application,32324022.0,,,1x,,,,,,,,2026-03-05,1515366.0,0.074,,
WIT,Wipro Limited,Stock,Technology,Information Technology Services,23100536832.0,,,1x,,,,,,,,2026-03-05,9466796.0,0.365,,
STCE,Schwab Crypto Thematic ETF,ETF,ETF,Equity Digital Assets,,Equity Digital Assets,,1x,,,,,,,,2026-03-05,153516.0,,Standard,
RWR,State Street SPDR Dow Jones REIT ETF,ETF,ETF,Real Estate,2774575104.0,Real Estate,,1x,,,,,,,,2026-03-05,314335.0,,Standard,
CYCN,"Cyclerion Therapeutics, Inc.",Stock,Healthcare,Biotechnology,5252572.0,,,1x,,,,,,,,2026-03-05,1560245.0,1.018,,
MSPR,"MSP Recovery, Inc.",Stock,Healthcare,Health Information Services,471055.0,,,1x,,,,,,,,2026-03-05,781169.0,-2.951,,
QTOP,iShares Nasdaq Top 30 Stocks ETF,ETF,ETF,Large Growth,,Large Growth,,1x,,,,,,,,2026-03-05,220193.0,,Standard,
MEOH,Methanex Corporation,Stock,Basic Materials,Chemicals,4327145984.0,,,1x,,,,,,,,2026-03-05,540655.0,0.998,,
LBTYB,Liberty Global Ltd.,Stock,Communication Services,Telecom Services,4338621440.0,,,1x,,,,,,,,2026-03-05,49645.0,0.802,,
THAR,Canton Strategic Holdings Inc,Stock,Healthcare,Biotechnology,187371472.0,,,1x,,,,,,,,2026-03-05,807759.0,1.453,,
EEMV,iShares MSCI Emerging Markets Min Vol Factor ETF,ETF,ETF,Diversified Emerging Mkts,6188428800.0,Diversified Emerging Mkts,,1x,,,,,,,,2026-03-05,467171.0,,Standard,
FBIN,"Fortune Brands Innovations, Inc.",Stock,Industrials,Building Products & Equipment,6010522112.0,,,1x,,,,,,,,2026-03-05,2347137.0,1.468,,
NEON,Neonode Inc.,Stock,Technology,Electronic Components,29370114.0,,,1x,,,,,,,,2026-03-05,171277.0,0.771,,
GPCR,Structure Therapeutics Inc.,Stock,Healthcare,Biotechnology,4316760064.0,,,1x,,,,,,,,2026-03-05,1512681.0,-1.897,,
NCRA,"Nocera, Inc.",Stock,Consumer Defensive,Packaged Foods,4765712.0,,,1x,,,,,,,,2026-03-05,70372.0,0.93,,
NITO,Nexentis Technologies Inc,Stock,Basic Materials,Agricultural Inputs,3309718.0,,,1x,,,,,,,,2026-03-05,892925.0,1.642,,
BKLN,Invesco Senior Loan ETF,ETF,ETF,Bank Loan,,Bank Loan,,1x,,,,,,,,2026-03-05,18664891.0,,Standard,
AGIX,KraneShares Artificial Intelligence and Technology ETF,ETF,ETF,Technology,,Technology,,1x,,,,,,,,2026-03-05,82993.0,,Standard,
MKC,"McCormick & Company, Incorporated",Stock,Consumer Defensive,Packaged Foods,17534386176.0,,,1x,,,,,,,,2026-03-05,3642179.0,0.574,,
TOVX,"Theriva Biologics, Inc.",Stock,Healthcare,Biotechnology,6666583.0,,,1x,,,,,,,,2026-03-05,10216735.0,0.515,,
DAY,"Dayforce, Inc.",Stock,Technology,Software - Application,11180042240.0,,,1x,,,,,,,,2026-03-05,3654017.0,1.167,,
MNTN,"MNTN, Inc.",Stock,Technology,Software - Application,771600448.0,,,1x,,,,,,,,2026-03-05,838849.0,,,
SPG,"Simon Property Group, Inc.",Stock,Real Estate,REIT - Retail,65159634944.0,,,1x,,,,,,,,2026-03-05,1560198.0,1.397,,
FUSE,Fusemachines Inc.,Stock,Technology,Software - Application,40802956.0,,,1x,,,,,,,,2026-03-05,3775233.0,0.0,,
INTA,"Intapp, Inc.",Stock,Technology,Software - Application,2390614784.0,,,1x,,,,,,,,2026-03-05,1171349.0,0.73,,
QPUX,Defiance 2X Daily Long Pure Quantum ETF,ETF,ETF,Trading--Leveraged Equity,,Trading--Leveraged Equity,,2x,,,,,,,,2026-03-05,315794.0,,Leveraged,
PCN,PIMCO Corporate & Income Strategy Fund,Stock,Financial Services,Asset Management,895662208.0,,,1x,,,,,,,,2026-03-05,369400.0,0.856,,
FGD,First Trust Dow Jones Global Select Dividend Index Fund,ETF,ETF,Foreign Large Value,,Foreign Large Value,,1x,,,,,,,,2026-03-05,250238.0,,Standard,
SNY,Sanofi,Stock,Healthcare,Drug Manufacturers - General,108521570304.0,,,1x,,,,,,,,2026-03-05,3829540.0,0.364,,
PENG,"Penguin Solutions, Inc.",Stock,Technology,Information Technology Services,1011257472.0,,,1x,,,,,,,,2026-03-05,1227638.0,2.21,,
JBHT,"J.B. Hunt Transport Services, Inc.",Stock,Industrials,Integrated Freight & Logistics,21938305024.0,,,1x,,,,,,,,2026-03-05,1063010.0,1.207,,
RAPT,"RAPT Therapeutics, Inc.",Stock,Healthcare,Biotechnology,1680292864.0,,,1x,,,,,,,,2026-03-05,2343633.0,0.443,,
RFIL,"RF Industries, Ltd.",Stock,Industrials,Electrical Equipment & Parts,127413880.0,,,1x,,,,,,,,2026-03-05,201784.0,1.003,,
GVH,Globavend Holdings Limited,Stock,Industrials,Integrated Freight & Logistics,2698447.0,,,1x,,,,,,,,2026-03-05,1668445.0,3.979,,
NFGC,New Found Gold Corp.,Stock,Basic Materials,Gold,875824320.0,,,1x,,,,,,,,2026-03-05,2137381.0,1.777,,
CBOE,"Cboe Global Markets, Inc.",Stock,Financial Services,Financial Data & Stock Exchanges,31036063744.0,,,1x,,,,,,,,2026-03-05,835933.0,0.336,,
AMDW,Roundhill AMD WeeklyPay ETF,ETF,ETF,Trading--Miscellaneous,,Trading--Miscellaneous,,1x,,,,,,,,2026-03-05,93549.0,,Standard,
ZENA,"ZenaTech, Inc.",Stock,Technology,Software - Infrastructure,149223840.0,,,1x,,,,,,,,2026-03-05,1146830.0,,,
TVTX,"Travere Therapeutics, Inc.",Stock,Healthcare,Biotechnology,2562470400.0,,,1x,,,,,,,,2026-03-05,2147737.0,0.884,,
FEMY,Femasys Inc.,Stock,Healthcare,Medical Instruments & Supplies,31887044.0,,,1x,,,,,,,,2026-03-05,1024544.0,-2.531,,
GGAL,Grupo Financiero Galicia S.A.,Stock,Financial Services,Banks - Regional,7014284288.0,,,1x,,,,,,,,2026-03-05,1189686.0,0.601,,
EMAT,Evolution Metals & Technologies Corp.,Stock,Basic Materials,Other Industrial Metals & Mining,5473652224.0,,,1x,,,,,,,,2026-03-05,237041.0,-0.104,,
DEVS,DevvStream Corp.,Stock,Industrials,Pollution & Treatment Controls,3504009.0,,,1x,,,,,,,,2026-03-05,348888.0,0.58,,
KPDD,KraneShares 2x Long PDD Daily ETF,ETF,ETF,Trading--Leveraged Equity,,Trading--Leveraged Equity,,2x,,,,,,,,2026-03-05,90664.0,,Leveraged,
ILS,Brookmont Catastrophic Bond ETF,ETF,ETF,Miscellaneous Fixed Income,,Miscellaneous Fixed Income,,1x,,,,,,,,2026-03-05,34244.0,,Standard,
TCPC,BlackRock TCP Capital Corp.,Stock,Financial Services,Asset Management,348272480.0,,,1x,,,,,,,,2026-03-05,1135808.0,0.924,,
DKI,Darkiris Inc.,Stock,Communication Services,Electronic Gaming & Multimedia,9253475.0,,,1x,,,,,,,,2026-03-05,4984976.0,,,
GRNY,Fundstrat Granny Shots US Large Cap ETF,ETF,ETF,Large Growth,,Large Growth,,1x,,,,,,,,2026-03-05,3099772.0,,Standard,
HE,"Hawaiian Electric Industries, Inc.",Stock,Utilities,Utilities - Regulated Electric,2686837760.0,,,1x,,,,,,,,2026-03-05,4123159.0,0.568,,
MIMI,Mint Incorporation Limited,Stock,Industrials,Engineering & Construction,8004000.0,,,1x,,,,,,,,2026-03-05,7572984.0,,,
A,"Agilent Technologies, Inc.",Stock,Healthcare,Diagnostics & Research,33730697216.0,,,1x,,,,,,,,2026-03-05,2212952.0,1.312,,
SVRE,SaverOne 2014 Ltd.,Stock,Technology,Scientific & Technical Instruments,93639016.0,,,1x,,,,,,,,2026-03-05,284109.0,0.999,,
MSGY,Masonglory Limited,Stock,Industrials,Engineering & Construction,6911927.0,,,1x,,,,,,,,2026-03-05,1000072.0,,,
IXP,iShares Global Comm Services ETF,ETF,ETF,Communications,514930016.0,Communications,,1x,,,,,,,,2026-03-05,44577.0,,Standard,
VGIT,Vanguard Intermediate-Term Treasury Index Fund ETF Shares,ETF,ETF,Intermediate Government,,Intermediate Government,,1x,,,,,,,,2026-03-05,3772211.0,,Standard,
KLIC,"Kulicke and Soffa Industries, Inc.",Stock,Technology,Semiconductor Equipment & Materials,3468082176.0,,,1x,,,,,,,,2026-03-05,732803.0,1.605,,
ASND,Ascendis Pharma A/S,Stock,Healthcare,Biotechnology,14596836352.0,,,1x,,,,,,,,2026-03-05,756125.0,0.482,,
MBB,iShares MBS ETF,ETF,ETF,Government Mortgage-Backed Bond,,Government Mortgage-Backed Bond,,1x,,,,,,,,2026-03-05,2786201.0,,Standard,
CLBT,Cellebrite DI Ltd.,Stock,Technology,Software - Infrastructure,3637700352.0,,,1x,,,,,,,,2026-03-05,1627422.0,1.328,,
GOAI,"Eva Live, Inc.",Stock,Technology,Software - Infrastructure,122551472.0,,,1x,,,,,,,,2026-03-05,346524.0,1.581,,
GFAI,"Guardforce AI Co., Limited",Stock,Industrials,Security & Protection Services,13431187.0,,,1x,,,,,,,,2026-03-05,2300477.0,2.629,,
SLNO,"Soleno Therapeutics, Inc.",Stock,Healthcare,Biotechnology,2003921024.0,,,1x,,,,,,,,2026-03-05,1522896.0,-3.027,,
GSIT,"GSI Technology, Inc.",Stock,Technology,Semiconductors,296726880.0,,,1x,,,,,,,,2026-03-05,1561327.0,1.485,,
PENN,"PENN Entertainment, Inc.",Stock,Consumer Cyclical,Resorts & Casinos,2241902336.0,,,1x,,,,,,,,2026-03-05,4354322.0,1.364,,
QMCO,Quantum Corporation,Stock,Technology,Computer Hardware,73629288.0,,,1x,,,,,,,,2026-03-05,582494.0,2.699,,
FFIV,"F5, Inc.",Stock,Technology,Software - Infrastructure,16121282560.0,,,1x,,,,,,,,2026-03-05,1056083.0,0.994,,
TTAN,"ServiceTitan, Inc.",Stock,Technology,Software - Application,7353133056.0,,,1x,,,,,,,,2026-03-05,1392357.0,,,
KXIN,Kaixin Holdings,Stock,Consumer Cyclical,Auto & Truck Dealerships,370439.0,,,1x,,,,,,,,2026-03-05,1435550.0,1.219,,
MATX,"Matson, Inc.",Stock,Industrials,Marine Shipping,5140284416.0,,,1x,,,,,,,,2026-03-05,314981.0,1.357,,
REG,Regency Centers Corporation,Stock,Real Estate,REIT - Retail,14666839040.0,,,1x,,,,,,,,2026-03-05,1347186.0,0.926,,
VMAR,Vision Marine Technologies Inc.,Stock,Consumer Cyclical,Recreational Vehicles,2412002.0,,,1x,,,,,,,,2026-03-05,350710.0,0.41,,
BOXL,Boxlight Corporation,Stock,Technology,Consumer Electronics,1289789.0,,,1x,,,,,,,,2026-03-05,6942066.0,0.957,,
SA,Seabridge Gold Inc.,Stock,Basic Materials,Gold,3578086400.0,,,1x,,,,,,,,2026-03-05,1161586.0,1.681,,
SDIV,Global X SuperDividend ETF,ETF,ETF,Global Small/Mid Stock,,Global Small/Mid Stock,,1x,,,,,,,,2026-03-05,698900.0,,Standard,
WVE,Wave Life Sciences Ltd.,Stock,Healthcare,Biotechnology,2567201792.0,,,1x,,,,,,,,2026-03-05,7060637.0,-1.655,,
ETU,T-Rex 2X Long Ether Daily Target ETF,ETF,ETF,Trading--Miscellaneous,,Trading--Miscellaneous,,2x,,,,,,,,2026-03-05,174130.0,,Leveraged,
ATON,AlphaTON Capital Corp.,Stock,Financial Services,Asset Management,9266036.0,,,1x,,,,,,,,2026-03-05,6208549.0,0.414,,
TGL,Treasure Global Inc.,Stock,Technology,Software - Application,7708335.0,,,1x,,,,,,,,2026-03-05,568084.0,-0.012,,
FENI,Fidelity Enhanced International ETF,ETF,ETF,Foreign Large Blend,,Foreign Large Blend,,1x,,,,,,,,2026-03-05,2033250.0,,Standard,
MGLD,"The Marygold Companies, Inc.",Stock,Financial Services,Asset Management,45083756.0,,,1x,,,,,,,,2026-03-05,308822.0,0.229,,
SNDR,"Schneider National, Inc.",Stock,Industrials,Trucking,4851561472.0,,,1x,,,,,,,,2026-03-05,942669.0,1.058,,
CNP,"CenterPoint Energy, Inc.",Stock,Utilities,Utilities - Regulated Electric,28308510720.0,,,1x,,,,,,,,2026-03-05,5489230.0,0.539,,
COIG,Leverage Shares 2X Long COIN Daily ETF,ETF,ETF,Trading--Leveraged Equity,,Trading--Leveraged Equity,,2x,,,,,,,,2026-03-05,93225.0,,Leveraged,
INUV,"Inuvo, Inc.",Stock,Technology,Software - Application,39727060.0,,,1x,,,,,,,,2026-03-05,283279.0,1.264,,
AGMH,AGM Group Holdings Inc.,Stock,Technology,Computer Hardware,2965622.0,,,1x,,,,,,,,2026-03-05,149852.0,2.362,,
GLDY,Defiance Gold Enhanced Options Income ETF,ETF,ETF,Equity Hedged,,Equity Hedged,,1x,,,,,,,,2026-03-05,66762.0,,Standard,
AAPD,Direxion Daily AAPL Bear 1X Shares,ETF,ETF,Trading--Inverse Equity,,Trading--Inverse Equity,,-1x,,,,,,,,2026-03-05,5106772.0,,Inverse,
MANE,"Veradermics, Incorporated",Stock,Healthcare,Biotechnology,1722635648.0,,,1x,,,,,,,,2026-03-05,449995.0,,,
PAPL,Pineapple Financial Inc.,Stock,Financial Services,Mortgage Finance,18001170.0,,,1x,,,,,,,,2026-03-05,1705540.0,2.633,,
GOAU,U.S. Global GO GOLD and Precious Metal Miners ETF,ETF,ETF,Equity Precious Metals,,Equity Precious Metals,,1x,,,,,,,,2026-03-05,48655.0,,Standard,
NVX,NOVONIX Limited,Stock,Industrials,Electrical Equipment & Parts,209569328.0,,,1x,,,,,,,,2026-03-05,1144674.0,0.857,,
PRME,"Prime Medicine, Inc.",Stock,Healthcare,Biotechnology,740093696.0,,,1x,,,,,,,,2026-03-05,3315172.0,2.578,,
EW,Edwards Lifesciences Corporation,Stock,Healthcare,Medical Devices,49404469248.0,,,1x,,,,,,,,2026-03-05,4057222.0,0.934,,
SKE,Skeena Resources Limited,Stock,Basic Materials,Other Industrial Metals & Mining,4056626688.0,,,1x,,,,,,,,2026-03-05,1054005.0,2.146,,
BXP,"BXP, Inc.",Stock,Real Estate,REIT - Office,9859341312.0,,,1x,,,,,,,,2026-03-05,2350618.0,1.032,,
NRGV,"Energy Vault Holdings, Inc.",Stock,Utilities,Utilities - Renewable,555384896.0,,,1x,,,,,,,,2026-03-05,3618966.0,0.978,,
ASTI,"Ascent Solar Technologies, Inc.",Stock,Technology,Solar,50082636.0,,,1x,,,,,,,,2026-03-05,3344284.0,0.913,,
CIVI,"Civitas Resources, Inc.",Stock,Energy,Oil & Gas E&P,2336025856.0,,,1x,,,,,,,,2026-03-05,1830266.0,0.921,,
GDRX,"GoodRx Holdings, Inc.",Stock,Healthcare,Health Information Services,795660480.0,,,1x,,,,,,,,2026-03-05,3107833.0,1.564,,
TORO,Toro Corp.,Stock,Energy,Oil & Gas Midstream,109060880.0,,,1x,,,,,,,,2026-03-05,129459.0,1.316,,
DHX,"DHI Group, Inc.",Stock,Technology,Software - Application,119071504.0,,,1x,,,,,,,,2026-03-05,632866.0,1.368,,
CWST,"Casella Waste Systems, Inc.",Stock,Industrials,Waste Management,5960225792.0,,,1x,,,,,,,,2026-03-05,1000542.0,0.784,,
ATMC,AlphaTime Acquisition Corp,Stock,Financial Services,Shell Companies,38019392.0,,,1x,,,,,,,,2026-03-05,13496.0,-0.074,,
SDGR,"Schrödinger, Inc.",Stock,Healthcare,Health Information Services,943644864.0,,,1x,,,,,,,,2026-03-05,1299910.0,1.654,,
LRN,"Stride, Inc.",Stock,Consumer Defensive,Education & Training Services,3719211776.0,,,1x,,,,,,,,2026-03-05,1298472.0,0.06,,
URG,Ur-Energy Inc.,Stock,Energy,Uranium,563944192.0,,,1x,,,,,,,,2026-03-05,10958854.0,0.8,,
TRFK,Pacer Data and Digital Revolution ETF,ETF,ETF,Technology,,Technology,,1x,,,,,,,,2026-03-05,152330.0,,Standard,
KEY,KeyCorp,Stock,Financial Services,Banks - Regional,22250602496.0,,,1x,,,,,,,,2026-03-05,15957650.0,1.086,,
PI,"Impinj, Inc.",Stock,Technology,Semiconductors,3296614144.0,,,1x,,,,,,,,2026-03-05,717679.0,1.616,,
IWB,iShares Russell 1000 ETF,ETF,ETF,Large Blend,46780874752.0,Large Blend,,1x,,,,,,,,2026-03-05,1460006.0,,Standard,
WKEY,WISeKey International Holding AG,Stock,Technology,Semiconductors,91924992.0,,,1x,,,,,,,,2026-03-05,165318.0,0.201,,
OHI,"Omega Healthcare Investors, Inc.",Stock,Real Estate,REIT - Healthcare Facilities,14262471680.0,,,1x,,,,,,,,2026-03-05,1991152.0,0.546,,
ERNA,Ernexa Therapeutics Inc.,Stock,Healthcare,Biotechnology,8848707.0,,,1x,,,,,,,,2026-03-05,1310383.0,6.865,,
MITK,"Mitek Systems, Inc.",Stock,Technology,Software - Application,694245504.0,,,1x,,,,,,,,2026-03-05,868150.0,1.02,,
BITS,Global X Blockchain & Bitcoin Strategy ETF,ETF,ETF,Equity Digital Assets,,Equity Digital Assets,,1x,,,,,,,,2026-03-05,6527.0,,Standard,
ZNB,Zeta Network Group,Stock,Communication Services,Entertainment,32903324.0,,,1x,,,,,,,,2026-03-05,2050306.0,2.513,,
HCA,"HCA Healthcare, Inc.",Stock,Healthcare,Medical Care Facilities,119257718784.0,,,1x,,,,,,,,2026-03-05,1157077.0,1.342,,
ARMG,Leverage Shares 2X Long ARM Daily ETF,ETF,ETF,Trading--Leveraged Equity,,Trading--Leveraged Equity,,2x,,,,,,,,2026-03-05,704850.0,,Leveraged,
PHIO,Phio Pharmaceuticals Corp.,Stock,Healthcare,Biotechnology,13027120.0,,,1x,,,,,,,,2026-03-05,3958813.0,0.91,,
CHD,"Church & Dwight Co., Inc.",Stock,Consumer Defensive,Household & Personal Products,24157085696.0,,,1x,,,,,,,,2026-03-05,2436223.0,0.426,,
AHT,"Ashford Hospitality Trust, Inc.",Stock,Real Estate,REIT - Hotel & Motel,20744176.0,,,1x,,,,,,,,2026-03-05,191022.0,,,
CHH,"Choice Hotels International, Inc.",Stock,Consumer Cyclical,Lodging,4887314432.0,,,1x,,,,,,,,2026-03-05,750457.0,0.768,,
IVP,"Inspire Veterinary Partners, Inc.",Stock,Consumer Cyclical,Personal Services,4045438.0,,,1x,,,,,,,,2026-03-05,56388442.0,-0.446,,
RVSN,Rail Vision Ltd.,Stock,Industrials,Railroads,18480474.0,,,1x,,,,,,,,2026-03-05,94902.0,-0.151,,
FLYE,"Fly-E Group, Inc.",Stock,Consumer Cyclical,Auto Manufacturers,3346391.0,,,1x,,,,,,,,2026-03-05,371054.0,,,
CURE,Direxion Daily Healthcare Bull 3X Shares,ETF,ETF,Trading--Leveraged Equity,,Trading--Leveraged Equity,,3x,,,,,,,,2026-03-05,59505.0,,Leveraged,
GNTA,Genenta Science S.p.A.,Stock,Healthcare,Biotechnology,21424046.0,,,1x,,,,,,,,2026-03-05,1102649.0,0.562,,
OIS,"Oil States International, Inc.",Stock,Energy,Oil & Gas Equipment & Services,741048128.0,,,1x,,,,,,,,2026-03-05,1042440.0,1.239,,
EPI,WisdomTree India Earnings Fund,ETF,ETF,India Equity,,India Equity,,1x,,,,,,,,2026-03-05,752949.0,,Standard,
EVTV,"Envirotech Vehicles, Inc.",Stock,Consumer Cyclical,Auto Manufacturers,7053506.0,,,1x,,,,,,,,2026-03-05,29838181.0,0.822,,
WTRG,"Essential Utilities, Inc.",Stock,Utilities,Utilities - Regulated Water,11238387712.0,,,1x,,,,,,,,2026-03-05,2462066.0,0.797,,
IGM,iShares Expanded Tech Sector ETF,ETF,ETF,Technology,965734016.0,Technology,,1x,,,,,,,,2026-03-05,664306.0,,Standard,
IESC,"IES Holdings, Inc.",Stock,Industrials,Engineering & Construction,8797215744.0,,,1x,,,,,,,,2026-03-05,191261.0,1.68,,
K,K,Stock,Unknown,Unknown,,,,1x,,,,,,,,2026-03-05,,,,
MOVE,Movano Inc.,Stock,Healthcare,Medical Devices,16421068.0,,,1x,,,,,,,,2026-03-05,1061923.0,0.871,,
ZH,Zhihu Inc.,Stock,Communication Services,Internet Content & Information,278371456.0,,,1x,,,,,,,,2026-03-05,335415.0,0.266,,
AVY,Avery Dennison Corporation,Stock,Consumer Cyclical,Packaging & Containers,14332111872.0,,,1x,,,,,,,,2026-03-05,648361.0,0.97,,
SDM,Smart Digital Group Limited,Stock,Communication Services,Advertising Agencies,58691252.0,,,1x,,,,,,,,2026-03-05,0.0,,,
OMEX,"Odyssey Marine Exploration, Inc.",Stock,Basic Materials,Other Industrial Metals & Mining,88066816.0,,,1x,,,,,,,,2026-03-05,882923.0,-0.755,,
SHPH,"Shuttle Pharmaceuticals Holdings, Inc.",Stock,Healthcare,Drug Manufacturers - Specialty & Generic,2799454.0,,,1x,,,,,,,,2026-03-05,2712615.0,0.59,,
IMTE,Integrated Media Technology Limited,Stock,Technology,Electronic Components,1930347.0,,,1x,,,,,,,,2026-03-05,1302662.0,1.44,,
AMZE,"Amaze Holdings, Inc.",Stock,Technology,Software - Application,12058935.0,,,1x,,,,,,,,2026-03-05,3766310.0,1.736,,
BKYI,"BIO-key International, Inc.",Stock,Industrials,Security & Protection Services,6899123.0,,,1x,,,,,,,,2026-03-05,3341318.0,0.44,,
VTRS,Viatris Inc.,Stock,Healthcare,Drug Manufacturers - Specialty & Generic,16860992512.0,,,1x,,,,,,,,2026-03-05,9982954.0,0.796,,
RAYA,Erayak Power Solution Group Inc.,Stock,Industrials,Electrical Equipment & Parts,729841.0,,,1x,,,,,,,,2026-03-05,1022767.0,0.59,,
TCGL,TechCreate Group Ltd.,Stock,Technology,Software - Infrastructure,3531553280.0,,,1x,,,,,,,,2026-03-05,769966.0,,,
EXPO,"Exponent, Inc.",Stock,Industrials,Engineering & Construction,3692137984.0,,,1x,,,,,,,,2026-03-05,452037.0,0.775,,
WK,Workiva Inc.,Stock,Technology,Software - Application,3667255296.0,,,1x,,,,,,,,2026-03-05,934606.0,0.686,,
CTVA,"Corteva, Inc.",Stock,Basic Materials,Agricultural Inputs,51946893312.0,,,1x,,,,,,,,2026-03-05,3949693.0,0.721,,
ESGV,Vanguard ESG U.S. Stock ETF,ETF,ETF,Large Blend,,Large Blend,,1x,,,,,,,,2026-03-05,240164.0,,Standard,
ATEC,"Alphatec Holdings, Inc.",Stock,Healthcare,Medical Devices,1899525632.0,,,1x,,,,,,,,2026-03-05,2971910.0,1.041,,
CCCX,Churchill Capital Corp X,Stock,Financial Services,Shell Companies,711003008.0,,,1x,,,,,,,,2026-03-05,2115664.0,,,
CRD A,Crawford & Company,Stock,Financial Services,Insurance Brokers,528026368.0,,,1x,,,,,,,,2026-03-05,61045.0,0.688,,
CVLT,"Commvault Systems, Inc.",Stock,Technology,Software - Application,3953500416.0,,,1x,,,,,,,,2026-03-05,972159.0,0.593,,
ARKW,ARK Next Generation Internet ETF,ETF,ETF,Mid-Cap Growth,,Mid-Cap Growth,,1x,,,,,,,,2026-03-05,162705.0,,Standard,
SPLG,State Street SPDR Portfolio S&P 500 ETF,ETF,ETF,Large Blend,,Large Blend,,1x,,,,,,,,2026-03-05,10140375.0,,Standard,
TERN,"Terns Pharmaceuticals, Inc.",Stock,Healthcare,Biotechnology,4616083456.0,,,1x,,,,,,,,2026-03-05,2870605.0,-0.288,,
TLRY,"Tilray Brands, Inc.",Stock,Healthcare,Drug Manufacturers - Specialty & Generic,832441856.0,,,1x,,,,,,,,2026-03-05,9288728.0,2.09,,
WLK,Westlake Corporation,Stock,Basic Materials,Specialty Chemicals,13845804032.0,,,1x,,,,,,,,2026-03-05,1473572.0,0.828,,
LII,Lennox International Inc.,Stock,Industrials,Building Products & Equipment,18547365888.0,,,1x,,,,,,,,2026-03-05,468055.0,1.142,,
CDTG,CDT Environmental Technology Investment Holdings Limited,Stock,Industrials,Waste Management,4806750.0,,,1x,,,,,,,,2026-03-05,635345.0,,,
POR,Portland General Electric Company,Stock,Utilities,Utilities - Regulated Electric,6176234496.0,,,1x,,,,,,,,2026-03-05,1231069.0,0.645,,
RRX,Regal Rexnord Corporation,Stock,Industrials,Specialty Industrial Machinery,13251372032.0,,,1x,,,,,,,,2026-03-05,949701.0,1.034,,
ASC,Ardmore Shipping Corporation,Stock,Industrials,Marine Shipping,650481088.0,,,1x,,,,,,,,2026-03-05,680833.0,-0.208,,
CANF,Can-Fite BioPharma Ltd.,Stock,Healthcare,Biotechnology,6284218.0,,,1x,,,,,,,,2026-03-05,876192.0,-0.413,,
PMNT,Perfect Moment Ltd. Common Stock,Stock,Consumer Cyclical,Apparel Manufacturing,10710023.0,,,1x,,,,,,,,2026-03-05,658218.0,-3.008,,
CARG,"CarGurus, Inc.",Stock,Consumer Cyclical,Auto & Truck Dealerships,3235863808.0,,,1x,,,,,,,,2026-03-05,1167161.0,1.414,,
FSBC,Five Star Bancorp,Stock,Financial Services,Banks - Regional,823623168.0,,,1x,,,,,,,,2026-03-05,69376.0,0.51,,
ALTO,"Alto Ingredients, Inc.",Stock,Basic Materials,Specialty Chemicals,300690080.0,,,1x,,,,,,,,2026-03-05,1060293.0,0.666,,
NMR,"Nomura Holdings, Inc.",Stock,Financial Services,Capital Markets,22869573632.0,,,1x,,,,,,,,2026-03-05,1430381.0,0.478,,
CCRN,"Cross Country Healthcare, Inc.",Stock,Healthcare,Medical Care Facilities,318430016.0,,,1x,,,,,,,,2026-03-05,673518.0,,,
DFSC,DEFSEC Technologies Inc.,Stock,Industrials,Aerospace & Defense,4675053.0,,,1x,,,,,,,,2026-03-05,157052.0,0.662,,
MFC,Manulife Financial Corporation,Stock,Financial Services,Insurance - Life,57637814272.0,,,1x,,,,,,,,2026-03-05,2431438.0,0.741,,
SPTE,SP Funds S&P Global Technology ETF,ETF,ETF,Technology,,Technology,,1x,,,,,,,,2026-03-05,31130.0,,Standard,
SMSI,"Smith Micro Software, Inc.",Stock,Technology,Software - Application,16560241.0,,,1x,,,,,,,,2026-03-05,108115.0,0.688,,
GO,Grocery Outlet Holding Corp.,Stock,Consumer Defensive,Grocery Stores,631022400.0,,,1x,,,,,,,,2026-03-05,2481120.0,,,
OGI,Organigram Global Inc.,Stock,Healthcare,Drug Manufacturers - Specialty & Generic,197011056.0,,,1x,,,,,,,,2026-03-05,1177100.0,1.931,,
GOTU,Gaotu Techedu Inc.,Stock,Consumer Defensive,Education & Training Services,501397632.0,,,1x,,,,,,,,2026-03-05,424549.0,0.649,,
TPC,Tutor Perini Corporation,Stock,Industrials,Engineering & Construction,3844273408.0,,,1x,,,,,,,,2026-03-06,604138.0,2.178,,
ALOY,REalloys Inc.,Stock,Basic Materials,Other Industrial Metals & Mining,,,,1x,,,,,,,,2026-03-06,288015.0,,,
IVT,InvenTrust Properties Corp.,Stock,Real Estate,REIT - Retail,2418777344.0,,,1x,,,,,,,,2026-03-06,503393.0,-6.866,,
TNYA,"Tenaya Therapeutics, Inc.",Stock,Healthcare,Biotechnology,192257232.0,,,1x,,,,,,,,2026-03-06,5595015.0,3.225,,
ARCB,ArcBest Corporation,Stock,Industrials,Trucking,2099828096.0,,,1x,,,,,,,,2026-03-06,390796.0,1.442,,
BTAI,"BioXcel Therapeutics, Inc.",Stock,Healthcare,Drug Manufacturers - Specialty & Generic,32366848.0,,,1x,,,,,,,,2026-03-06,1247276.0,0.228,,
SEA,U.S. Global Sea to Sky Cargo ETF,ETF,ETF,Industrials,,Industrials,,1x,,,,,,,,2026-03-06,13716.0,,Standard,
ANY,Sphere 3D Corp.,Stock,Financial Services,Capital Markets,6004771.0,,,1x,,,,,,,,2026-03-06,118114.0,3.847,,
FA,First Advantage Corporation,Stock,Industrials,Specialty Business Services,2102288640.0,,,1x,,,,,,,,2026-03-06,958295.0,1.219,,
ADT,ADT Inc.,Stock,Industrials,Security & Protection Services,5371528192.0,,,1x,,,,,,,,2026-03-06,9430091.0,0.986,,
AVBP,"ArriVent BioPharma, Inc.",Stock,Healthcare,Biotechnology,967222272.0,,,1x,,,,,,,,2026-03-06,456683.0,,,
GBR,"New Concept Energy, Inc.",Stock,Real Estate,Real Estate Services,5491169.0,,,1x,,,,,,,,2026-03-06,510736.0,1.052,,
VISN,"Vistance Networks, Inc.",Stock,Technology,Communication Equipment,3880201216.0,,,1x,,,,,,,,2026-03-06,3949615.0,2.458,,
MXC,Mexco Energy Corporation,Stock,Energy,Oil & Gas E&P,31099200.0,,,1x,,,,,,,,2026-03-06,21876.0,0.327,,
DAX,Global X DAX Germany ETF,ETF,ETF,Miscellaneous Region,,Miscellaneous Region,,1x,,,,,,,,2026-03-06,56113.0,,Standard,
DDWM,WisdomTree Dynamic International Equity ETF,ETF,ETF,Foreign Large Value,,Foreign Large Value,,1x,,,,,,,,2026-03-09,156932.0,,Standard,
IPI,"Intrepid Potash, Inc.",Stock,Basic Materials,Agricultural Inputs,584071552.0,,,1x,,,,,,,,2026-03-09,197259.0,1.525,,
COOT,Australian Oilseeds Holdings Limited,Stock,Consumer Defensive,Packaged Foods,17015320.0,,,1x,,,,,,,,2026-03-09,248569.0,0.084,,
CRC,California Resources Corporation,Stock,Energy,Oil & Gas E&P,5793665024.0,,,1x,,,,,,,,2026-03-09,891238.0,1.153,,
TNXP,Tonix Pharmaceuticals Holding Corp.,Stock,Healthcare,Biotechnology,174301392.0,,,1x,,,,,,,,2026-03-09,411047.0,1.858,,
MPLX,MPLX LP,Stock,Energy,Oil & Gas Midstream,58847391744.0,,,1x,,,,,,,,2026-03-09,1663603.0,0.537,,
FCG,First Trust Natural Gas ETF,ETF,ETF,Equity Energy,,Equity Energy,,1x,,,,,,,,2026-03-09,1032586.0,,Standard,
VMET,Versamet Royalties Corporation Common Stock,Stock,,,,,,1x,,,,,,,,2026-03-09,963600.0,,,
KGLD,Kurv Gold Enhanced Income ETF,ETF,ETF,Commodities Focused,,Commodities Focused,,1x,,,,,,,,2026-03-09,80547.0,,Standard,
FWRD,Forward Air Corporation,Stock,Industrials,Integrated Freight & Logistics,674024384.0,,,1x,,,,,,,,2026-03-09,554927.0,1.336,,
LLYVA,"Liberty Live Holdings, Inc.",Stock,Communication Services,Entertainment,9148623872.0,,,1x,,,,,,,,2026-03-09,227615.0,1.265,,
IGSB,iShares 1-5 Year Investment Grade Corporate Bond ETF,ETF,ETF,Short-Term Bond,,Short-Term Bond,,1x,,,,,,,,2026-03-09,3575379.0,,Standard,
IWD,iShares Russell 1000 Value ETF,ETF,ETF,Large Value,65958768640.0,Large Value,,1x,,,,,,,,2026-03-09,3999235.0,,Standard,
GIAX,Nicholas Global Equity and Income ETF,ETF,ETF,Derivative Income,,Derivative Income,,1x,,,,,,,,2026-03-09,95089.0,,Standard,
CELC,Celcuity Inc.,Stock,Healthcare,Biotechnology,5181224448.0,,,1x,,,,,,,,2026-03-09,746738.0,0.41,,
ORR,Militia Long/Short Equity ETF,ETF,ETF,Long-Short Equity,,Long-Short Equity,,-1x,,,,,,,,2026-03-09,316777.0,,Inverse,
IR,Ingersoll Rand Inc.,Stock,Industrials,Specialty Industrial Machinery,33503385600.0,,,1x,,,,,,,,2026-03-09,3648111.0,1.289,,
EWU,iShares MSCI United Kingdom ETF,ETF,ETF,Miscellaneous Region,3097782016.0,Miscellaneous Region,,1x,,,,,,,,2026-03-09,2106186.0,,Standard,
DK,"Delek US Holdings, Inc.",Stock,Energy,Oil & Gas Refining & Marketing,2410908672.0,,,1x,,,,,,,,2026-03-09,1557761.0,0.774,,
ET,Energy Transfer LP,Stock,Energy,Oil & Gas Midstream,64024256512.0,,,1x,,,,,,,,2026-03-09,15455564.0,0.648,,
HPK,"HighPeak Energy, Inc.",Stock,Energy,Oil & Gas E&P,737873856.0,,,1x,,,,,,,,2026-03-09,922667.0,0.796,,
FWONK,Formula One Group,Stock,Communication Services,Entertainment,20734302208.0,,,1x,,,,,,,,2026-03-09,1941596.0,0.717,,
MFA,"MFA Financial, Inc.",Stock,Real Estate,REIT - Mortgage,1013617856.0,,,1x,,,,,,,,2026-03-09,1392200.0,1.644,,
CANE,Teucrium Sugar Fund,ETF,ETF,Commodities Focused,,Commodities Focused,,1x,,,,,,,,2026-03-09,77418.0,,Standard,
EPV,ProShares UltraShort FTSE Europe,ETF,ETF,Trading--Inverse Equity,,Trading--Inverse Equity,,-2x,,,,,,,,2026-03-09,22467.0,,Inverse Leveraged,
AALG,Leverage Shares 2X Long AAL Daily ETF,ETF,ETF,Trading--Leveraged Equity,,Trading--Leveraged Equity,,2x,,,,,,,,2026-03-09,14433.0,,Leveraged,
FLNG,FLEX LNG Ltd.,Stock,Energy,Oil & Gas Midstream,1624123520.0,,,1x,,,,,,,,2026-03-09,474298.0,0.295,,
SYNX,Silynxcom Ltd.,Stock,Technology,Communication Equipment,8293000.0,,,1x,,,,,,,,2026-03-09,1341561.0,0.308,,
UGA,"United States Gasoline Fund, LP",ETF,ETF,Commodities Focused,,Commodities Focused,,1x,,,,,,,,2026-03-09,29259.0,,Standard,
OLMA,"Olema Pharmaceuticals, Inc.",Stock,Healthcare,Biotechnology,1317829120.0,,,1x,,,,,,,,2026-03-09,1651911.0,2.019,,
ADX,"Adams Diversified Equity Fund, Inc.",Stock,Financial Services,Asset Management,2764392192.0,,,1x,,,,,,,,2026-03-09,277208.0,0.911,,
XENE,Xenon Pharmaceuticals Inc.,Stock,Healthcare,Biotechnology,4756276736.0,,,1x,,,,,,,,2026-03-09,916825.0,0.944,,
SOYB,Teucrium Soybean Fund,ETF,ETF,Commodities Focused,,Commodities Focused,,1x,,,,,,,,2026-03-09,80732.0,,Standard,
LQDA,Liquidia Corporation,Stock,Healthcare,Drug Manufacturers - Specialty & Generic,3114438144.0,,,1x,,,,,,,,2026-03-09,1863142.0,0.56,,
USHY,iShares Broad USD High Yield Corporate Bond ETF,ETF,ETF,High Yield Bond,,High Yield Bond,,1x,,,,,,,,2026-03-09,12443518.0,,Standard,
ABR,"Arbor Realty Trust, Inc.",Stock,Real Estate,REIT - Mortgage,1766056448.0,,,1x,,,,,,,,2026-03-09,4297918.0,1.34,,
PCT,"PureCycle Technologies, Inc.",Stock,Industrials,Pollution & Treatment Controls,1028950528.0,,,1x,,,,,,,,2026-03-09,4355777.0,2.072,,
USOI,UBS ETRACS Crude Oil Shares Covered Call ETN,ETF,ETF,Commodities Focused,,Commodities Focused,,1x,,,,,,,,2026-03-09,263142.0,,Standard,
SOFA,Direxion Daily SOFI Bull 2X ETF,ETF,ETF,Trading--Leveraged Equity,,Trading--Leveraged Equity,,2x,,,,,,,,2026-03-09,21182.0,,Leveraged,
ZVRA,"Zevra Therapeutics, Inc.",Stock,Healthcare,Biotechnology,544115712.0,,,1x,,,,,,,,2026-03-11,1037289.0,0.938,,
ACXP,"Acurx Pharmaceuticals, Inc.",Stock,Healthcare,Biotechnology,9957664.0,,,1x,,,,,,,,2026-03-11,750171.0,-1.158,,
CIIT,"Tianci International, Inc.",Stock,Industrials,Integrated Freight & Logistics,7671095.0,,,1x,,,,,,,,2026-03-11,1101447.0,0.371,,
AGH,Aureus Greenway Holdings Inc.,Stock,Consumer Cyclical,Leisure,69588704.0,,,1x,,,,,,,,2026-03-11,580908.0,,,
PRU,"Prudential Financial, Inc.",Stock,Financial Services,Insurance - Life,32945160192.0,,,1x,,,,,,,,2026-03-11,2152062.0,0.966,,
SEED,Origin Agritech Limited,Stock,Basic Materials,Agricultural Inputs,15525888.0,,,1x,,,,,,,,2026-03-11,74840.0,1.86,,
RLMD,"Relmada Therapeutics, Inc.",Stock,Healthcare,Biotechnology,484001920.0,,,1x,,,,,,,,2026-03-11,1437010.0,0.727,,
GSIW,Garden Stage Limited,Stock,Financial Services,Capital Markets,5578069504.0,,,1x,,,,,,,,2026-03-11,45927.0,2.298,,
WATT,Energous Corporation,Stock,Technology,Communication Equipment,27428590.0,,,1x,,,,,,,,2026-03-11,319300.0,0.817,,
FBGL,FBS Global Limited,Stock,Industrials,Engineering & Construction,6616350.0,,,1x,,,,,,,,2026-03-11,2399357.0,,,
ANTX,"AN2 Therapeutics, Inc.",Stock,Healthcare,Biotechnology,138380224.0,,,1x,,,,,,,,2026-03-11,1290235.0,-0.026,,
TDAQ,TappAlpha Innovation 100 Growth & Daily Income ETF,ETF,ETF,Long-Short Equity,,Long-Short Equity,,1x,,,,,,,,2026-03-11,180222.0,,Standard,
RBC,RBC Bearings Incorporated,Stock,Industrials,Tools & Accessories,17725904896.0,,,1x,,,,,,,,2026-03-11,207205.0,1.498,,
SPTL,State Street SPDR Portfolio Long Term Treasury ETF,ETF,ETF,Long Government,,Long Government,,1x,,,,,,,,2026-03-11,6781140.0,,Standard,
IGF,iShares Global Infrastructure ETF,ETF,ETF,Infrastructure,,Infrastructure,,1x,,,,,,,,2026-03-11,960608.0,,Standard,
EMB,iShares J.P. Morgan USD Emerging Markets Bond ETF,ETF,ETF,Emerging Markets Bond,,Emerging Markets Bond,,1x,,,,,,,,2026-03-11,8623135.0,,Standard,
ARQ,"Arq, Inc.",Stock,Industrials,Pollution & Treatment Controls,70871848.0,,,1x,,,,,,,,2026-03-11,591491.0,3.375,,
FSS,Federal Signal Corporation,Stock,Industrials,Pollution & Treatment Controls,6669079040.0,,,1x,,,,,,,,2026-03-11,422450.0,1.326,,
BKNG,Booking Holdings Inc.,Stock,Consumer Cyclical,Travel Services,140007260160.0,,,1x,,,,,,,,2026-03-12,385445.0,1.227,,
NVTS,Navitas Semiconductor Corporation,Stock,Technology,Semiconductors,2469482496.0,,,1x,,,,,,,,2026-03-12,21304637.0,3.211,,
CRML,Critical Metals Corp.,Stock,Basic Materials,Other Industrial Metals & Mining,1152386176.0,,,1x,,,,,,,,2026-03-12,16345520.0,1.463,,
STM,STMicroelectronics N.V.,Stock,Technology,Semiconductors,30641514496.0,,,1x,,,,,,,,2026-03-12,7470489.0,1.373,,
DUOG,Leverage Shares 2X Long DUOL Daily ETF,ETF,ETF,Trading--Leveraged Equity,,Trading--Leveraged Equity,,2x,,,,,,,,2026-03-12,366237.0,,Leveraged,
BSOL,Bitwise Solana Staking ETF,Stock,Unknown,Unknown,,,,1x,,,,,,,,2026-03-12,2035974.0,,,
RGTU,Tradr 2X Long RGTI Daily ETF,ETF,ETF,Trading--Leveraged Equity,,Trading--Leveraged Equity,,2x,,,,,,,,2026-03-12,139415.0,,Leveraged,
RKLB,Rocket Lab Corporation,Stock,Industrials,Aerospace & Defense,40941191168.0,,,1x,,,,,,,,2026-03-12,23056291.0,2.207,,
UGL,ProShares Ultra Gold,ETF,ETF,Trading--Leveraged Commodities,,Trading--Leveraged Commodities,,2x,,,,,,,,2026-03-12,6261242.0,,Leveraged,
SLDP,"Solid Power, Inc.",Stock,Consumer Cyclical,Auto Parts,709159296.0,,,1x,,,,,,,,2026-03-12,5742008.0,1.931,,
WIX,Wix.com Ltd.,Stock,Technology,Software - Infrastructure,5279763456.0,,,1x,,,,,,,,2026-03-12,2161896.0,1.46,,
GS,"The Goldman Sachs Group, Inc.",Stock,Financial Services,Capital Markets,240023797760.0,,,1x,,,,,,,,2026-03-12,2425942.0,1.336,,
GDXD,MicroSectors Gold Miners -3X Inverse Leveraged ETNs,ETF,ETF,Trading--Inverse Commodities,,Trading--Inverse Commodities,,-3x,,,,,,,,2026-03-12,1098848.0,,Inverse Leveraged,
FBTC,Fidelity Wise Origin Bitcoin Fund,ETF,ETF,Digital Assets,,Digital Assets,,1x,,,,,,,,2026-03-12,6666845.0,,Standard,
ABCL,AbCellera Biologics Inc.,Stock,Healthcare,Biotechnology,1079251328.0,,,1x,,,,,,,,2026-03-12,4232088.0,0.868,,
GME,GameStop Corp.,Stock,Consumer Cyclical,Specialty Retail,10976232448.0,,,1x,,,,,,,,2026-03-12,7286876.0,1.886,,
CCL,Carnival Corporation & plc,Stock,Consumer Cyclical,Travel Services,34221256704.0,,,1x,,,,,,,,2026-03-12,22615776.0,2.459,,
SMX,SMX (Security Matters) Public Limited Company,Stock,Industrials,Specialty Business Services,43791900.0,,,1x,,,,,,,,2026-03-12,450122.0,-2.848,,
UAMY,United States Antimony Corporation,Stock,Basic Materials,Other Industrial Metals & Mining,1426962688.0,,,1x,,,,,,,,2026-03-12,13868783.0,0.054,,
USD,ProShares Ultra Semiconductors,ETF,ETF,Trading--Leveraged Equity,,Trading--Leveraged Equity,,2x,,,,,,,,2026-03-12,790376.0,,Leveraged,
MSTZ,T-Rex 2X Inverse MSTR Daily Target ETF,ETF,ETF,Trading--Inverse Equity,,Trading--Inverse Equity,,-2x,,,,,,,,2026-03-12,14605544.0,,Inverse Leveraged,
TQQQ,ProShares UltraPro QQQ,ETF,ETF,Trading--Leveraged Equity,,Trading--Leveraged Equity,,3x,,,,,,,,2026-03-12,94104055.0,,Leveraged,
JOB,GEE Group Inc.,Stock,Industrials,Staffing & Employment Services,25664334.0,,,1x,,,,,,,,2026-03-12,1585610.0,0.558,,
MBOT,Microbot Medical Inc.,Stock,Healthcare,Medical Instruments & Supplies,186397168.0,,,1x,,,,,,,,2026-03-12,1986579.0,1.227,,
TTWO,"Take-Two Interactive Software, Inc.",Stock,Communication Services,Electronic Gaming & Multimedia,39355338752.0,,,1x,,,,,,,,2026-03-12,2177152.0,0.958,,
GLW,Corning Incorporated,Stock,Technology,Electronic Components,111730573312.0,,,1x,,,,,,,,2026-03-12,9897162.0,1.022,,
U,Unity Software Inc.,Stock,Technology,Software - Application,8882740224.0,,,1x,,,,,,,,2026-03-12,16171674.0,2.181,,
SDS,ProShares UltraShort S&P500,ETF,ETF,Trading--Inverse Equity,,Trading--Inverse Equity,,-2x,,,,,,,,2026-03-12,3240430.0,,Inverse Leveraged,
DASH,"DoorDash, Inc.",Stock,Consumer Cyclical,Internet Retail,73463668736.0,,,1x,,,,,,,,2026-03-12,4979015.0,1.902,,
ACN,Accenture plc,Stock,Technology,Information Technology Services,126988935168.0,,,1x,,,,,,,,2026-03-12,5640625.0,1.251,,
PSTG,"Everpure, Inc.",Stock,Technology,Computer Hardware,20520167424.0,,,1x,,,,,,,,2026-03-12,3708494.0,1.329,,
KOS,Kosmos Energy Ltd.,Stock,Energy,Oil & Gas E&P,999569792.0,,,1x,,,,,,,,2026-03-12,22876810.0,0.779,,
MNST,Monster Beverage Corporation,Stock,Consumer Defensive,Beverages - Non-Alcoholic,75243692032.0,,,1x,,,,,,,,2026-03-12,6183969.0,0.437,,
XOP,State Street SPDR S&P Oil & Gas Exploration & Production ETF,ETF,ETF,Equity Energy,11695245312.0,Equity Energy,,1x,,,,,,,,2026-03-12,4550503.0,,Standard,
AAPU,Direxion Daily AAPL Bull 2X Shares,ETF,ETF,Trading--Leveraged Equity,,Trading--Leveraged Equity,,2x,,,,,,,,2026-03-12,2183222.0,,Leveraged,
DGRO,iShares Core Dividend Growth ETF,ETF,ETF,Large Value,,Large Value,,1x,,,,,,,,2026-03-12,2356332.0,,Standard,
KLAR,Klarna Group plc,Stock,Technology,Software - Infrastructure,6085123584.0,,,1x,,,,,,,,2026-03-12,5103413.0,,,
MSFT,Microsoft Corporation,Stock,Technology,Software - Infrastructure,3005950984192.0,,,1x,,,,,,,,2026-03-12,34005827.0,1.108,,
OILU,MicroSectorsTM Oil & Gas Exploration & Production 3X Leveraged ETNs,ETF,ETF,Trading--Leveraged Equity,,Trading--Leveraged Equity,,3x,,,,,,,,2026-03-12,324615.0,,Leveraged,
CPER,"United States Copper Index Fund, LP",ETF,ETF,Commodities Focused,,Commodities Focused,,1x,,,,,,,,2026-03-12,1407344.0,,Standard,
JOBY,"Joby Aviation, Inc.",Stock,Industrials,Airports & Air Services,10044736512.0,,,1x,,,,,,,,2026-03-12,26270577.0,2.659,,
SGN,"Signing Day Sports, Inc.",Stock,Technology,Software - Application,10250177.0,,,1x,,,,,,,,2026-03-12,48726528.0,7.345,,
CRS,Carpenter Technology Corporation,Stock,Industrials,Metal Fabrication,19759890432.0,,,1x,,,,,,,,2026-03-12,844333.0,1.249,,
NAIL,Direxion Daily Homebuilders & Supplies Bull 3X Shares,ETF,ETF,Trading--Leveraged Equity,,Trading--Leveraged Equity,,3x,,,,,,,,2026-03-12,1410379.0,,Leveraged,
MELI,"MercadoLibre, Inc.",Stock,Consumer Cyclical,Internet Retail,86111961088.0,,,1x,,,,,,,,2026-03-12,576410.0,1.527,,
PL,Planet Labs PBC,Stock,Industrials,Aerospace & Defense,8868340736.0,,,1x,,,,,,,,2026-03-12,11935362.0,1.957,,
GTLB,GitLab Inc.,Stock,Technology,Software - Infrastructure,4076529920.0,,,1x,,,,,,,,2026-03-12,5709793.0,0.793,,
PDYN,Palladyne AI Corp.,Stock,Technology,Software - Infrastructure,338482624.0,,,1x,,,,,,,,2026-03-12,4286154.0,3.783,,
AMDL,GraniteShares 2x Long AMD Daily ETF,ETF,ETF,Trading--Leveraged Equity,,Trading--Leveraged Equity,,2x,,,,,,,,2026-03-12,11238528.0,,Leveraged,
EL,The Estée Lauder Companies Inc.,Stock,Consumer Defensive,Household & Personal Products,32172003328.0,,,1x,,,,,,,,2026-03-12,3995676.0,1.112,,
TSEM,Tower Semiconductor Ltd.,Stock,Technology,Semiconductors,14192028672.0,,,1x,,,,,,,,2026-03-12,1881232.0,0.938,,
QDTE,Roundhill Innovation-100 0DTE Covered Call Strategy ETF,ETF,ETF,Derivative Income,,Derivative Income,,1x,,,,,,,,2026-03-12,764062.0,,Standard,
QNCX,"Quince Therapeutics, Inc.",Stock,Healthcare,Biotechnology,5690648.0,,,1x,,,,,,,,2026-03-12,65609410.0,1.275,,
TEM,"Tempus AI, Inc.",Stock,Healthcare,Health Information Services,9232660480.0,,,1x,,,,,,,,2026-03-12,5336701.0,,,
SPXL,Direxion Daily S&P500 Bull 3X Shares,ETF,ETF,Trading--Leveraged Equity,,Trading--Leveraged Equity,,3x,,,,,,,,2026-03-12,2798388.0,,Leveraged,
TXN,Texas Instruments Incorporated,Stock,Technology,Semiconductors,177153409024.0,,,1x,,,,,,,,2026-03-12,7840669.0,0.979,,
JPM,JPMorgan Chase & Co.,Stock,Financial Services,Banks - Diversified,761615024128.0,,,1x,,,,,,,,2026-03-12,10835650.0,1.059,,
BULL,Webull Corporation,Stock,Technology,Software - Application,2842337280.0,,,1x,,,,,,,,2026-03-12,12007947.0,-0.043,,
BND,Vanguard Total Bond Market Index Fund,ETF,ETF,Intermediate Core Bond,,Intermediate Core Bond,,1x,,,,,,,,2026-03-12,9590520.0,,Standard,
OSCR,"Oscar Health, Inc.",Stock,Healthcare,Healthcare Plans,4001733120.0,,,1x,,,,,,,,2026-03-12,8351396.0,1.902,,
HIMZ,Defiance Daily Target 2X Long HIMS ETF,ETF,ETF,Trading--Leveraged Equity,,Trading--Leveraged Equity,,2x,,,,,,,,2026-03-12,23631703.0,,Leveraged,
HD,"The Home Depot, Inc.",Stock,Consumer Cyclical,Home Improvement Retail,344954699776.0,,,1x,,,,,,,,2026-03-12,4237037.0,1.044,,
SGML,Sigma Lithium Corporation,Stock,Basic Materials,Other Industrial Metals & Mining,1401767296.0,,,1x,,,,,,,,2026-03-12,4312918.0,-0.02,,
NVDX,T-Rex 2X Long NVIDIA Daily Target ETF,ETF,ETF,Trading--Leveraged Equity,,Trading--Leveraged Equity,,2x,,,,,,,,2026-03-12,11880800.0,,Leveraged,
META,"Meta Platforms, Inc.",Stock,Communication Services,Internet Content & Information,1643376279552.0,,,1x,,,,,,,,2026-03-12,15080276.0,1.279,,
PYPL,"PayPal Holdings, Inc.",Stock,Financial Services,Credit Services,42834145280.0,,,1x,,,,,,,,2026-03-12,23696459.0,1.459,,
LUV,Southwest Airlines Co.,Stock,Industrials,Airlines,20665516032.0,,,1x,,,,,,,,2026-03-12,10374072.0,1.094,,
SMCX,Defiance Daily Target 2X Long SMCI ETF,ETF,ETF,Trading--Leveraged Equity,,Trading--Leveraged Equity,,2x,,,,,,,,2026-03-12,3075550.0,,Leveraged,
DOCN,"DigitalOcean Holdings, Inc.",Stock,Technology,Software - Infrastructure,6324731392.0,,,1x,,,,,,,,2026-03-12,2866122.0,1.761,,
RZLV,Rezolve AI PLC,Stock,Technology,Software - Infrastructure,1118711424.0,,,1x,,,,,,,,2026-03-12,25596400.0,-0.174,,
CVX,Chevron Corporation,Stock,Energy,Oil & Gas Integrated,385475379200.0,,,1x,,,,,,,,2026-03-12,11250291.0,0.658,,
RGTI,"Rigetti Computing, Inc.",Stock,Technology,Computer Hardware,5517021184.0,,,1x,,,,,,,,2026-03-12,31349333.0,1.723,,
TSLR,Graniteshares 2x Long TSLA Daily ETF,ETF,ETF,Trading--Leveraged Equity,,Trading--Leveraged Equity,,2x,,,,,,,,2026-03-12,1679845.0,,Leveraged,
SHLD,Global X Defense Tech ETF,ETF,ETF,Industrials,,Industrials,,1x,,,,,,,,2026-03-12,1916144.0,,Standard,
BAC,Bank of America Corporation,Stock,Financial Services,Banks - Diversified,346434043904.0,,,1x,,,,,,,,2026-03-12,40763757.0,1.263,,
SLV,iShares Silver Trust,ETF,ETF,Commodities Focused,26696265728.0,Commodities Focused,,1x,,,,,,,,2026-03-12,109574516.0,,Standard,
TMV,Direxion Daily 20+ Year Treasury Bear 3X Shares,ETF,ETF,Trading--Inverse Debt,,Trading--Inverse Debt,,-3x,,,,,,,,2026-03-12,1041786.0,,Inverse Leveraged,
HPE,Hewlett Packard Enterprise Company,Stock,Technology,Communication Equipment,28719153152.0,,,1x,,,,,,,,2026-03-12,18386398.0,1.311,,
TE,T1 Energy Inc.,Stock,Industrials,Electrical Equipment & Parts,1705318656.0,,,1x,,,,,,,,2026-03-12,20142544.0,1.712,,
NBIL,GraniteShares 2x Long NBIS Daily ETF,ETF,ETF,Trading--Leveraged Equity,,Trading--Leveraged Equity,,2x,,,,,,,,2026-03-12,1629354.0,,Leveraged,
UUUU,Energy Fuels Inc.,Stock,Energy,Uranium,4754806272.0,,,1x,,,,,,,,2026-03-12,13269510.0,1.51,,
AFRM,"Affirm Holdings, Inc.",Stock,Financial Services,Credit Services,17011960832.0,,,1x,,,,,,,,2026-03-12,6438622.0,3.727,,
ASTX,Tradr 2X Long ASTS Daily ETF,ETF,ETF,Trading--Leveraged Equity,,Trading--Leveraged Equity,,2x,,,,,,,,2026-03-12,2198338.0,,Leveraged,
DJT,Trump Media & Technology Group Corp.,Stock,Communication Services,Internet Content & Information,2842030848.0,,,1x,,,,,,,,2026-03-12,8565727.0,4.655,,
TTD,"The Trade Desk, Inc.",Stock,Communication Services,Advertising Agencies,13346397184.0,,,1x,,,,,,,,2026-03-12,16929667.0,1.19,,
MS,Morgan Stanley,Stock,Financial Services,Capital Markets,246793175040.0,,,1x,,,,,,,,2026-03-12,6972822.0,1.207,,
VGT,Vanguard Information Technology Index Fund ETF Shares,ETF,ETF,Technology,,Technology,,1x,,,,,,,,2026-03-12,531354.0,,Standard,
DXYZ,Destiny Tech100 Inc.,Stock,Financial Services,Asset Management,581932544.0,,,1x,,,,,,,,2026-03-12,1316491.0,,,
SHY,iShares 1-3 Year Treasury Bond ETF,ETF,ETF,Short Government,17290252288.0,Short Government,,1x,,,,,,,,2026-03-12,4448450.0,,Standard,
LYB,LyondellBasell Industries N.V.,Stock,Basic Materials,Specialty Chemicals,22558341120.0,,,1x,,,,,,,,2026-03-12,7000716.0,0.674,,
MOBX,"Mobix Labs, Inc.",Stock,Technology,Semiconductors,73514608.0,,,1x,,,,,,,,2026-03-12,61095171.0,-0.073,,
MRVL,"Marvell Technology, Inc.",Stock,Technology,Semiconductors,78243635200.0,,,1x,,,,,,,,2026-03-12,15869859.0,1.989,,
MUFG,"Mitsubishi UFJ Financial Group, Inc.",Stock,Financial Services,Banks - Diversified,191640125440.0,,,1x,,,,,,,,2026-03-12,3591110.0,0.164,,
ZETA,Zeta Global Holdings Corp.,Stock,Technology,Software - Infrastructure,4528549888.0,,,1x,,,,,,,,2026-03-12,8924347.0,1.28,,
BABA,Alibaba Group Holding Limited,Stock,Consumer Cyclical,Internet Retail,322193293312.0,,,1x,,,,,,,,2026-03-12,11375808.0,0.435,,
PSLV,Sprott Physical Silver Trust,Stock,Unknown,Unknown,17972359168.0,,,1x,,,,,,,,2026-03-12,23713176.0,,,
MVLL,GraniteShares 2x Long MRVL Daily ETF,ETF,ETF,Trading--Leveraged Equity,,Trading--Leveraged Equity,,2x,,,,,,,,2026-03-12,366213.0,,Leveraged,
VOO,Vanguard S&P 500 ETF,ETF,ETF,Large Blend,,Large Blend,,1x,,,,,,,,2026-03-12,10114589.0,,Standard,
SBSW,Sibanye Stillwater Limited,Stock,Basic Materials,Other Precious Metals & Mining,9971659776.0,,,1x,,,,,,,,2026-03-12,7548513.0,0.888,,
SOLT,2x Solana ETF,ETF,ETF,Digital Assets,,Digital Assets,,2x,,,,,,,,2026-03-12,770086.0,,Leveraged,
HON,Honeywell International Inc.,Stock,Industrials,Conglomerates,151354392576.0,,,1x,,,,,,,,2026-03-12,4305886.0,0.904,,
FNGU,MicroSectors FANG+ 3X Leveraged,ETF,ETF,Unknown,,Unknown,,1x,,,,,,,,2026-03-12,6029223.0,,Standard,
GEV,GE Vernova Inc.,Stock,Industrials,Specialty Industrial Machinery,227701604352.0,,,1x,,,,,,,,2026-03-12,2921445.0,,,
NU,Nu Holdings Ltd.,Stock,Financial Services,Banks - Regional,69436137472.0,,,1x,,,,,,,,2026-03-12,51616866.0,1.111,,
BIDU,"Baidu, Inc.",Stock,Communication Services,Internet Content & Information,43399655424.0,,,1x,,,,,,,,2026-03-12,2905425.0,0.389,,
KRMN,Karman Holdings Inc.,Stock,Industrials,Aerospace & Defense,13332808704.0,,,1x,,,,,,,,2026-03-12,2228569.0,,,
LITX,Tradr 2X Long Lite Daily ETF,ETF,ETF,Trading--Leveraged Equity,,Trading--Leveraged Equity,,2x,,,,,,,,2026-03-12,2667932.0,,Leveraged,
AES,The AES Corporation,Stock,Utilities,Utilities - Diversified,10132587520.0,,,1x,,,,,,,,2026-03-12,11689493.0,0.941,,
OILK,ProShares K-1 Free Crude Oil ETF,ETF,ETF,Commodities Focused,,Commodities Focused,,1x,,,,,,,,2026-03-12,183625.0,,Standard,
QBTS,D-Wave Quantum Inc.,Stock,Technology,Computer Hardware,6872996352.0,,,1x,,,,,,,,2026-03-12,32110477.0,1.657,,
MI,NFT Limited,Stock,Consumer Cyclical,Internet Retail,7875125.0,,,1x,,,,,,,,2026-03-12,259274.0,1.487,,
AMSC,American Superconductor Corporation,Stock,Industrials,Specialty Industrial Machinery,1421226752.0,,,1x,,,,,,,,2026-03-12,1052442.0,3.077,,
BBAI,"BigBear.ai Holdings, Inc.",Stock,Technology,Information Technology Services,1997057408.0,,,1x,,,,,,,,2026-03-12,69058667.0,3.247,,
PGY,Pagaya Technologies Ltd.,Stock,Technology,Software - Infrastructure,942402368.0,,,1x,,,,,,,,2026-03-12,4002203.0,5.942,,
CSCO,"Cisco Systems, Inc.",Stock,Technology,Communication Equipment,306960531456.0,,,1x,,,,,,,,2026-03-12,23393944.0,0.829,,
JD,"JD.com, Inc.",Stock,Consumer Cyclical,Internet Retail,41562189824.0,,,1x,,,,,,,,2026-03-12,9866471.0,0.454,,
DUOL,"Duolingo, Inc.",Stock,Technology,Software - Application,4630707200.0,,,1x,,,,,,,,2026-03-12,2657140.0,0.892,,
SCHF,Schwab International Equity ETF,ETF,ETF,Foreign Large Blend,,Foreign Large Blend,,1x,,,,,,,,2026-03-12,12815972.0,,Standard,
RGTX,Defiance Daily Target 2X Long RGTI ETF,ETF,ETF,Trading--Leveraged Equity,,Trading--Leveraged Equity,,2x,,,,,,,,2026-03-12,4154038.0,,Leveraged,
ITA,iShares U.S. Aerospace & Defense ETF,ETF,ETF,Industrials,,Industrials,,1x,,,,,,,,2026-03-12,1003922.0,,Standard,
NVDQ,T-Rex 2X Inverse NVIDIA Daily Target ETF,ETF,ETF,Trading--Inverse Equity,,Trading--Inverse Equity,,-2x,,,,,,,,2026-03-12,2273937.0,,Inverse Leveraged,
IEF,iShares 7-10 Year Treasury Bond ETF,ETF,ETF,Long Government,13990449152.0,Long Government,,1x,,,,,,,,2026-03-12,9044076.0,,Standard,
CAT,Caterpillar Inc.,Stock,Industrials,Farm & Heavy Construction Machinery,322622783488.0,,,1x,,,,,,,,2026-03-12,2859596.0,1.531,,
EOG,"EOG Resources, Inc.",Stock,Energy,Oil & Gas E&P,72941510656.0,,,1x,,,,,,,,2026-03-12,5069201.0,0.427,,
VRTL,GraniteShares 2x Long VRT Daily ETF,ETF,ETF,Trading--Leveraged Equity,,Trading--Leveraged Equity,,2x,,,,,,,,2026-03-12,97072.0,,Leveraged,
VRT,Vertiv Holdings Co,Stock,Industrials,Electrical Equipment & Parts,100984954880.0,,,1x,,,,,,,,2026-03-12,6340149.0,2.076,,
ISRG,"Intuitive Surgical, Inc.",Stock,Healthcare,Medical Instruments & Supplies,173658685440.0,,,1x,,,,,,,,2026-03-12,1923981.0,1.68,,
RGTZ,Defiance Daily Target 2X Short RGTI ETF,ETF,ETF,Trading--Inverse Equity,,Trading--Inverse Equity,,-2x,,,,,,,,2026-03-12,4126616.0,,Inverse Leveraged,
GDX,VanEck Gold Miners ETF,ETF,ETF,Equity Precious Metals,,Equity Precious Metals,,1x,,,,,,,,2026-03-12,27244945.0,,Standard,
AA,Alcoa Corporation,Stock,Basic Materials,Aluminum,17328994304.0,,,1x,,,,,,,,2026-03-12,7484189.0,1.779,,
EMR,Emerson Electric Co.,Stock,Industrials,Specialty Industrial Machinery,77417742336.0,,,1x,,,,,,,,2026-03-12,3315484.0,1.243,,
ANET,"Arista Networks, Inc.",Stock,Technology,Computer Hardware,172817989632.0,,,1x,,,,,,,,2026-03-12,7830662.0,1.46,,
TLTW,iShares 20+ Year Treasury Bond Buywrite Strategy ETF,ETF,ETF,Long Government,,Long Government,,1x,,,,,,,,2026-03-12,1597166.0,,Standard,
INTC,Intel Corporation,Stock,Technology,Semiconductors,232900198400.0,,,1x,,,,,,,,2026-03-12,101767522.0,1.375,,
VXUS,Vanguard Total International Stock Index Fund ETF Shares,ETF,ETF,Foreign Large Blend,,Foreign Large Blend,,1x,,,,,,,,2026-03-12,10029798.0,,Standard,
PSIX,"Power Solutions International, Inc.",Stock,Industrials,Specialty Industrial Machinery,1336465024.0,,,1x,,,,,,,,2026-03-12,517123.0,2.075,,
SOXX,iShares Semiconductor ETF,ETF,ETF,Technology,2565689856.0,Technology,,1x,,,,,,,,2026-03-12,6708238.0,,Standard,
IPX,IperionX Limited,Stock,Basic Materials,Other Industrial Metals & Mining,1456894848.0,,,1x,,,,,,,,2026-03-12,159489.0,,,
NBIS,Nebius Group N.V.,Stock,Communication Services,Internet Content & Information,27375171584.0,,,1x,,,,,,,,2026-03-12,12850381.0,1.16,,
HSAI,Hesai Group,Stock,Consumer Cyclical,Auto Parts,3884555264.0,,,1x,,,,,,,,2026-03-12,2054549.0,1.075,,
CRWV,"CoreWeave, Inc.",Stock,Technology,Software - Infrastructure,42541314048.0,,,1x,,,,,,,,2026-03-12,27509584.0,,,
CHAT,Roundhill Generative AI & Technology ETF,ETF,ETF,Technology,,Technology,,1x,,,,,,,,2026-03-12,334113.0,,Standard,
FCX,Freeport-McMoRan Inc.,Stock,Basic Materials,Copper,86375817216.0,,,1x,,,,,,,,2026-03-12,20089949.0,1.438,,
CQQQ,Invesco China Technology ETF,ETF,ETF,China Region,,China Region,,1x,,,,,,,,2026-03-12,1288418.0,,Standard,
PLUG,Plug Power Inc.,Stock,Industrials,Electrical Equipment & Parts,3067537408.0,,,1x,,,,,,,,2026-03-12,98209255.0,2.009,,
SPMO,Invesco S&P 500 Momentum ETF,ETF,ETF,Large Blend,,Large Blend,,1x,,,,,,,,2026-03-12,1546750.0,,Standard,
KOLD,ProShares UltraShort Bloomberg Natural Gas,ETF,ETF,Trading--Inverse Commodities,,Trading--Inverse Commodities,,-2x,,,,,,,,2026-03-12,10624405.0,,Inverse Leveraged,
MARA,"MARA Holdings, Inc.",Stock,Financial Services,Capital Markets,3237698048.0,,,1x,,,,,,,,2026-03-12,44884450.0,5.42,,
AXON,"Axon Enterprise, Inc.",Stock,Industrials,Aerospace & Defense,41301090304.0,,,1x,,,,,,,,2026-03-12,1004598.0,1.524,,
SCO,ProShares UltraShort Bloomberg Crude Oil,ETF,ETF,Trading--Inverse Commodities,,Trading--Inverse Commodities,,-2x,,,,,,,,2026-03-12,6458042.0,,Inverse Leveraged,
ETH,Grayscale Ethereum Mini Trust ETF,ETF,ETF,Digital Assets,,Digital Assets,,1x,,,,,,,,2026-03-12,9349728.0,,Standard,
RDY,Dr. Reddy's Laboratories Limited,Stock,Healthcare,Drug Manufacturers - Specialty & Generic,12055770112.0,,,1x,,,,,,,,2026-03-12,1717305.0,0.311,,
IBIT,iShares Bitcoin Trust ETF,ETF,ETF,Digital Assets,,Digital Assets,,1x,,,,,,,,2026-03-12,67896508.0,,Standard,
NFLX,"Netflix, Inc.",Stock,Communication Services,Entertainment,402597740544.0,,,1x,,,,,,,,2026-03-12,49305947.0,1.714,,
NET,"Cloudflare, Inc.",Stock,Technology,Software - Infrastructure,76284682240.0,,,1x,,,,,,,,2026-03-12,4307955.0,2.028,,
YANG,Direxion Daily FTSE China Bear 3X Shares,ETF,ETF,Trading--Inverse Equity,,Trading--Inverse Equity,,-3x,,,,,,,,2026-03-12,1277942.0,,Inverse Leveraged,
SJM,The J. M. Smucker Company,Stock,Consumer Defensive,Packaged Foods,11349075968.0,,,1x,,,,,,,,2026-03-12,1969832.0,0.176,,
HOOG,Leverage Shares 2X Long HOOD Daily ETF,ETF,ETF,Trading--Leveraged Equity,,Trading--Leveraged Equity,,2x,,,,,,,,2026-03-12,390049.0,,Leveraged,
SHOP,Shopify Inc.,Stock,Technology,Software - Application,171263393792.0,,,1x,,,,,,,,2026-03-12,11424059.0,2.9,,
ACHR,Archer Aviation Inc.,Stock,Industrials,Aerospace & Defense,4716651520.0,,,1x,,,,,,,,2026-03-12,36668898.0,3.185,,
FXI,iShares China Large-Cap ETF,ETF,ETF,China Region,4702918656.0,China Region,,1x,,,,,,,,2026-03-12,34069642.0,,Standard,
SPYM,State Street SPDR Portfolio S&P 500 ETF,Stock,Unknown,Unknown,,,,1x,,,,,,,,2026-03-12,12455547.0,,,
ASX,"ASE Technology Holding Co., Ltd.",Stock,Technology,Semiconductors,46288797696.0,,,1x,,,,,,,,2026-03-12,7897074.0,1.164,,
PLTY,YieldMax PLTR Option Income Strategy ETF,ETF,ETF,Derivative Income,,Derivative Income,,1x,,,,,,,,2026-03-12,272735.0,,Standard,
GLD,SPDR Gold Shares,ETF,ETF,Commodities Focused,123343159296.0,Commodities Focused,,1x,,,,,,,,2026-03-12,18135410.0,,Standard,
O,Realty Income Corporation,Stock,Real Estate,REIT - Retail,60217118720.0,,,1x,,,,,,,,2026-03-12,6701103.0,0.774,,
RBLX,Roblox Corporation,Stock,Communication Services,Electronic Gaming & Multimedia,42129031168.0,,,1x,,,,,,,,2026-03-12,11684825.0,1.625,,
WTI,"W&T Offshore, Inc.",Stock,Energy,Oil & Gas E&P,471623776.0,,,1x,,,,,,,,2026-03-12,3700023.0,0.241,,
KHC,The Kraft Heinz Company,Stock,Consumer Defensive,Packaged Foods,27190616064.0,,,1x,,,,,,,,2026-03-12,16044059.0,0.01,,
CRDU,Tradr 2X Long CRDO Daily ETF,ETF,ETF,Trading--Leveraged Equity,,Trading--Leveraged Equity,,2x,,,,,,,,2026-03-12,365006.0,,Leveraged,
GDS,GDS Holdings Limited,Stock,Technology,Information Technology Services,8720974848.0,,,1x,,,,,,,,2026-03-12,2213464.0,0.45,,
FN,Fabrinet,Stock,Technology,Electronic Components,18245543936.0,,,1x,,,,,,,,2026-03-12,684298.0,1.024,,
MULL,GraniteShares 2x Long MU Daily ETF,ETF,ETF,Trading--Leveraged Equity,,Trading--Leveraged Equity,,2x,,,,,,,,2026-03-12,407006.0,,Leveraged,
BNAI,"Brand Engagement Network, Inc.",Stock,Technology,Software - Infrastructure,230328368.0,,,1x,,,,,,,,2026-03-12,9599747.0,0.987,,
ALM,Almonty Industries Inc.,Stock,Basic Materials,Other Industrial Metals & Mining,5524770816.0,,,1x,,,,,,,,2026-03-12,4512228.0,1.792,,
SKM,"SK Telecom Co., Ltd.",Stock,Communication Services,Telecom Services,10975302656.0,,,1x,,,,,,,,2026-03-12,1605450.0,0.569,,
MDB,"MongoDB, Inc.",Stock,Technology,Software - Infrastructure,22083997696.0,,,1x,,,,,,,,2026-03-12,1898628.0,1.51,,
APLX,Tradr 2X Long APLD Daily ETF,ETF,ETF,Trading--Leveraged Equity,,Trading--Leveraged Equity,,2x,,,,,,,,2026-03-12,1650305.0,,Leveraged,
HMC,"Honda Motor Co., Ltd.",Stock,Consumer Cyclical,Auto Manufacturers,33970210816.0,,,1x,,,,,,,,2026-03-12,1173015.0,0.071,,
MO,"Altria Group, Inc.",Stock,Consumer Defensive,Tobacco,110548926464.0,,,1x,,,,,,,,2026-03-12,10203886.0,0.434,,
UCO,ProShares Ultra Bloomberg Crude Oil,ETF,ETF,Trading--Leveraged Commodities,,Trading--Leveraged Commodities,,2x,,,,,,,,2026-03-12,6207269.0,,Leveraged,
KO,The Coca-Cola Company,Stock,Consumer Defensive,Beverages - Non-Alcoholic,331202396160.0,,,1x,,,,,,,,2026-03-12,18086120.0,0.332,,
CONY,YieldMax COIN Option Income Strategy ETF,ETF,ETF,Derivative Income,,Derivative Income,,1x,,,,,,,,2026-03-12,557472.0,,Standard,
EQNR,Equinor ASA,Stock,Energy,Oil & Gas Integrated,84605165568.0,,,1x,,,,,,,,2026-03-12,5664367.0,-0.233,,
UVIX,2x Long VIX Futures ETF,ETF,ETF,Trading--Leveraged Equity,,Trading--Leveraged Equity,,2x,,,,,,,,2026-03-12,42996333.0,,Leveraged,
NVDL,GraniteShares 2x Long NVDA Daily ETF,ETF,ETF,Trading--Leveraged Equity,,Trading--Leveraged Equity,,2x,,,,,,,,2026-03-12,10063208.0,,Leveraged,
AMD,"Advanced Micro Devices, Inc.",Stock,Technology,Semiconductors,327419133952.0,,,1x,,,,,,,,2026-03-12,36409786.0,2.022,,
RCAT,"Red Cat Holdings, Inc.",Stock,Industrials,Aerospace & Defense,1967236224.0,,,1x,,,,,,,,2026-03-12,14398761.0,1.436,,
UEC,Uranium Energy Corp.,Stock,Energy,Uranium,6750365696.0,,,1x,,,,,,,,2026-03-12,11087583.0,1.143,,
SMH,VanEck Semiconductor ETF,ETF,ETF,Technology,4593782784.0,Technology,,1x,,,,,,,,2026-03-12,7805461.0,,Standard,
LMND,"Lemonade, Inc.",Stock,Financial Services,Insurance - Property & Casualty,4107901184.0,,,1x,,,,,,,,2026-03-12,2596638.0,2.217,,
PONY,Pony AI Inc.,Stock,Technology,Information Technology Services,5523319296.0,,,1x,,,,,,,,2026-03-12,3799089.0,,,
VLO,Valero Energy Corporation,Stock,Energy,Oil & Gas Refining & Marketing,71158726656.0,,,1x,,,,,,,,2026-03-12,3482816.0,0.734,,
BOXX,Alpha Architect 1-3 Month Box ETF,ETF,ETF,Ultrashort Bond,,Ultrashort Bond,,1x,,,,,,,,2026-03-12,1984552.0,,Standard,
SOUN,"SoundHound AI, Inc.",Stock,Technology,Software - Application,3268353792.0,,,1x,,,,,,,,2026-03-12,25682559.0,2.88,,
QID,ProShares UltraShort QQQ,ETF,ETF,Trading--Inverse Equity,,Trading--Inverse Equity,,-2x,,,,,,,,2026-03-12,26696979.0,,Inverse Leveraged,
NEBX,Tradr 2X Long NBIS Daily ETF,ETF,ETF,Trading--Leveraged Equity,,Trading--Leveraged Equity,,2x,,,,,,,,2026-03-12,940645.0,,Leveraged,
FIG,"Figma, Inc.",Stock,Technology,Software - Application,14720220160.0,,,1x,,,,,,,,2026-03-12,12623767.0,,,
COIN,"Coinbase Global, Inc.",Stock,Financial Services,Financial Data & Stock Exchanges,53129285632.0,,,1x,,,,,,,,2026-03-12,11600232.0,3.709,,
CWVX,Tradr 2X Long CRWV Daily ETF,ETF,ETF,Trading--Leveraged Equity,,Trading--Leveraged Equity,,2x,,,,,,,,2026-03-12,1813891.0,,Leveraged,
PEP,"PepsiCo, Inc.",Stock,Consumer Defensive,Beverages - Non-Alcoholic,218083917824.0,,,1x,,,,,,,,2026-03-12,8250669.0,0.375,,
WMT,Walmart Inc.,Stock,Consumer Defensive,Discount Stores,976435085312.0,,,1x,,,,,,,,2026-03-12,30978367.0,0.657,,
XYZ,"Block, Inc.",Stock,Technology,Software - Infrastructure,39322001408.0,,,1x,,,,,,,,2026-03-12,8323227.0,2.675,,
IONQ,"IonQ, Inc.",Stock,Technology,Computer Hardware,12747251712.0,,,1x,,,,,,,,2026-03-12,21376218.0,2.728,,
BMNG,Leverage Shares 2X Long BMNR Daily ETF,ETF,ETF,Trading--Leveraged Equity,,Trading--Leveraged Equity,,2x,,,,,,,,2026-03-12,15690971.0,,Leveraged,
VIAV,Viavi Solutions Inc.,Stock,Technology,Communication Equipment,6770452480.0,,,1x,,,,,,,,2026-03-12,4762345.0,0.946,,
EOSE,"Eos Energy Enterprises, Inc.",Stock,Industrials,Electrical Equipment & Parts,2135041536.0,,,1x,,,,,,,,2026-03-12,22489747.0,2.32,,
SVIX,-1x Short VIX Futures ETF,ETF,ETF,Trading--Inverse Equity,,Trading--Inverse Equity,,-1x,,,,,,,,2026-03-12,4629501.0,,Inverse,
FORM,"FormFactor, Inc.",Stock,Technology,Semiconductor Equipment & Materials,6902750208.0,,,1x,,,,,,,,2026-03-12,1416103.0,1.05,,
PLTZ,Defiance Daily Target 2X Short PLTR ETF,ETF,ETF,Trading--Inverse Equity,,Trading--Inverse Equity,,-2x,,,,,,,,2026-03-12,2033474.0,,Inverse Leveraged,
PG,The Procter & Gamble Company,Stock,Consumer Defensive,Household & Personal Products,354396307456.0,,,1x,,,,,,,,2026-03-12,11069549.0,0.34,,
XLF,State Street Financial Select Sector SPDR ETF,ETF,ETF,Financial,43438989312.0,Financial,,1x,,,,,,,,2026-03-12,50670225.0,,Standard,
ROBN,T-REX 2X Long HOOD Daily Target ETF,ETF,ETF,Trading--Leveraged Equity,,Trading--Leveraged Equity,,2x,,,,,,,,2026-03-12,1125762.0,,Leveraged,
RIOT,"Riot Platforms, Inc.",Stock,Financial Services,Capital Markets,5405273088.0,,,1x,,,,,,,,2026-03-12,18447474.0,3.549,,
F,Ford Motor Company,Stock,Consumer Cyclical,Auto Manufacturers,47993389056.0,,,1x,,,,,,,,2026-03-12,63707116.0,1.665,,
MSTR,Strategy Inc,Stock,Technology,Software - Application,45994430464.0,,,1x,,,,,,,,2026-03-12,22164264.0,3.633,,
SIVR,abrdn Physical Silver Shares ETF,ETF,ETF,Commodities Focused,,Commodities Focused,,1x,,,,,,,,2026-03-12,5386461.0,,Standard,
KC,Kingsoft Cloud Holdings Limited,Stock,Technology,Software - Application,4068984320.0,,,1x,,,,,,,,2026-03-12,1414242.0,2.161,,
HIMS,"Hims & Hers Health, Inc.",Stock,Healthcare,Drug Manufacturers - Specialty & Generic,5977876480.0,,,1x,,,,,,,,2026-03-12,29902842.0,2.608,,
ULTY,YieldMax Ultra Option Income Strategy ETF,ETF,ETF,Derivative Income,,Derivative Income,,2x,,,,,,,,2026-03-12,793388.0,,Leveraged,
IOVA,"Iovance Biotherapeutics, Inc.",Stock,Healthcare,Biotechnology,1911501824.0,,,1x,,,,,,,,2026-03-12,15160322.0,0.739,,
LULU,lululemon athletica inc.,Stock,Consumer Cyclical,Apparel Retail,19320262656.0,,,1x,,,,,,,,2026-03-12,3113315.0,1.013,,
CRCG,Leverage Shares 2X Long CRCL Daily ETF,ETF,ETF,Trading--Leveraged Equity,,Trading--Leveraged Equity,,2x,,,,,,,,2026-03-12,15113674.0,,Leveraged,
TSLL,Direxion Daily TSLA Bull 2X Shares,ETF,ETF,Trading--Leveraged Equity,,Trading--Leveraged Equity,,2x,,,,,,,,2026-03-12,73668450.0,,Leveraged,
MUU,Direxion Daily MU Bull 2X Shares,ETF,ETF,Trading--Leveraged Equity,,Trading--Leveraged Equity,,2x,,,,,,,,2026-03-12,1925616.0,,Leveraged,
SGOL,abrdn Physical Gold Shares ETF,ETF,ETF,Commodities Focused,,Commodities Focused,,1x,,,,,,,,2026-03-12,7599405.0,,Standard,
ARKB,ARK 21Shares Bitcoin ETF,ETF,ETF,Digital Assets,,Digital Assets,,1x,,,,,,,,2026-03-12,6242903.0,,Standard,
BULZ,MicroSectors Solactive FANG Innovation 3X Leveraged ETNs,ETF,ETF,Trading--Leveraged Equity,,Trading--Leveraged Equity,,3x,,,,,,,,2026-03-12,2469152.0,,Leveraged,
VOOV,Vanguard S&P 500 Value Index Fund ETF Shares,ETF,ETF,Large Value,,Large Value,,1x,,,,,,,,2026-03-12,100945.0,,Standard,
ENVX,Enovix Corporation,Stock,Industrials,Electrical Equipment & Parts,1063530880.0,,,1x,,,,,,,,2026-03-12,6435115.0,2.208,,
MCD,McDonald's Corporation,Stock,Consumer Cyclical,Restaurants,231792984064.0,,,1x,,,,,,,,2026-03-12,3274094.0,0.496,,
RWM,ProShares Short Russell2000,ETF,ETF,Trading--Inverse Equity,,Trading--Inverse Equity,,-1x,,,,,,,,2026-03-12,23403715.0,,Inverse,
ARM,Arm Holdings plc,Stock,Technology,Semiconductors,125894623232.0,,,1x,,,,,,,,2026-03-12,6054654.0,4.132,,
TSSI,"TSS, Inc.",Stock,Technology,Information Technology Services,328836288.0,,,1x,,,,,,,,2026-03-12,1318862.0,2.201,,
DIS,The Walt Disney Company,Stock,Communication Services,Entertainment,178207653888.0,,,1x,,,,,,,,2026-03-12,11525400.0,1.443,,
QQQI,NEOS NASDAQ-100(R) High Income ETF,ETF,ETF,Derivative Income,,Derivative Income,,1x,,,,,,,,2026-03-12,5460901.0,,Standard,
CPNG,"Coupang, Inc.",Stock,Consumer Cyclical,Internet Retail,34699075584.0,,,1x,,,,,,,,2026-03-12,25288033.0,1.2,,
QUBT,Quantum Computing Inc.,Stock,Technology,Computer Hardware,1689650432.0,,,1x,,,,,,,,2026-03-12,15192296.0,3.631,,
LCID,"Lucid Group, Inc.",Stock,Consumer Cyclical,Auto Manufacturers,3337464320.0,,,1x,,,,,,,,2026-03-12,7480749.0,1.194,,
RTX,RTX Corporation,Stock,Industrials,Aerospace & Defense,273128685568.0,,,1x,,,,,,,,2026-03-12,6115215.0,0.406,,
FLNC,"Fluence Energy, Inc.",Stock,Utilities,Utilities - Renewable,3056084736.0,,,1x,,,,,,,,2026-03-12,5581696.0,2.991,,
INDA,iShares MSCI India ETF,ETF,ETF,India Equity,,India Equity,,1x,,,,,,,,2026-03-12,8212625.0,,Standard,
UAL,"United Airlines Holdings, Inc.",Stock,Industrials,Airlines,28323835904.0,,,1x,,,,,,,,2026-03-12,5981255.0,1.247,,
ADI,"Analog Devices, Inc.",Stock,Technology,Semiconductors,152388059136.0,,,1x,,,,,,,,2026-03-12,4021118.0,1.021,,
FRO,Frontline plc,Stock,Energy,Oil & Gas Midstream,6941382144.0,,,1x,,,,,,,,2026-03-12,3667625.0,-0.007,,
PLTW,Roundhill PLTR WeeklyPay ETF,ETF,ETF,Trading--Miscellaneous,,Trading--Miscellaneous,,1x,,,,,,,,2026-03-12,228896.0,,Standard,
APLD,Applied Digital Corporation,Stock,Technology,Information Technology Services,7683018240.0,,,1x,,,,,,,,2026-03-12,29499708.0,7.342,,
TZA,Direxion Daily Small Cap Bear 3X Shares,ETF,ETF,Trading--Inverse Equity,,Trading--Inverse Equity,,-3x,,,,,,,,2026-03-12,113132635.0,,Inverse Leveraged,
GDXJ,VanEck Junior Gold Miners ETF,ETF,ETF,Equity Precious Metals,,Equity Precious Metals,,1x,,,,,,,,2026-03-12,6144742.0,,Standard,
KTOS,"Kratos Defense & Security Solutions, Inc.",Stock,Industrials,Aerospace & Defense,16353440768.0,,,1x,,,,,,,,2026-03-12,4057688.0,1.146,,
NVO,Novo Nordisk A/S,Stock,Healthcare,Drug Manufacturers - General,173792182272.0,,,1x,,,,,,,,2026-03-12,24428876.0,0.265,,
PSX,Phillips 66,Stock,Energy,Oil & Gas Refining & Marketing,68795727872.0,,,1x,,,,,,,,2026-03-12,2714086.0,0.871,,
PANW,"Palo Alto Networks, Inc.",Stock,Technology,Software - Infrastructure,137026805760.0,,,1x,,,,,,,,2026-03-12,10115679.0,0.822,,
ASMG,Leverage Shares 2X Long ASML Daily ETF,ETF,ETF,Trading--Leveraged Equity,,Trading--Leveraged Equity,,2x,,,,,,,,2026-03-12,151576.0,,Leveraged,
RKLX,Defiance Daily Target 2X Long RKLB ETF,ETF,ETF,Trading--Leveraged Equity,,Trading--Leveraged Equity,,2x,,,,,,,,2026-03-12,2207720.0,,Leveraged,
AR,Antero Resources Corporation,Stock,Energy,Oil & Gas E&P,12171990016.0,,,1x,,,,,,,,2026-03-12,5903066.0,0.5,,
GUSH,Direxion Daily S&P Oil & Gas Exp. & Prod. Bull 2X Shares,ETF,ETF,Trading--Leveraged Equity,,Trading--Leveraged Equity,,2x,,,,,,,,2026-03-12,1457842.0,,Leveraged,
WEAT,Teucrium Wheat Fund,ETF,ETF,Commodities Focused,,Commodities Focused,,1x,,,,,,,,2026-03-12,369186.0,,Standard,
LIF,"Life360, Inc.",Stock,Technology,Software - Application,3537561088.0,,,1x,,,,,,,,2026-03-12,1107349.0,0.996,,
MOD,Modine Manufacturing Company,Stock,Consumer Cyclical,Auto Parts,10277309440.0,,,1x,,,,,,,,2026-03-12,1426655.0,1.678,,
EETH,ProShares Ether ETF,ETF,ETF,Digital Assets,,Digital Assets,,1x,,,,,,,,2026-03-12,171638.0,,Standard,
MRNA,"Moderna, Inc.",Stock,Healthcare,Biotechnology,21409665024.0,,,1x,,,,,,,,2026-03-12,11997477.0,1.352,,
INOD,Innodata Inc.,Stock,Technology,Information Technology Services,1449828608.0,,,1x,,,,,,,,2026-03-12,1260677.0,2.481,,
COHR,Coherent Corp.,Stock,Technology,Scientific & Technical Instruments,46035230720.0,,,1x,,,,,,,,2026-03-12,5632547.0,1.909,,
ORCL,Oracle Corporation,Stock,Technology,Software - Infrastructure,476323086336.0,,,1x,,,,,,,,2026-03-12,28502637.0,1.648,,
AMCR,Amcor plc,Stock,Consumer Cyclical,Packaging & Containers,19207239680.0,,,1x,,,,,,,,2026-03-12,5392441.0,0.635,,
XOM,Exxon Mobil Corporation,Stock,Energy,Oil & Gas Integrated,632681332736.0,,,1x,,,,,,,,2026-03-12,20126344.0,0.348,,
GDXU,MicroSectors Gold Miners 3X Leveraged ETNs,ETF,ETF,Trading--Leveraged Commodities,,Trading--Leveraged Commodities,,3x,,,,,,,,2026-03-12,768205.0,,Leveraged,
JNUG,Direxion Daily Junior Gold Miners Index Bull 2X Shares,ETF,ETF,Trading--Leveraged Equity,,Trading--Leveraged Equity,,2x,,,,,,,,2026-03-12,311349.0,,Leveraged,
CORZ,"Core Scientific, Inc.",Stock,Technology,Software - Infrastructure,5054782464.0,,,1x,,,,,,,,2026-03-12,11649972.0,6.897,,
DELL,Dell Technologies Inc.,Stock,Technology,Computer Hardware,100013973504.0,,,1x,,,,,,,,2026-03-12,7720520.0,1.036,,
SRTY,ProShares UltraPro Short Russell2000,ETF,ETF,Trading--Inverse Equity,,Trading--Inverse Equity,,-3x,,,,,,,,2026-03-12,1611686.0,,Inverse Leveraged,
JNJ,Johnson & Johnson,Stock,Healthcare,Drug Manufacturers - General,579508436992.0,,,1x,,,,,,,,2026-03-12,8875455.0,0.326,,
TEAM,Atlassian Corporation,Stock,Technology,Software - Application,21144363008.0,,,1x,,,,,,,,2026-03-12,5628601.0,0.981,,
SNAP,Snap Inc.,Stock,Communication Services,Internet Content & Information,8326532608.0,,,1x,,,,,,,,2026-03-12,48201489.0,0.893,,
LHX,"L3Harris Technologies, Inc.",Stock,Industrials,Aerospace & Defense,67275427840.0,,,1x,,,,,,,,2026-03-12,1444981.0,0.606,,
MA,Mastercard Incorporated,Stock,Financial Services,Credit Services,449619034112.0,,,1x,,,,,,,,2026-03-12,3764016.0,0.836,,
VNET,"VNET Group, Inc.",Stock,Technology,Information Technology Services,2867815936.0,,,1x,,,,,,,,2026-03-12,6249425.0,0.041,,
AGQ,ProShares Ultra Silver,ETF,ETF,Trading--Leveraged Commodities,,Trading--Leveraged Commodities,,2x,,,,,,,,2026-03-12,8729971.0,,Leveraged,
TSDD,Graniteshares 2x Short TSLA Daily ETF,ETF,ETF,Trading--Inverse Equity,,Trading--Inverse Equity,,-2x,,,,,,,,2026-03-12,31950603.0,,Inverse Leveraged,
BIL,State Street SPDR Bloomberg 1-3 Month T-Bill ETF,ETF,ETF,Ultrashort Bond,,Ultrashort Bond,,1x,,,,,,,,2026-03-12,8840000.0,,Standard,
RXRX,"Recursion Pharmaceuticals, Inc.",Stock,Healthcare,Biotechnology,1753631616.0,,,1x,,,,,,,,2026-03-12,21474777.0,0.963,,
HMY,Harmony Gold Mining Company Limited,Stock,Basic Materials,Gold,10286888960.0,,,1x,,,,,,,,2026-03-12,4753474.0,0.559,,
LUNR,"Intuitive Machines, Inc.",Stock,Industrials,Aerospace & Defense,2641288704.0,,,1x,,,,,,,,2026-03-12,11684423.0,1.403,,
CDNS,"Cadence Design Systems, Inc.",Stock,Technology,Software - Application,81751564288.0,,,1x,,,,,,,,2026-03-12,2407350.0,1.025,,
SATL,Satellogic Inc.,Stock,Industrials,Aerospace & Defense,432171904.0,,,1x,,,,,,,,2026-03-12,8483713.0,1.457,,
LEN,Lennar Corporation,Stock,Consumer Cyclical,Residential Construction,23526490112.0,,,1x,,,,,,,,2026-03-12,3194208.0,1.403,,
TPET,Trio Petroleum Corp.,Stock,Energy,Oil & Gas E&P,21833834.0,,,1x,,,,,,,,2026-03-12,30501808.0,-4.769,,
QS,QuantumScape Corporation,Stock,Consumer Cyclical,Auto Parts,4221791744.0,,,1x,,,,,,,,2026-03-12,14891737.0,2.602,,
AXP,American Express Company,Stock,Financial Services,Credit Services,208029745152.0,,,1x,,,,,,,,2026-03-12,3496966.0,1.152,,
TSLQ,Tradr 2X Short TSLA Daily ETF,ETF,ETF,Trading--Inverse Equity,,Trading--Inverse Equity,,-2x,,,,,,,,2026-03-12,15723328.0,,Inverse Leveraged,
HOOW,Roundhill HOOD WeeklyPay ETF,ETF,ETF,Trading--Miscellaneous,,Trading--Miscellaneous,,1x,,,,,,,,2026-03-12,282613.0,,Standard,
NXT,Nextpower Inc.,Stock,Technology,Solar,17176095744.0,,,1x,,,,,,,,2026-03-12,1962100.0,2.424,,
TSLY,YieldMax TSLA Option Income Strategy ETF,ETF,ETF,Derivative Income,,Derivative Income,,1x,,,,,,,,2026-03-12,895494.0,,Standard,
SOFI,"SoFi Technologies, Inc.",Stock,Financial Services,Credit Services,23554123776.0,,,1x,,,,,,,,2026-03-12,57160798.0,2.259,,
VEA,Vanguard FTSE Developed Markets Index Fund ETF Shares,ETF,ETF,Foreign Large Blend,,Foreign Large Blend,,1x,,,,,,,,2026-03-12,20792977.0,,Standard,
SPYI,Neos S&P 500(R) High Income ETF,ETF,ETF,Derivative Income,,Derivative Income,,1x,,,,,,,,2026-03-12,4127284.0,,Standard,
SONY,Sony Group Corporation,Stock,Technology,Consumer Electronics,128919044096.0,,,1x,,,,,,,,2026-03-12,6115396.0,0.703,,
RCL,Royal Caribbean Cruises Ltd.,Stock,Consumer Cyclical,Travel Services,75793743872.0,,,1x,,,,,,,,2026-03-12,2452827.0,1.926,,
QCOM,QUALCOMM Incorporated,Stock,Technology,Semiconductors,143449145344.0,,,1x,,,,,,,,2026-03-12,9766818.0,1.267,,
LUNL,Defiance Daily Target 2X Long LUNR ETF,ETF,ETF,Trading--Leveraged Equity,,Trading--Leveraged Equity,,2x,,,,,,,,2026-03-12,303920.0,,Leveraged,
COP,ConocoPhillips,Stock,Energy,Oil & Gas E&P,144920526848.0,,,1x,,,,,,,,2026-03-12,8892216.0,0.279,,
XBI,State Street SPDR S&P Biotech ETF,ETF,ETF,Health,,Health,,1x,,,,,,,,2026-03-12,9216920.0,,Standard,
TIGR,UP Fintech Holding Limited,Stock,Financial Services,Capital Markets,1343906944.0,,,1x,,,,,,,,2026-03-12,2932528.0,0.505,,
JAAA,Janus Henderson AAA CLO ETF,ETF,ETF,Securitized Bond - Focused,,Securitized Bond - Focused,,1x,,,,,,,,2026-03-12,6668444.0,,Standard,
FLY,Firefly Aerospace Inc.,Stock,Industrials,Aerospace & Defense,3798139392.0,,,1x,,,,,,,,2026-03-12,3258393.0,,,
LNG,"Cheniere Energy, Inc.",Stock,Energy,Oil & Gas Midstream,54523277312.0,,,1x,,,,,,,,2026-03-12,2203220.0,0.238,,
QQQ,Invesco QQQ Trust,ETF,ETF,Large Growth,236889915392.0,Large Growth,,1x,,,,,,,,2026-03-12,60659027.0,,Standard,
BE,Bloom Energy Corporation,Stock,Industrials,Electrical Equipment & Parts,44515991552.0,,,1x,,,,,,,,2026-03-12,11548098.0,3.183,,
SATS,EchoStar Corporation,Stock,Communication Services,Telecom Services,31767678976.0,,,1x,,,,,,,,2026-03-12,5145011.0,1.02,,
MGK,Vanguard Mega Cap Growth Index Fund,ETF,ETF,Large Growth,,Large Growth,,1x,,,,,,,,2026-03-12,588722.0,,Standard,
CORD,T-REX 2X Inverse CRWV Daily Target ETF,ETF,ETF,Trading--Inverse Equity,,Trading--Inverse Equity,,-2x,,,,,,,,2026-03-12,1416145.0,,Inverse Leveraged,
SNDK,Sandisk Corporation,Stock,Technology,Computer Hardware,94446911488.0,,,1x,,,,,,,,2026-03-12,17058133.0,,,
UBER,"Uber Technologies, Inc.",Stock,Technology,Software - Application,156481404928.0,,,1x,,,,,,,,2026-03-12,20827466.0,1.215,,
CELH,"Celsius Holdings, Inc.",Stock,Consumer Defensive,Beverages - Non-Alcoholic,11675096064.0,,,1x,,,,,,,,2026-03-12,5046196.0,0.956,,
FANG,"Diamondback Energy, Inc.",Stock,Energy,Oil & Gas E&P,50584383488.0,,,1x,,,,,,,,2026-03-12,2524959.0,0.569,,
USEG,U.S. Energy Corp.,Stock,Energy,Oil & Gas E&P,48474768.0,,,1x,,,,,,,,2026-03-12,5095735.0,0.581,,
SMCL,GraniteShares 2x Long SMCI Daily ETF,ETF,ETF,Trading--Leveraged Equity,,Trading--Leveraged Equity,,2x,,,,,,,,2026-03-12,5628528.0,,Leveraged,
SAP,SAP SE,Stock,Technology,Software - Application,228255498240.0,,,1x,,,,,,,,2026-03-12,2732086.0,0.692,,
BITU,Proshares Ultra Bitcoin ETF,ETF,ETF,Digital Assets,,Digital Assets,,2x,,,,,,,,2026-03-12,5756922.0,,Leveraged,
VOOG,Vanguard S&P 500 Growth Index Fund ETF Shares,ETF,ETF,Large Growth,7217697792.0,Large Growth,,1x,,,,,,,,2026-03-12,268755.0,,Standard,
BOIL,ProShares Ultra Bloomberg Natural Gas,ETF,ETF,Trading--Leveraged Commodities,,Trading--Leveraged Commodities,,2x,,,,,,,,2026-03-12,14809062.0,,Leveraged,
PBR,Petróleo Brasileiro S.A. - Petrobras,Stock,Energy,Oil & Gas Integrated,121540755456.0,,,1x,,,,,,,,2026-03-12,25452452.0,0.163,,
QBTX,Tradr 2X Long QBTS Daily ETF,ETF,ETF,Trading--Leveraged Equity,,Trading--Leveraged Equity,,2x,,,,,,,,2026-03-12,1694766.0,,Leveraged,
GLL,ProShares UltraShort Gold,ETF,ETF,Trading--Inverse Commodities,,Trading--Inverse Commodities,,-2x,,,,,,,,2026-03-12,8603189.0,,Inverse Leveraged,
IBM,International Business Machines Corporation,Stock,Technology,Information Technology Services,233537732608.0,,,1x,,,,,,,,2026-03-12,5647766.0,0.706,,
FBL,GraniteShares 2x Long META Daily ETF,ETF,ETF,Trading--Leveraged Equity,,Trading--Leveraged Equity,,2x,,,,,,,,2026-03-12,1439074.0,,Leveraged,
FIGR,"Figure Technology Solutions, Inc.",Stock,Financial Services,Capital Markets,8261189632.0,,,1x,,,,,,,,2026-03-12,5156045.0,,,
ROKU,"Roku, Inc.",Stock,Communication Services,Entertainment,15005199360.0,,,1x,,,,,,,,2026-03-12,3549283.0,2.045,,
SYM,Symbotic Inc.,Stock,Industrials,Specialty Industrial Machinery,30101743616.0,,,1x,,,,,,,,2026-03-12,1909466.0,2.139,,
DVLT,Datavault AI Inc.,Stock,Technology,Software - Infrastructure,414521760.0,,,1x,,,,,,,,2026-03-12,71174806.0,0.128,,
IONZ,Defiance Daily Target 2X Short IONQ ETF,ETF,ETF,Trading--Inverse Equity,,Trading--Inverse Equity,,-2x,,,,,,,,2026-03-12,2065533.0,,Inverse Leveraged,
LAC,Lithium Americas Corp.,Stock,Basic Materials,Other Industrial Metals & Mining,1391493760.0,,,1x,,,,,,,,2026-03-12,13453828.0,3.036,,
GRAB,Grab Holdings Limited,Stock,Technology,Software - Application,15643338752.0,,,1x,,,,,,,,2026-03-12,46859874.0,0.962,,
RUN,Sunrun Inc.,Stock,Technology,Solar,2874876928.0,,,1x,,,,,,,,2026-03-12,9274959.0,2.461,,
CIFR,Cipher Digital Inc.,Stock,Technology,Information Technology Services,5424548864.0,,,1x,,,,,,,,2026-03-12,29829816.0,3.007,,
GFI,Gold Fields Limited,Stock,Basic Materials,Gold,45843144704.0,,,1x,,,,,,,,2026-03-12,3249103.0,0.698,,
VYM,Vanguard High Dividend Yield Index Fund ETF Shares,ETF,ETF,Large Value,,Large Value,,1x,,,,,,,,2026-03-12,1680027.0,,Standard,
SES,SES AI Corporation,Stock,Consumer Cyclical,Auto Parts,461945952.0,,,1x,,,,,,,,2026-03-12,7691233.0,0.622,,
IAU,iShares Gold Trust,ETF,ETF,Commodities Focused,94153064448.0,Commodities Focused,,1x,,,,,,,,2026-03-12,15038359.0,,Standard,
CONI,GraniteShares 2x Short COIN Daily ETF,ETF,ETF,Trading--Inverse Equity,,Trading--Inverse Equity,,-2x,,,,,,,,2026-03-12,213652.0,,Inverse Leveraged,
SBET,"Sharplink, Inc.",Stock,Financial Services,Capital Markets,1506669696.0,,,1x,,,,,,,,2026-03-12,7583900.0,11.948,,
AAL,American Airlines Group Inc.,Stock,Industrials,Airlines,7114781696.0,,,1x,,,,,,,,2026-03-12,63204883.0,1.194,,
URA,Global X Uranium ETF,ETF,ETF,Natural Resources,,Natural Resources,,1x,,,,,,,,2026-03-12,5723674.0,,Standard,
APH,Amphenol Corporation,Stock,Technology,Electronic Components,160916537344.0,,,1x,,,,,,,,2026-03-12,9843559.0,1.214,,
TNA,Direxion Daily Small Cap Bull 3X Shares,ETF,ETF,Trading--Leveraged Equity,,Trading--Leveraged Equity,,3x,,,,,,,,2026-03-12,10613469.0,,Leveraged,
UNHG,Leverage Shares 2X Long UNH Daily ETF,ETF,ETF,Industrials,,Industrials,,2x,,,,,,,,2026-03-12,2428855.0,,Leveraged,
AVGG,Leverage Shares 2X Long AVGO Daily ETF,ETF,ETF,Trading--Leveraged Equity,,Trading--Leveraged Equity,,2x,,,,,,,,2026-03-12,273683.0,,Leveraged,
VICR,Vicor Corporation,Stock,Technology,Electronic Components,7670330368.0,,,1x,,,,,,,,2026-03-12,681140.0,1.916,,
LI,Li Auto Inc.,Stock,Consumer Cyclical,Auto Manufacturers,18647816192.0,,,1x,,,,,,,,2026-03-12,3813284.0,0.604,,
ASTS,"AST SpaceMobile, Inc.",Stock,Technology,Communication Equipment,33268858880.0,,,1x,,,,,,,,2026-03-12,15830105.0,2.867,,
SSO,ProShares Ultra S&P500,ETF,ETF,Trading--Leveraged Equity,,Trading--Leveraged Equity,,2x,,,,,,,,2026-03-12,4293457.0,,Leveraged,
GE,GE Aerospace,Stock,Industrials,Aerospace & Defense,328120827904.0,,,1x,,,,,,,,2026-03-12,5298718.0,1.369,,
RSP,Invesco S&P 500 Equal Weight ETF,ETF,ETF,Large Blend,30395832320.0,Large Blend,,1x,,,,,,,,2026-03-12,19163538.0,,Standard,
ABT,Abbott Laboratories,Stock,Healthcare,Medical Devices,191414468608.0,,,1x,,,,,,,,2026-03-12,9599401.0,0.744,,
TTE,TotalEnergies SE,Stock,Energy,Oil & Gas Integrated,171345068032.0,,,1x,,,,,,,,2026-03-12,1600249.0,0.281,,
DUST,Direxion Daily Gold Miners Index Bear 2X Shares,ETF,ETF,Trading--Inverse Equity,620816128.0,Trading--Inverse Equity,,-2x,,,,,,,,2026-03-12,6887564.0,,Inverse Leveraged,
BMNR,"Bitmine Immersion Technologies, Inc.",Stock,Financial Services,Capital Markets,9538465792.0,,,1x,,,,,,,,2026-03-12,43505372.0,1.466,,
OKLO,Oklo Inc.,Stock,Utilities,Utilities - Independent Power Producers,9699818496.0,,,1x,,,,,,,,2026-03-12,10352194.0,0.819,,
ERX,Direxion Daily Energy Bull 2X Shares,ETF,ETF,Trading--Leveraged Equity,,Trading--Leveraged Equity,,2x,,,,,,,,2026-03-12,488264.0,,Leveraged,
IBRX,"ImmunityBio, Inc.",Stock,Healthcare,Biotechnology,8255734784.0,,,1x,,,,,,,,2026-03-12,36748528.0,-0.076,,
SMFG,"Sumitomo Mitsui Financial Group, Inc.",Stock,Financial Services,Banks - Diversified,123607851008.0,,,1x,,,,,,,,2026-03-12,2176205.0,0.182,,
JEPI,JPMorgan Equity Premium Income ETF,ETF,ETF,Derivative Income,,Derivative Income,,1x,,,,,,,,2026-03-12,5506832.0,,Standard,
AAAU,Goldman Sachs Physical Gold ETF,ETF,ETF,Commodities Focused,,Commodities Focused,,1x,,,,,,,,2026-03-12,4290535.0,,Standard,
ONC,BeOne Medicines AG,Stock,Healthcare,Biotechnology,33503303680.0,,,1x,,,,,,,,2026-03-12,287635.0,0.517,,
RBRK,"Rubrik, Inc.",Stock,Technology,Software - Infrastructure,11366038528.0,,,1x,,,,,,,,2026-03-12,3689477.0,,,
DKNG,DraftKings Inc.,Stock,Consumer Cyclical,Gambling,12882003968.0,,,1x,,,,,,,,2026-03-12,14487703.0,1.682,,
DIA,State Street SPDR Dow Jones Industrial Average ETF Trust,ETF,ETF,Large Value,38154915840.0,Large Value,,1x,,,,,,,,2026-03-12,6426842.0,,Standard,
SNXX,Tradr 2X Long Sndk Daily ETF,ETF,ETF,Trading--Leveraged Equity,,Trading--Leveraged Equity,,2x,,,,,,,,2026-03-12,9358932.0,,Leveraged,
RDDT,"Reddit, Inc.",Stock,Communication Services,Internet Content & Information,26596001792.0,,,1x,,,,,,,,2026-03-12,5436432.0,,,
SERV,Serve Robotics Inc.,Stock,Industrials,Specialty Industrial Machinery,762764096.0,,,1x,,,,,,,,2026-03-12,5929274.0,3.136,,
BEKE,KE Holdings Inc.,Stock,Real Estate,Real Estate Services,19170498560.0,,,1x,,,,,,,,2026-03-12,4683269.0,-0.59,,
XLE,State Street Energy Select Sector SPDR ETF,ETF,ETF,Equity Energy,10645742592.0,Equity Energy,,1x,,,,,,,,2026-03-12,53073522.0,,Standard,
KKR,KKR & Co. Inc.,Stock,Financial Services,Asset Management,80646488064.0,,,1x,,,,,,,,2026-03-12,6937881.0,2.013,,
RERE,ATRenew Inc.,Stock,Consumer Cyclical,Internet Retail,1263296640.0,,,1x,,,,,,,,2026-03-12,1416625.0,0.186,,
LMT,Lockheed Martin Corporation,Stock,Industrials,Aerospace & Defense,150355345408.0,,,1x,,,,,,,,2026-03-12,1790037.0,0.197,,
GLDM,SPDR Gold MiniShares,ETF,ETF,Commodities Focused,,Commodities Focused,,1x,,,,,,,,2026-03-12,11867598.0,,Standard,
CRCL,Circle Internet Group,Stock,Financial Services,Capital Markets,30596640768.0,,,1x,,,,,,,,2026-03-12,13884662.0,,,
GDXY,YieldMax Gold Miners Option Income Strategy ETF,ETF,ETF,Commodities Focused,,Commodities Focused,,1x,,,,,,,,2026-03-12,881628.0,,Standard,
SPGI,S&P Global Inc.,Stock,Financial Services,Financial Data & Stock Exchanges,128633978880.0,,,1x,,,,,,,,2026-03-12,2508269.0,1.221,,
SH,ProShares Short S&P500,ETF,ETF,Trading--Inverse Equity,,Trading--Inverse Equity,,-1x,,,,,,,,2026-03-12,9276954.0,,Inverse,
TLT,iShares 20+ Year Treasury Bond ETF,ETF,ETF,Long Government,9529090048.0,Long Government,,1x,,,,,,,,2026-03-12,39180003.0,,Standard,
PALL,abrdn Physical Palladium Shares ETF,ETF,ETF,Commodities Focused,,Commodities Focused,,1x,,,,,,,,2026-03-12,632684.0,,Standard,
CVNA,Carvana Co.,Stock,Consumer Cyclical,Auto & Truck Dealerships,66737713152.0,,,1x,,,,,,,,2026-03-12,4424657.0,3.673,,
BHAT,Blue Hat Interactive Entertainment Technology,Stock,Communication Services,Electronic Gaming & Multimedia,3844917.0,,,1x,,,,,,,,2026-03-12,1036876.0,0.832,,
NVD,Graniteshares 2x Short NVDA Daily ETF,ETF,ETF,Trading--Inverse Equity,,Trading--Inverse Equity,,-2x,,,,,,,,2026-03-12,58564338.0,,Inverse Leveraged,
CRWU,T-REX 2X Long CRWV Daily Target ETF,ETF,ETF,Trading--Leveraged Equity,,Trading--Leveraged Equity,,2x,,,,,,,,2026-03-12,1689083.0,,Leveraged,
REMX,VanEck Rare Earth and Strategic Metals ETF,ETF,ETF,Natural Resources,,Natural Resources,,1x,,,,,,,,2026-03-12,1555181.0,,Standard,
NKE,"NIKE, Inc.",Stock,Consumer Cyclical,Footwear & Accessories,81287847936.0,,,1x,,,,,,,,2026-03-12,19108277.0,1.286,,
HOOD,"Robinhood Markets, Inc.",Stock,Financial Services,Capital Markets,69706383360.0,,,1x,,,,,,,,2026-03-12,28222400.0,2.479,,
INFQ,"Infleqtion, Inc.",Stock,Technology,Software - Infrastructure,2472109568.0,,,1x,,,,,,,,2026-03-12,3588358.0,,,
SCCO,Southern Copper Corporation,Stock,Basic Materials,Copper,153107103744.0,,,1x,,,,,,,,2026-03-12,2002953.0,1.076,,
ZSL,ProShares UltraShort Silver,ETF,ETF,Trading--Inverse Commodities,,Trading--Inverse Commodities,,-2x,,,,,,,,2026-03-12,20925618.0,,Inverse Leveraged,
TMF,Direxion Daily 20+ Year Treasury Bull 3X Shares,ETF,ETF,Trading--Leveraged Debt,,Trading--Leveraged Debt,,3x,,,,,,,,2026-03-12,5866328.0,,Leveraged,
IREN,IREN Limited,Stock,Financial Services,Capital Markets,13422976000.0,,,1x,,,,,,,,2026-03-12,38499728.0,4.321,,
RDTL,GraniteShares 2x Long RDDT Daily ETF,ETF,ETF,Trading--Leveraged Equity,,Trading--Leveraged Equity,,2x,,,,,,,,2026-03-12,503069.0,,Leveraged,
WFC,Wells Fargo & Company,Stock,Financial Services,Banks - Diversified,236216107008.0,,,1x,,,,,,,,2026-03-12,16193937.0,1.071,,
ABTC,American Bitcoin Corp,Stock,Financial Services,Capital Markets,1025003520.0,,,1x,,,,,,,,2026-03-12,13451188.0,,,
AU,AngloGold Ashanti plc,Stock,Basic Materials,Gold,53162905600.0,,,1x,,,,,,,,2026-03-12,2773949.0,0.551,,
RDW,Redwire Corporation,Stock,Industrials,Aerospace & Defense,1833388288.0,,,1x,,,,,,,,2026-03-12,23934335.0,2.539,,
SIDU,"Sidus Space, Inc.",Stock,Industrials,Aerospace & Defense,138693888.0,,,1x,,,,,,,,2026-03-12,39959333.0,-1.592,,
BSX,Boston Scientific Corporation,Stock,Healthcare,Medical Devices,102848094208.0,,,1x,,,,,,,,2026-03-12,14533628.0,0.7,,
MUD,Direxion Daily MU Bear 1X Shares,ETF,ETF,Trading--Inverse Equity,,Trading--Inverse Equity,,-1x,,,,,,,,2026-03-12,365714.0,,Inverse,
UNH,UnitedHealth Group Incorporated,Stock,Healthcare,Healthcare Plans,256795115520.0,,,1x,,,,,,,,2026-03-12,9026791.0,0.38,,
SPYU,MAX S&P 500 4X Leveraged ETN,ETF,ETF,Trading--Leveraged Equity,,Trading--Leveraged Equity,,1x,,,,,,,,2026-03-12,1374666.0,,Standard,
COPX,Global X Copper Miners ETF,ETF,ETF,Natural Resources,,Natural Resources,,1x,,,,,,,,2026-03-12,5346830.0,,Standard,
AMGN,Amgen Inc.,Stock,Healthcare,Drug Manufacturers - General,199988707328.0,,,1x,,,,,,,,2026-03-12,2861557.0,0.425,,
QYLD,Global X NASDAQ 100 Covered Call ETF,ETF,ETF,Derivative Income,,Derivative Income,,1x,,,,,,,,2026-03-12,8434494.0,,Standard,
DBO,Invesco DB Oil Fund,ETF,ETF,Commodities Focused,570255360.0,Commodities Focused,,1x,,,,,,,,2026-03-12,1064483.0,,Standard,
GILD,"Gilead Sciences, Inc.",Stock,Healthcare,Drug Manufacturers - General,179149389824.0,,,1x,,,,,,,,2026-03-12,7321266.0,0.374,,
GLOB,Globant S.A.,Stock,Technology,Information Technology Services,2147177856.0,,,1x,,,,,,,,2026-03-12,1437566.0,1.229,,
TSMU,GraniteShares 2x Long TSM Daily ETF,ETF,ETF,Trading--Leveraged Equity,,Trading--Leveraged Equity,,2x,,,,,,,,2026-03-12,85986.0,,Leveraged,
XLK,State Street Technology Select Sector SPDR ETF,ETF,ETF,Technology,37906923520.0,Technology,,1x,,,,,,,,2026-03-12,18206435.0,,Standard,
NVDU,Direxion Daily Nvda Bull 2X Shares,ETF,ETF,Trading--Leveraged Equity,,Trading--Leveraged Equity,,2x,,,,,,,,2026-03-12,480008.0,,Leveraged,
EWY,iShares MSCI South Korea ETF,ETF,ETF,Miscellaneous Region,9564859392.0,Miscellaneous Region,,1x,,,,,,,,2026-03-12,15976703.0,,Standard,
NTR,Nutrien Ltd.,Stock,Basic Materials,Agricultural Inputs,40622903296.0,,,1x,,,,,,,,2026-03-12,3138035.0,1.167,,
WRD,WeRide Inc.,Stock,Technology,Software - Application,2309763328.0,,,1x,,,,,,,,2026-03-12,3610006.0,,,
PFE,Pfizer Inc.,Stock,Healthcare,Drug Manufacturers - General,152448827392.0,,,1x,,,,,,,,2026-03-12,47490623.0,0.412,,
EWZ,iShares MSCI Brazil ETF,ETF,ETF,Latin America Stock,7301022720.0,Latin America Stock,,1x,,,,,,,,2026-03-12,38153911.0,,Standard,
AUNA,Auna SA,Stock,Healthcare,Medical Care Facilities,364513888.0,,,1x,,,,,,,,2026-03-12,412164.0,,,
AMDD,Direxion Daily AMD Bear 1X Shares,ETF,ETF,Trading--Inverse Equity,,Trading--Inverse Equity,,-1x,,,,,,,,2026-03-12,10285357.0,,Inverse,
ZS,"Zscaler, Inc.",Stock,Technology,Software - Infrastructure,25229670400.0,,,1x,,,,,,,,2026-03-12,2482738.0,1.124,,
TSLZ,T-Rex 2X Inverse Tesla Daily Target ETF,ETF,ETF,Trading--Inverse Equity,,Trading--Inverse Equity,,-2x,,,,,,,,2026-03-12,15065155.0,,Inverse Leveraged,
B,Barrick Mining Corporation,Stock,Basic Materials,Gold,75268980736.0,,,1x,,,,,,,,2026-03-12,14954964.0,1.004,,
CODA,"Coda Octopus Group, Inc.",Stock,Industrials,Aerospace & Defense,163141584.0,,,1x,,,,,,,,2026-03-12,227655.0,0.468,,
SOXS,Direxion Daily Semiconductor Bear 3X Shares,ETF,ETF,Trading--Inverse Equity,,Trading--Inverse Equity,,-3x,,,,,,,,2026-03-12,31679547.0,,Inverse Leveraged,
WULF,TeraWulf Inc.,Stock,Financial Services,Capital Markets,6193515008.0,,,1x,,,,,,,,2026-03-12,30213379.0,4.303,,
CRDO,Credo Technology Group Holding Ltd,Stock,Technology,Semiconductors,20991324160.0,,,1x,,,,,,,,2026-03-12,6619467.0,2.676,,
APP,AppLovin Corporation,Stock,Communication Services,Advertising Agencies,154948993024.0,,,1x,,,,,,,,2026-03-12,5952901.0,2.505,,
BRK B,Berkshire Hathaway Inc.,Stock,Financial Services,Insurance - Diversified,1059262169088.0,,,1x,,,,,,,,2026-03-12,4913591.0,0.688,,
SBIT,ProShares UltraShort Bitcoin ETF,ETF,ETF,Digital Assets,,Digital Assets,,-2x,,,,,,,,2026-03-12,2408172.0,,Inverse Leveraged,
TSLT,T-Rex 2X Long Tesla Daily Target ETF,ETF,ETF,Trading--Leveraged Equity,,Trading--Leveraged Equity,,2x,,,,,,,,2026-03-12,3249177.0,,Leveraged,
IAUM,iShares Gold Trust Micro,ETF,ETF,Commodities Focused,,Commodities Focused,,1x,,,,,,,,2026-03-12,7482755.0,,Standard,
LASR,"nLIGHT, Inc.",Stock,Technology,Semiconductors,3621414912.0,,,1x,,,,,,,,2026-03-12,1377366.0,2.342,,
NTES,"NetEase, Inc.",Stock,Communication Services,Electronic Gaming & Multimedia,75053187072.0,,,1x,,,,,,,,2026-03-12,777228.0,0.86,,
MPWR,"Monolithic Power Systems, Inc.",Stock,Technology,Semiconductors,50995535872.0,,,1x,,,,,,,,2026-03-12,682577.0,1.49,,
ARKK,ARK Innovation ETF,ETF,ETF,Mid-Cap Growth,,Mid-Cap Growth,,1x,,,,,,,,2026-03-12,8676549.0,,Standard,
COHX,Tradr 2X Long COHR Daily ETF,ETF,ETF,Unknown,,Unknown,,2x,,,,,,,,2026-03-12,342140.0,,Leveraged,
TECL,Direxion Daily Technology Bull 3X Shares,ETF,ETF,Trading--Leveraged Equity,,Trading--Leveraged Equity,,3x,,,,,,,,2026-03-12,1195481.0,,Leveraged,
MU,"Micron Technology, Inc.",Stock,Technology,Semiconductors,458915119104.0,,,1x,,,,,,,,2026-03-12,34943900.0,1.542,,
FUTU,Futu Holdings Limited,Stock,Financial Services,Capital Markets,20849317888.0,,,1x,,,,,,,,2026-03-12,1480837.0,0.377,,
PDD,PDD Holdings Inc.,Stock,Consumer Cyclical,Internet Retail,146393939968.0,,,1x,,,,,,,,2026-03-12,8188333.0,0.047,,
IRE,Defiance Daily Target 2X Long IREN ETF,ETF,ETF,Trading--Leveraged Equity,,Trading--Leveraged Equity,,2x,,,,,,,,2026-03-12,22501627.0,,Leveraged,
GOOX,T-Rex 2X Long Alphabet Daily Target ETF,ETF,ETF,Trading--Leveraged Equity,,Trading--Leveraged Equity,,2x,,,,,,,,2026-03-12,111433.0,,Leveraged,
IREZ,Tradr 2X Short Iren Daily ETF,ETF,ETF,Trading--Inverse Equity,,Trading--Inverse Equity,,-2x,,,,,,,,2026-03-12,1858732.0,,Inverse Leveraged,
WORX,SCWorx Corp.,Stock,Healthcare,Health Information Services,2041661.0,,,1x,,,,,,,,2026-03-12,13671781.0,2.021,,
AVL,Direxion Daily AVGO Bull 2X Shares,ETF,ETF,Trading--Leveraged Equity,,Trading--Leveraged Equity,,2x,,,,,,,,2026-03-12,713464.0,,Leveraged,
SILJ,Amplify Junior Silver Miners ETF,ETF,ETF,Equity Precious Metals,,Equity Precious Metals,,1x,,,,,,,,2026-03-12,11323508.0,,Standard,
KWEB,KraneShares CSI China Internet ETF,ETF,ETF,China Region,,China Region,,1x,,,,,,,,2026-03-12,24558638.0,,Standard,
GPIQ,Goldman Sachs Nasdaq-100 Premium Income ETF,ETF,ETF,Derivative Income,,Derivative Income,,1x,,,,,,,,2026-03-12,1050510.0,,Standard,
VEU,Vanguard FTSE All-World ex-US Index Fund ETF Shares,ETF,ETF,Foreign Large Blend,35212898304.0,Foreign Large Blend,,1x,,,,,,,,2026-03-12,4248393.0,,Standard,
TOPS,Top Ships Inc.,Stock,Energy,Oil & Gas Midstream,15495913.0,,,1x,,,,,,,,2026-03-12,156322.0,2.426,,
GFS,GLOBALFOUNDRIES Inc.,Stock,Technology,Semiconductors,23619700736.0,,,1x,,,,,,,,2026-03-12,4527820.0,1.469,,
HAL,Halliburton Company,Stock,Energy,Oil & Gas Equipment & Services,29995573248.0,,,1x,,,,,,,,2026-03-12,13649932.0,0.753,,
APA,APA Corporation,Stock,Energy,Oil & Gas E&P,11784469504.0,,,1x,,,,,,,,2026-03-12,6711600.0,0.708,,
BHP,BHP Group Limited,Stock,Basic Materials,Other Industrial Metals & Mining,182814818304.0,,,1x,,,,,,,,2026-03-12,4121916.0,0.74,,
NOC,Northrop Grumman Corporation,Stock,Industrials,Aerospace & Defense,104418279424.0,,,1x,,,,,,,,2026-03-12,945242.0,0.007,,
TSLA,"Tesla, Inc.",Stock,Consumer Cyclical,Auto Manufacturers,1517408354304.0,,,1x,,,,,,,,2026-03-12,65015127.0,1.926,,
BLK,"BlackRock, Inc.",Stock,Financial Services,Asset Management,146305482752.0,,,1x,,,,,,,,2026-03-12,777493.0,1.487,,
VG,"Venture Global, Inc.",Stock,Energy,Oil & Gas Midstream,31178950656.0,,,1x,,,,,,,,2026-03-12,14873671.0,,,
AMPX,"Amprius Technologies, Inc.",Stock,Industrials,Electrical Equipment & Parts,2386549504.0,,,1x,,,,,,,,2026-03-12,8535123.0,3.071,,
LLY,Eli Lilly and Company,Stock,Healthcare,Drug Manufacturers - General,882497421312.0,,,1x,,,,,,,,2026-03-12,3137584.0,0.434,,
CLMT,"Calumet, Inc.",Stock,Basic Materials,Specialty Chemicals,2584639488.0,,,1x,,,,,,,,2026-03-12,1274794.0,1.043,,
NEM,Newmont Corporation,Stock,Basic Materials,Gold,126193647616.0,,,1x,,,,,,,,2026-03-12,9689066.0,0.389,,
RIVN,"Rivian Automotive, Inc.",Stock,Consumer Cyclical,Auto Manufacturers,20470128640.0,,,1x,,,,,,,,2026-03-12,33089928.0,1.749,,
METU,Direxion Daily META Bull 2X ETF,ETF,ETF,Trading--Leveraged Equity,,Trading--Leveraged Equity,,2x,,,,,,,,2026-03-12,3142001.0,,Leveraged,
AAPL,Apple Inc.,Stock,Technology,Consumer Electronics,3775015157760.0,,,1x,,,,,,,,2026-03-12,48273077.0,1.116,,
SHEL,Shell plc,Stock,Energy,Oil & Gas Integrated,247504125952.0,,,1x,,,,,,,,2026-03-12,5582856.0,-0.07,,
NXPI,NXP Semiconductors N.V.,Stock,Technology,Semiconductors,50033184768.0,,,1x,,,,,,,,2026-03-12,2923103.0,1.44,,
ACMR,"ACM Research, Inc.",Stock,Technology,Semiconductor Equipment & Materials,3007037440.0,,,1x,,,,,,,,2026-03-12,1525010.0,1.558,,
IWM,iShares Russell 2000 ETF,ETF,ETF,Small Blend,69965201408.0,Small Blend,,1x,,,,,,,,2026-03-12,40166906.0,,Standard,
NFXL,Direxion Daily NFLX Bull 2X Shares,ETF,ETF,Trading--Leveraged Equity,,Trading--Leveraged Equity,,2x,,,,,,,,2026-03-12,1135544.0,,Leveraged,
SLS,"SELLAS Life Sciences Group, Inc.",Stock,Healthcare,Biotechnology,922945664.0,,,1x,,,,,,,,2026-03-12,9035742.0,2.208,,
RMBS,Rambus Inc.,Stock,Technology,Semiconductors,9763286016.0,,,1x,,,,,,,,2026-03-12,2311486.0,1.589,,
SVXY,ProShares Short VIX Short-Term Futures ETF,ETF,ETF,Trading--Miscellaneous,,Trading--Miscellaneous,,-1x,,,,,,,,2026-03-12,2437193.0,,Inverse,
GGLL,Direxion Daily GOOGL Bull 2X Shares,ETF,ETF,Trading--Leveraged Equity,,Trading--Leveraged Equity,,2x,,,,,,,,2026-03-12,1628513.0,,Leveraged,
PSQ,ProShares Short QQQ,ETF,ETF,Trading--Inverse Equity,,Trading--Inverse Equity,,-1x,,,,,,,,2026-03-12,12255713.0,,Inverse,
GRID,First Trust NASDAQ Clean Edge Smart Grid Infrastructure Index Fund,ETF,ETF,Infrastructure,,Infrastructure,,1x,,,,,,,,2026-03-12,547057.0,,Standard,
MSTX,Defiance Daily Target 2X Long MSTR ETF,ETF,ETF,Trading--Leveraged Equity,,Trading--Leveraged Equity,,2x,,,,,,,,2026-03-12,65667013.0,,Leveraged,
NRG,"NRG Energy, Inc.",Stock,Utilities,Utilities - Independent Power Producers,31297878016.0,,,1x,,,,,,,,2026-03-12,2470245.0,1.265,,
NEE,"NextEra Energy, Inc.",Stock,Utilities,Utilities - Regulated Electric,190121377792.0,,,1x,,,,,,,,2026-03-12,9777755.0,0.749,,
CDE,"Coeur Mining, Inc.",Stock,Basic Materials,Gold,13978463232.0,,,1x,,,,,,,,2026-03-12,24072469.0,1.186,,
PLTU,Direxion Daily PLTR Bull 2X Shares,ETF,ETF,Trading--Leveraged Equity,,Trading--Leveraged Equity,,2x,,,,,,,,2026-03-12,2103591.0,,Leveraged,
SOFX,Defiance Daily Target 2X Long SOFI ETF,ETF,ETF,Trading--Leveraged Equity,,Trading--Leveraged Equity,,2x,,,,,,,,2026-03-12,573730.0,,Leveraged,
BWXT,"BWX Technologies, Inc.",Stock,Industrials,Aerospace & Defense,17649815552.0,,,1x,,,,,,,,2026-03-12,979423.0,0.805,,
USAR,"USA Rare Earth, Inc.",Stock,Basic Materials,Other Industrial Metals & Mining,4408939008.0,,,1x,,,,,,,,2026-03-12,18660074.0,1.085,,
ELPW,Elong Power Holding Limited,Stock,Industrials,Electrical Equipment & Parts,2892989.0,,,1x,,,,,,,,2026-03-12,291514.0,-2.107,,
BITO,ProShares Bitcoin ETF,ETF,ETF,Digital Assets,,Digital Assets,,1x,,,,,,,,2026-03-12,71980181.0,,Standard,
SMST,Defiance Daily Target 2X Short MSTR ETF,ETF,ETF,Trading--Inverse Equity,,Trading--Inverse Equity,,-2x,,,,,,,,2026-03-12,429723.0,,Inverse Leveraged,
USO,"United States Oil Fund, LP",ETF,ETF,Commodities Focused,13775070208.0,Commodities Focused,,1x,,,,,,,,2026-03-12,16325955.0,,Standard,
V,Visa Inc.,Stock,Financial Services,Credit Services,595744915456.0,,,1x,,,,,,,,2026-03-12,7773291.0,0.791,,
AI,"C3.ai, Inc.",Stock,Technology,Software - Infrastructure,1299152768.0,,,1x,,,,,,,,2026-03-12,6992654.0,2.176,,
TURB,"Turbo Energy, S.A.",Stock,Technology,Solar,48475416.0,,,1x,,,,,,,,2026-03-12,4469072.0,2.039,,
UOKA,MDJM Ltd,Stock,Consumer Cyclical,Lodging,3018061.0,,,1x,,,,,,,,2026-03-12,16497481.0,-0.816,,
HYMC,Hycroft Mining Holding Corporation,Stock,Basic Materials,Gold,3770257664.0,,,1x,,,,,,,,2026-03-12,5375542.0,2.791,,
BITI,ProShares Short Bitcoin ETF,ETF,ETF,Trading--Miscellaneous,,Trading--Miscellaneous,,-1x,,,,,,,,2026-03-12,2706313.0,,Inverse,
LGVN,Longeveron Inc.,Stock,Healthcare,Biotechnology,15255142.0,,,1x,,,,,,,,2026-03-12,4687901.0,0.282,,
ENPH,"Enphase Energy, Inc.",Stock,Technology,Solar,5550724096.0,,,1x,,,,,,,,2026-03-12,6875815.0,1.374,,
LIN,Linde plc,Stock,Basic Materials,Specialty Chemicals,224915292160.0,,,1x,,,,,,,,2026-03-12,2726855.0,0.797,,
EDSA,"Edesa Biotech, Inc.",Stock,Healthcare,Biotechnology,51007264.0,,,1x,,,,,,,,2026-03-12,4184747.0,0.053,,
SCHG,Schwab U.S. Large-Cap Growth ETF,ETF,ETF,Large Growth,,Large Growth,,1x,,,,,,,,2026-03-12,15737259.0,,Standard,
SNOW,Snowflake Inc.,Stock,Technology,Software - Application,62513303552.0,,,1x,,,,,,,,2026-03-12,5820372.0,1.212,,
IVV,iShares Core S&P 500 ETF,ETF,ETF,Large Blend,418495823872.0,Large Blend,,1x,,,,,,,,2026-03-12,9038630.0,,Standard,
NVDY,YieldMax NVDA Option Income Strategy ETF,ETF,ETF,Derivative Income,,Derivative Income,,1x,,,,,,,,2026-03-12,5550789.0,,Standard,
RXT,"Rackspace Technology, Inc.",Stock,Technology,Software - Infrastructure,471606496.0,,,1x,,,,,,,,2026-03-12,23926747.0,1.782,,
WM,"Waste Management, Inc.",Stock,Industrials,Waste Management,95739813888.0,,,1x,,,,,,,,2026-03-12,2206147.0,0.533,,
IONL,GraniteShares 2x Long IONQ Daily ETF,ETF,ETF,Trading--Leveraged Equity,,Trading--Leveraged Equity,,2x,,,,,,,,2026-03-12,445594.0,,Leveraged,
BX,Blackstone Inc.,Stock,Financial Services,Asset Management,131405332480.0,,,1x,,,,,,,,2026-03-12,6469996.0,1.794,,
COST,Costco Wholesale Corporation,Stock,Consumer Defensive,Discount Stores,438039379968.0,,,1x,,,,,,,,2026-03-12,2537557.0,0.993,,
BTC,Grayscale Bitcoin Mini Trust ETF,ETF,ETF,Digital Assets,,Digital Assets,,1x,,,,,,,,2026-03-12,4737286.0,,Standard,
ETHE,Grayscale Ethereum Staking ETF,ETF,ETF,Digital Assets,,Digital Assets,,1x,,,,,,,,2026-03-12,6953527.0,,Standard,
ALAB,"Astera Labs, Inc.",Stock,Technology,Semiconductors,21006766080.0,,,1x,,,,,,,,2026-03-12,5089538.0,,,
BOTZ,Global X Robotics & Artificial Intelligence ETF,ETF,ETF,Miscellaneous Sector,,Miscellaneous Sector,,1x,,,,,,,,2026-03-12,904011.0,,Standard,
VGK,Vanguard FTSE Europe ETF,ETF,ETF,Europe Stock,23574511616.0,Europe Stock,,1x,,,,,,,,2026-03-12,3455691.0,,Standard,
OKLL,Defiance Daily Target 2X Long OKLO ETF,ETF,ETF,Trading--Leveraged Equity,,Trading--Leveraged Equity,,2x,,,,,,,,2026-03-12,3916350.0,,Leveraged,
FRMI,Fermi Inc.,Stock,Unknown,Unknown,5102551552.0,,,1x,,,,,,,,2026-03-12,7156659.0,,,
CVGI,"Commercial Vehicle Group, Inc.",Stock,Consumer Cyclical,Auto Parts,78605168.0,,,1x,,,,,,,,2026-03-12,942705.0,,,
DXJ,WisdomTree Japan Hedged Equity Fund,ETF,ETF,Japan Stock,,Japan Stock,,1x,,,,,,,,2026-03-12,654716.0,,Standard,
MOS,The Mosaic Company,Stock,Basic Materials,Agricultural Inputs,9687085056.0,,,1x,,,,,,,,2026-03-12,7382476.0,0.946,,
AMZZ,GraniteShares 2x Long AMZN Daily ETF,ETF,ETF,Trading--Leveraged Equity,,Trading--Leveraged Equity,,2x,,,,,,,,2026-03-12,352359.0,,Leveraged,
NVDG,Leverage Shares 2X Long NVDA Daily ETF,ETF,ETF,Trading--Leveraged Equity,,Trading--Leveraged Equity,,2x,,,,,,,,2026-03-12,391645.0,,Leveraged,
ONDS,Ondas Inc.,Stock,Technology,Communication Equipment,4505421824.0,,,1x,,,,,,,,2026-03-12,94409944.0,2.583,,
UPS,"United Parcel Service, Inc.",Stock,Industrials,Integrated Freight & Logistics,83738411008.0,,,1x,,,,,,,,2026-03-12,6275632.0,1.054,,
RKLZ,Defiance Daily Target 2X Short RKLB ETF,ETF,ETF,Trading--Inverse Equity,,Trading--Inverse Equity,,-2x,,,,,,,,2026-03-12,15648830.0,,Inverse Leveraged,
AG,First Majestic Silver Corp.,Stock,Basic Materials,Silver,12332277760.0,,,1x,,,,,,,,2026-03-12,25487506.0,1.974,,
TSM,Taiwan Semiconductor Manufacturing Company Limited,Stock,Technology,Semiconductors,1776481599488.0,,,1x,,,,,,,,2026-03-12,13013215.0,1.282,,
SPY,State Street SPDR S&P 500 ETF Trust,ETF,ETF,Large Blend,615368228864.0,Large Blend,,1x,,,,,,,,2026-03-12,82736144.0,,Standard,
SDOW,ProShares UltraPro Short Dow30,ETF,ETF,Trading--Inverse Equity,,Trading--Inverse Equity,,-3x,,,,,,,,2026-03-12,5564245.0,,Inverse Leveraged,
CLS,Celestica Inc.,Stock,Technology,Electronic Components,29795256320.0,,,1x,,,,,,,,2026-03-12,2675445.0,1.384,,
NOW,"ServiceNow, Inc.",Stock,Technology,Software - Application,122386030592.0,,,1x,,,,,,,,2026-03-12,18423722.0,1.019,,
CRM,"Salesforce, Inc.",Stock,Technology,Software - Application,187831025664.0,,,1x,,,,,,,,2026-03-12,11231161.0,1.307,,
BINC,iShares Flexible Income Active ETF,ETF,ETF,Multisector Bond,,Multisector Bond,,1x,,,,,,,,2026-03-12,2049705.0,,Standard,
AVAV,"AeroVironment, Inc.",Stock,Industrials,Aerospace & Defense,10786605056.0,,,1x,,,,,,,,2026-03-12,1779789.0,1.259,,
SPXS,Direxion Daily S&P 500 Bear 3X Shares,ETF,ETF,Trading--Inverse Equity,,Trading--Inverse Equity,,-3x,,,,,,,,2026-03-12,11219591.0,,Inverse Leveraged,
AMKR,"Amkor Technology, Inc.",Stock,Technology,Semiconductor Equipment & Materials,10557820928.0,,,1x,,,,,,,,2026-03-12,4368591.0,1.973,,
BKR,Baker Hughes Company,Stock,Energy,Oil & Gas Equipment & Services,55944069120.0,,,1x,,,,,,,,2026-03-12,9259884.0,0.879,,
HPQ,HP Inc.,Stock,Technology,Computer Hardware,17345316864.0,,,1x,,,,,,,,2026-03-12,18207076.0,1.178,,
OPEN,Opendoor Technologies Inc.,Stock,Real Estate,Real Estate Services,4916210176.0,,,1x,,,,,,,,2026-03-12,55089255.0,3.79,,
VT,Vanguard Total World Stock Index Fund ETF Shares,ETF,ETF,Global Large-Stock Blend,,Global Large-Stock Blend,,1x,,,,,,,,2026-03-12,5309328.0,,Standard,
SVRN,OceanPal Inc.,Stock,Industrials,Marine Shipping,14076802.0,,,1x,,,,,,,,2026-03-12,2724147.0,1.246,,
LAES,SEALSQ Corp,Stock,Technology,Semiconductors,702597120.0,,,1x,,,,,,,,2026-03-12,7944766.0,-11.75,,
CF,"CF Industries Holdings, Inc.",Stock,Basic Materials,Agricultural Inputs,20144123904.0,,,1x,,,,,,,,2026-03-12,2990955.0,0.689,,
CORN,Teucrium Corn Fund,ETF,ETF,Commodities Focused,,Commodities Focused,,1x,,,,,,,,2026-03-12,134977.0,,Standard,
VIXY,ProShares VIX Short-Term Futures ETF,ETF,ETF,Trading--Miscellaneous,,Trading--Miscellaneous,,-1x,,,,,,,,2026-03-12,3970354.0,,Inverse,
AEHR,"Aehr Test Systems, Inc.",Stock,Technology,Semiconductor Equipment & Materials,1217283712.0,,,1x,,,,,,,,2026-03-12,1348698.0,2.31,,
EWJ,iShares MSCI Japan ETF,ETF,ETF,Japan Stock,19308009472.0,Japan Stock,,1x,,,,,,,,2026-03-12,9519001.0,,Standard,
CCJ,Cameco Corporation,Stock,Energy,Uranium,49892216832.0,,,1x,,,,,,,,2026-03-12,4132908.0,0.972,,
BTCI,NEOS ETF Trust - NEOS Bitcoin High Income ETF,ETF,ETF,Unknown,,Unknown,,1x,,,,,,,,2026-03-12,681444.0,,Standard,
MSTU,T-Rex 2X Long MSTR Daily Target ETF,ETF,ETF,Trading--Leveraged Equity,,Trading--Leveraged Equity,,2x,,,,,,,,2026-03-12,27495627.0,,Leveraged,
ORGN,"Origin Materials, Inc.",Stock,Basic Materials,Chemicals,20286788.0,,,1x,,,,,,,,2026-03-12,2086700.0,1.021,,
LRCX,Lam Research Corporation,Stock,Technology,Semiconductor Equipment & Materials,267188977664.0,,,1x,,,,,,,,2026-03-12,11865145.0,1.787,,
UVXY,ProShares Ultra VIX Short-Term Futures ETF,ETF,ETF,Trading--Miscellaneous,,Trading--Miscellaneous,,-2x,,,,,,,,2026-03-12,8801113.0,,Inverse Leveraged,
ETHA,iShares Ethereum Trust ETF,ETF,ETF,Digital Assets,,Digital Assets,,1x,,,,,,,,2026-03-12,42924520.0,,Standard,
PLTR,Palantir Technologies Inc.,Stock,Technology,Software - Infrastructure,367917203456.0,,,1x,,,,,,,,2026-03-12,48614557.0,1.739,,
DIVO,Amplify CWP Enhanced Dividend Income ETF,ETF,ETF,Derivative Income,,Derivative Income,,1x,,,,,,,,2026-03-12,895944.0,,Standard,
BNO,"United States Brent Oil Fund, LP",ETF,ETF,Commodities Focused,,Commodities Focused,,1x,,,,,,,,2026-03-12,2139815.0,,Standard,
HUT,Hut 8 Corp.,Stock,Financial Services,Capital Markets,5454544896.0,,,1x,,,,,,,,2026-03-12,5842162.0,6.171,,
LEU,Centrus Energy Corp.,Stock,Energy,Uranium,3936255744.0,,,1x,,,,,,,,2026-03-12,1125132.0,1.295,,
UMC,United Microelectronics Corporation,Stock,Technology,Semiconductors,23821543424.0,,,1x,,,,,,,,2026-03-12,10439401.0,1.004,,
CRWG,Leverage Shares 2X Long CRWV Daily ETF,ETF,ETF,Trading--Leveraged Equity,,Trading--Leveraged Equity,,2x,,,,,,,,2026-03-12,21976911.0,,Leveraged,
ORCX,Defiance Daily Target 2X Long ORCL ETF,ETF,ETF,Trading--Leveraged Equity,,Trading--Leveraged Equity,,2x,,,,,,,,2026-03-12,6778577.0,,Leveraged,
SPOT,Spotify Technology S.A.,Stock,Communication Services,Internet Content & Information,107684634624.0,,,1x,,,,,,,,2026-03-12,2893211.0,1.717,,
ASML,ASML Holding N.V.,Stock,Technology,Semiconductor Equipment & Materials,533689925632.0,,,1x,,,,,,,,2026-03-12,1721477.0,1.431,,
SE,Sea Limited,Stock,Consumer Cyclical,Internet Retail,52340482048.0,,,1x,,,,,,,,2026-03-12,6003481.0,1.626,,
CLSK,"CleanSpark, Inc.",Stock,Financial Services,Capital Markets,2434767872.0,,,1x,,,,,,,,2026-03-12,26397635.0,3.563,,
INTW,GraniteShares 2x Long INTC Daily ETF,ETF,ETF,Trading--Leveraged Equity,,Trading--Leveraged Equity,,2x,,,,,,,,2026-03-12,930740.0,,Leveraged,
LITE,Lumentum Holdings Inc.,Stock,Technology,Communication Equipment,46604562432.0,,,1x,,,,,,,,2026-03-12,4973625.0,1.412,,
PATH,"UiPath, Inc.",Stock,Technology,Software - Infrastructure,6208497152.0,,,1x,,,,,,,,2026-03-12,32240255.0,,,
BA,The Boeing Company,Stock,Industrials,Aerospace & Defense,164178558976.0,,,1x,,,,,,,,2026-03-12,7210267.0,1.096,,
LYFT,"Lyft, Inc.",Stock,Technology,Software - Application,5319387136.0,,,1x,,,,,,,,2026-03-12,15550491.0,1.906,,
AVGO,Broadcom Inc.,Stock,Technology,Semiconductors,1593826607104.0,,,1x,,,,,,,,2026-03-12,30461157.0,1.257,,
CRWD,"CrowdStrike Holdings, Inc.",Stock,Technology,Software - Infrastructure,113234509824.0,,,1x,,,,,,,,2026-03-12,3617881.0,1.124,,
SGOV,iShares 0-3 Month Treasury Bond ETF,ETF,ETF,Ultrashort Bond,,Ultrashort Bond,,1x,,,,,,,,2026-03-12,16028450.0,,Standard,
RIO,Rio Tinto Group,Stock,Basic Materials,Other Industrial Metals & Mining,148684308480.0,,,1x,,,,,,,,2026-03-12,3826435.0,0.652,,
PTIR,GraniteShares 2x Long PLTR Daily ETF,ETF,ETF,Trading--Leveraged Equity,,Trading--Leveraged Equity,,2x,,,,,,,,2026-03-12,4534637.0,,Leveraged,
MP,MP Materials Corp.,Stock,Basic Materials,Other Industrial Metals & Mining,10949645312.0,,,1x,,,,,,,,2026-03-12,7562164.0,1.622,,
TSMX,Direxion Daily TSM Bull 2X Shares,ETF,ETF,Trading--Leveraged Equity,,Trading--Leveraged Equity,,2x,,,,,,,,2026-03-12,678244.0,,Leveraged,
WDC,Western Digital Corporation,Stock,Technology,Computer Hardware,89338281984.0,,,1x,,,,,,,,2026-03-12,9745823.0,1.853,,
VTAK,"Catheter Precision, Inc.",Stock,Healthcare,Medical Devices,2521486.0,,,1x,,,,,,,,2026-03-12,1120162.0,-0.164,,
CONL,GraniteShares 2x Long COIN Daily ETF,ETF,ETF,Trading--Leveraged Equity,,Trading--Leveraged Equity,,2x,,,,,,,,2026-03-12,12559415.0,,Leveraged,
XPEV,XPeng Inc.,Stock,Consumer Cyclical,Auto Manufacturers,19304763392.0,,,1x,,,,,,,,2026-03-12,6872659.0,1.196,,
UPST,"Upstart Holdings, Inc.",Stock,Financial Services,Credit Services,2654028544.0,,,1x,,,,,,,,2026-03-12,5142971.0,2.193,,
AMZU,Direxion Daily AMZN Bull 2X Shares,ETF,ETF,Trading--Leveraged Equity,,Trading--Leveraged Equity,,2x,,,,,,,,2026-03-12,3241593.0,,Leveraged,
PAAS,Pan American Silver Corp.,Stock,Basic Materials,Gold,25224026112.0,,,1x,,,,,,,,2026-03-12,8160688.0,1.435,,
WPM,Wheaton Precious Metals Corp.,Stock,Basic Materials,Gold,66656280576.0,,,1x,,,,,,,,2026-03-12,2284547.0,1.112,,
NVDS,Tradr 1.5X Short NVDA Daily ETF,ETF,ETF,Trading--Inverse Equity,,Trading--Inverse Equity,,-1x,,,,,,,,2026-03-12,447230.0,,Inverse,
FSLR,"First Solar, Inc.",Stock,Technology,Solar,21387081728.0,,,1x,,,,,,,,2026-03-12,2446832.0,1.648,,
AMZN,"Amazon.com, Inc.",Stock,Consumer Cyclical,Internet Retail,2265980862464.0,,,1x,,,,,,,,2026-03-12,49273020.0,1.42,,
HOOX,Defiance Daily Target 2X Long HOOD ETF,ETF,ETF,Trading--Leveraged Equity,,Trading--Leveraged Equity,,2x,,,,,,,,2026-03-12,299733.0,,Leveraged,
VKTX,"Viking Therapeutics, Inc.",Stock,Healthcare,Biotechnology,4039778048.0,,,1x,,,,,,,,2026-03-12,2970594.0,0.792,,
PLTD,Direxion Daily PLTR Bear 1X Shares,ETF,ETF,Trading--Inverse Equity,,Trading--Inverse Equity,,-1x,,,,,,,,2026-03-12,49000316.0,,Inverse,
AAOI,"Applied Optoelectronics, Inc.",Stock,Technology,Communication Equipment,8420763648.0,,,1x,,,,,,,,2026-03-12,6661369.0,3.274,,
CRCA,ProShares Ultra CRCL,Stock,Unknown,Unknown,,,,1x,,,,,,,,2026-03-12,1436297.0,,,
ONDL,Defiance Daily Target 2X Long ONDS ETF,ETF,ETF,Trading--Leveraged Equity,,Trading--Leveraged Equity,,2x,,,,,,,,2026-03-12,1287789.0,,Leveraged,
SOXL,Direxion Daily Semiconductor Bull 3X Shares,ETF,ETF,Trading--Leveraged Equity,,Trading--Leveraged Equity,,3x,,,,,,,,2026-03-12,79963888.0,,Leveraged,
SIL,Global X Silver Miners ETF,ETF,ETF,Equity Precious Metals,,Equity Precious Metals,,1x,,,,,,,,2026-03-12,4058991.0,,Standard,
SNPS,"Synopsys, Inc.",Stock,Technology,Software - Infrastructure,83402293248.0,,,1x,,,,,,,,2026-03-12,2206105.0,1.156,,
TER,"Teradyne, Inc.",Stock,Technology,Semiconductor Equipment & Materials,45421580288.0,,,1x,,,,,,,,2026-03-12,3420818.0,1.801,,
MSFU,Direxion Daily MSFT Bull 2X Shares,ETF,ETF,Trading--Leveraged Equity,,Trading--Leveraged Equity,,2x,,,,,,,,2026-03-12,2834740.0,,Leveraged,
CPB,The Campbell's Company,Stock,Consumer Defensive,Packaged Foods,6684169728.0,,,1x,,,,,,,,2026-03-12,7412594.0,-0.064,,
BILI,Bilibili Inc.,Stock,Communication Services,Internet Content & Information,10339722240.0,,,1x,,,,,,,,2026-03-12,2695050.0,0.796,,
CEG,Constellation Energy Corporation,Stock,Utilities,Utilities - Independent Power Producers,109469499392.0,,,1x,,,,,,,,2026-03-12,3657810.0,1.107,,
DVN,Devon Energy Corporation,Stock,Energy,Oil & Gas E&P,28200316928.0,,,1x,,,,,,,,2026-03-12,11083001.0,0.619,,
C,Citigroup Inc.,Stock,Financial Services,Banks - Diversified,185987596288.0,,,1x,,,,,,,,2026-03-12,15060228.0,1.131,,
ETN,Eaton Corporation plc,Stock,Industrials,Specialty Industrial Machinery,136986886144.0,,,1x,,,,,,,,2026-03-12,3007613.0,1.167,,
UDOW,ProShares UltraPro Dow30,ETF,ETF,Trading--Leveraged Equity,,Trading--Leveraged Equity,,3x,,,,,,,,2026-03-12,4105037.0,,Leveraged,
AXTI,"AXT, Inc.",Stock,Technology,Semiconductor Equipment & Materials,2606176768.0,,,1x,,,,,,,,2026-03-12,7598215.0,1.812,,
IONX,Defiance Daily Target 2X Long IONQ ETF,ETF,ETF,Trading--Leveraged Equity,,Trading--Leveraged Equity,,2x,,,,,,,,2026-03-12,4042889.0,,Leveraged,
FAS,Direxion Daily Financial Bull 3X Shares,ETF,ETF,Trading--Leveraged Equity,,Trading--Leveraged Equity,,3x,,,,,,,,2026-03-12,781735.0,,Leveraged,
DOW,Dow Inc.,Stock,Basic Materials,Chemicals,25999849472.0,,,1x,,,,,,,,2026-03-12,13293937.0,0.71,,
T,AT&T Inc.,Stock,Communication Services,Telecom Services,189926359040.0,,,1x,,,,,,,,2026-03-12,43366283.0,0.576,,
VTI,Vanguard Total Stock Market Index Fund ETF Shares,ETF,ETF,Large Blend,684742606848.0,Large Blend,,1x,,,,,,,,2026-03-12,6357554.0,,Standard,
XLV,State Street Health Care Select Sector SPDR ETF,ETF,ETF,Health,29877774336.0,Health,,1x,,,,,,,,2026-03-12,13123469.0,,Standard,
ARCC,Ares Capital Corporation,Stock,Financial Services,Asset Management,13304891392.0,,,1x,,,,,,,,2026-03-12,7066098.0,0.63,,
IGV,iShares Expanded Tech-Software Sector ETF,ETF,ETF,Technology,1083124992.0,Technology,,1x,,,,,,,,2026-03-12,18000130.0,,Standard,
APPX,Tradr 2X Long APP Daily ETF,ETF,ETF,Trading--Leveraged Equity,,Trading--Leveraged Equity,,2x,,,,,,,,2026-03-12,849491.0,,Leveraged,
GOOGL,Alphabet Inc.,Stock,Communication Services,Internet Content & Information,3700472414208.0,,,1x,,,,,,,,2026-03-12,33759272.0,1.112,,
DAVE,Dave Inc.,Stock,Technology,Software - Application,3029892096.0,,,1x,,,,,,,,2026-03-12,549603.0,3.866,,
VRTX,Vertex Pharmaceuticals Incorporated,Stock,Healthcare,Biotechnology,123090051072.0,,,1x,,,,,,,,2026-03-12,1467964.0,0.315,,
JEPQ,JPMorgan Nasdaq Equity Premium Income ETF,ETF,ETF,Derivative Income,,Derivative Income,,1x,,,,,,,,2026-03-12,6084127.0,,Standard,
TMDE,TMD Energy Limited,Stock,Energy,Oil & Gas Midstream,63415768.0,,,1x,,,,,,,,2026-03-12,6770908.0,,,
ALB,Albemarle Corporation,Stock,Basic Materials,Specialty Chemicals,19248175104.0,,,1x,,,,,,,,2026-03-12,3006681.0,1.476,,
MCHI,iShares MSCI China ETF,ETF,ETF,China Region,,China Region,,1x,,,,,,,,2026-03-12,3548681.0,,Standard,
MSFL,GraniteShares 2x Long MSFT Daily ETF,ETF,ETF,Trading--Leveraged Equity,,Trading--Leveraged Equity,,2x,,,,,,,,2026-03-12,797138.0,,Leveraged,
STX,Seagate Technology Holdings plc,Stock,Technology,Computer Hardware,84045357056.0,,,1x,,,,,,,,2026-03-12,4329542.0,1.648,,
FSLY,"Fastly, Inc.",Stock,Technology,Software - Application,3594624000.0,,,1x,,,,,,,,2026-03-12,9643120.0,0.919,,
BURU,"Nuburu, Inc.",Stock,Industrials,Specialty Industrial Machinery,28440058.0,,,1x,,,,,,,,2026-03-12,10676794.0,0.602,,
OXY,Occidental Petroleum Corporation,Stock,Energy,Oil & Gas E&P,56325689344.0,,,1x,,,,,,,,2026-03-12,13550983.0,0.351,,
RKT,"Rocket Companies, Inc.",Stock,Financial Services,Mortgage Finance,42494615552.0,,,1x,,,,,,,,2026-03-12,29602311.0,2.314,,
CIEN,Ciena Corporation,Stock,Technology,Communication Equipment,47354892288.0,,,1x,,,,,,,,2026-03-12,3208389.0,1.09,,
IREX,Tradr 2X Long IREN Daily ETF,ETF,ETF,Trading--Leveraged Equity,,Trading--Leveraged Equity,,2x,,,,,,,,2026-03-12,908348.0,,Leveraged,
NOK,Nokia Oyj,Stock,Technology,Communication Equipment,45748867072.0,,,1x,,,,,,,,2026-03-12,37282576.0,0.613,,
TME,Tencent Music Entertainment Group,Stock,Communication Services,Internet Content & Information,22913558528.0,,,1x,,,,,,,,2026-03-12,5854633.0,0.61,,
HL,Hecla Mining Company,Stock,Basic Materials,Other Precious Metals & Mining,13976794112.0,,,1x,,,,,,,,2026-03-12,26472489.0,1.284,,
HYG,iShares iBoxx $ High Yield Corporate Bond ETF,ETF,ETF,High Yield Bond,15581496320.0,High Yield Bond,,1x,,,,,,,,2026-03-12,41812986.0,,Standard,
SHV,iShares 0–1 Year Treasury Bond ETF,ETF,ETF,Ultrashort Bond,,Ultrashort Bond,,1x,,,,,,,,2026-03-12,2803177.0,,Standard,
VST,Vistra Corp.,Stock,Utilities,Utilities - Independent Power Producers,54486528000.0,,,1x,,,,,,,,2026-03-12,5551191.0,1.45,,
UNG,"United States Natural Gas Fund, LP",ETF,ETF,Commodities Focused,156314304.0,Commodities Focused,,1x,,,,,,,,2026-03-12,20896544.0,,Standard,
GBTC,Grayscale Bitcoin Trust ETF,ETF,ETF,Digital Assets,37824172032.0,Digital Assets,,1x,,,,,,,,2026-03-12,5112964.0,,Standard,
HSBC,HSBC Holdings plc,Stock,Financial Services,Banks - Diversified,284423913472.0,,,1x,,,,,,,,2026-03-12,2126833.0,0.465,,
QQQM,Invesco NASDAQ 100 ETF,ETF,ETF,Large Growth,,Large Growth,,1x,,,,,,,,2026-03-12,5341196.0,,Standard,
SBUX,Starbucks Corporation,Stock,Consumer Cyclical,Restaurants,115741483008.0,,,1x,,,,,,,,2026-03-12,9357205.0,0.928,,
SPXU,ProShares UltraPro Short S&P500,ETF,ETF,Trading--Inverse Equity,,Trading--Inverse Equity,,-3x,,,,,,,,2026-03-12,6534413.0,,Inverse Leveraged,
UMAC,"Unusual Machines, Inc.",Stock,Technology,Computer Hardware,786657152.0,,,1x,,,,,,,,2026-03-12,3588989.0,22.239,,
VICI,VICI Properties Inc.,Stock,Real Estate,REIT - Diversified,30290114560.0,,,1x,,,,,,,,2026-03-12,10918961.0,0.699,,
MTSI,"MACOM Technology Solutions Holdings, Inc.",Stock,Technology,Semiconductors,16429496320.0,,,1x,,,,,,,,2026-03-12,1342076.0,1.457,,
TCOM,Trip.com Group Limited,Stock,Consumer Cyclical,Travel Services,34124636160.0,,,1x,,,,,,,,2026-03-12,3916535.0,-0.149,,
ADBE,Adobe Inc.,Stock,Technology,Software - Application,113014751232.0,,,1x,,,,,,,,2026-03-12,5091240.0,1.532,,
NUGT,Direxion Daily Gold Miners Index Bull 2X Shares,ETF,ETF,Trading--Leveraged Equity,,Trading--Leveraged Equity,,2x,,,,,,,,2026-03-12,778969.0,,Leveraged,
RBNE,Robin Energy Ltd.,Stock,Energy,Oil & Gas Midstream,5344948.0,,,1x,,,,,,,,2026-03-12,1147730.0,,,
GOOG,Alphabet Inc.,Stock,Communication Services,Internet Content & Information,3696541040640.0,,,1x,,,,,,,,2026-03-12,21550603.0,1.112,,
SCHD,Schwab U.S. Dividend Equity ETF,ETF,ETF,Large Value,,Large Value,,1x,,,,,,,,2026-03-12,21924218.0,,Standard,
BEX,Tradr 2X Long BE Daily ETF,ETF,ETF,Trading--Leveraged Equity,,Trading--Leveraged Equity,,2x,,,,,,,,2026-03-12,752879.0,,Leveraged,
QDVO,Amplify CWP Growth & Income ETF,ETF,ETF,Derivative Income,,Derivative Income,,1x,,,,,,,,2026-03-12,412237.0,,Standard,
AVGX,Defiance Daily Target 2X Long AVGO ETF,ETF,ETF,Trading--Leveraged Equity,,Trading--Leveraged Equity,,2x,,,,,,,,2026-03-12,1085298.0,,Leveraged,
FIX,"Comfort Systems USA, Inc.",Stock,Industrials,Engineering & Construction,48354672640.0,,,1x,,,,,,,,2026-03-12,557596.0,1.602,,
AMAT,"Applied Materials, Inc.",Stock,Technology,Semiconductor Equipment & Materials,270636826624.0,,,1x,,,,,,,,2026-03-12,7668283.0,1.634,,
UPRO,ProShares UltraPro S&P500,ETF,ETF,Trading--Leveraged Equity,,Trading--Leveraged Equity,,3x,,,,,,,,2026-03-12,4367216.0,,Leveraged,
CRSP,CRISPR Therapeutics AG,Stock,Healthcare,Biotechnology,4664886272.0,,,1x,,,,,,,,2026-03-12,1874677.0,1.738,,
EONR,EON Resources Inc.,Stock,Energy,Oil & Gas E&P,44840760.0,,,1x,,,,,,,,2026-03-12,16528940.0,-0.852,,
XOVR,ERShares Private-Public Crossover ETF,ETF,ETF,Large Growth,,Large Growth,,1x,,,,,,,,2026-03-12,970169.0,,Standard,
NVDA,NVIDIA Corporation,Stock,Technology,Semiconductors,4463856713728.0,,,1x,,,,,,,,2026-03-12,175852945.0,2.375,,
GIS,"General Mills, Inc.",Stock,Consumer Defensive,Packaged Foods,21412595712.0,,,1x,,,,,,,,2026-03-12,8133377.0,-0.095,,
PPLT,abrdn Physical Platinum Shares ETF,ETF,ETF,Commodities Focused,,Commodities Focused,,1x,,,,,,,,2026-03-12,1183123.0,,Standard,
ASST,"Strive Asset Management, LLC",Stock,Financial Services,Asset Management,564914752.0,,,1x,,,,,,,,2026-03-12,4670865.0,,,
CSIQ,Canadian Solar Inc.,Stock,Technology,Solar,1182395136.0,,,1x,,,,,,,,2026-03-12,3077274.0,1.305,,
ETHT,Proshares Ultra Ether ETF,ETF,ETF,Digital Assets,,Digital Assets,,2x,,,,,,,,2026-03-12,1915950.0,,Leveraged,
WDAY,"Workday, Inc.",Stock,Technology,Software - Application,37502820352.0,,,1x,,,,,,,,2026-03-12,4738255.0,1.167,,
RLAY,"Relay Therapeutics, Inc.",Stock,Healthcare,Biotechnology,1839803392.0,,,1x,,,,,,,,2026-03-12,2479345.0,1.618,,
BNTX,BioNTech SE,Stock,Healthcare,Biotechnology,22577491968.0,,,1x,,,,,,,,2026-03-12,1194886.0,1.534,,
SMR,NuScale Power Corporation,Stock,Industrials,Specialty Industrial Machinery,3864656128.0,,,1x,,,,,,,,2026-03-12,26236913.0,2.251,,
BATL,Battalion Oil Corporation,Stock,Energy,Oil & Gas E&P,382944224.0,,,1x,,,,,,,,2026-03-12,12985901.0,0.624,,
AVXX,Defiance Daily Target 2X Long AVAV ETF,ETF,ETF,Trading--Leveraged Equity,,Trading--Leveraged Equity,,2x,,,,,,,,2026-03-12,559683.0,,Leveraged,
NIO,NIO Inc.,Stock,Consumer Cyclical,Auto Manufacturers,14362783744.0,,,1x,,,,,,,,2026-03-12,45256150.0,1.16,,
POET,POET Technologies Inc.,Stock,Technology,Semiconductors,1197255680.0,,,1x,,,,,,,,2026-03-12,8251154.0,0.364,,
PBR A,Petróleo Brasileiro S.A. - Petrobras,Stock,Energy,Oil & Gas Integrated,113216380928.0,,,1x,,,,,,,,2026-03-12,10549867.0,0.163,,
BP,BP p.l.c.,Stock,Energy,Oil & Gas Integrated,107500060672.0,,,1x,,,,,,,,2026-03-12,10236833.0,0.062,,
NVTX,Tradr 2X Long NVTS Daily ETF,ETF,ETF,Trading--Leveraged Equity,,Trading--Leveraged Equity,,2x,,,,,,,,2026-03-12,195294.0,,Leveraged,
INTU,Intuit Inc.,Stock,Technology,Software - Application,123857010688.0,,,1x,,,,,,,,2026-03-12,3734269.0,1.282,,
MAGS,Roundhill Magnificent Seven ETF,ETF,ETF,Technology,,Technology,,1x,,,,,,,,2026-03-12,3747766.0,,Standard,
IXUS,iShares Core MSCI Total International Stock ETF,ETF,ETF,Foreign Large Blend,,Foreign Large Blend,,1x,,,,,,,,2026-03-12,2947764.0,,Standard,
LABU,Direxion Daily S&P Biotech Bull 3X Shares,ETF,ETF,Trading--Leveraged Equity,,Trading--Leveraged Equity,,3x,,,,,,,,2026-03-12,614705.0,,Leveraged,
MSTY,Yieldmax MSTR Option Income Strategy ETF,ETF,ETF,Derivative Income,,Derivative Income,,1x,,,,,,,,2026-03-12,1384605.0,,Standard,
BITX,2x Bitcoin Strategy ETF,ETF,ETF,Digital Assets,,Digital Assets,,2x,,,,,,,,2026-03-12,12729164.0,,Leveraged,
INKT,"MiNK Therapeutics, Inc.",Stock,Healthcare,Biotechnology,49288628.0,,,1x,,,,,,,,2026-03-12,286918.0,0.352,,
DDOG,"Datadog, Inc.",Stock,Technology,Software - Application,45958213632.0,,,1x,,,,,,,,2026-03-12,5677854.0,1.36,,
TSLG,Leverage Shares 2X Long TSLA Daily ETF,ETF,ETF,Trading--Leveraged Equity,,Trading--Leveraged Equity,,2x,,,,,,,,2026-03-12,31706696.0,,Leveraged,
AGNC,AGNC Investment Corp.,Stock,Real Estate,REIT - Mortgage,11714161664.0,,,1x,,,,,,,,2026-03-12,20841438.0,1.351,,
SLB,SLB N.V.,Stock,Energy,Oil & Gas Equipment & Services,69937799168.0,,,1x,,,,,,,,2026-03-12,18574933.0,0.709,,
KLAC,KLA Corporation,Stock,Technology,Semiconductor Equipment & Materials,188582166528.0,,,1x,,,,,,,,2026-03-12,1078898.0,1.448,,
INDO,Indonesia Energy Corporation Limited,Stock,Energy,Oil & Gas E&P,78834120.0,,,1x,,,,,,,,2026-03-12,2740898.0,-0.963,,
CCUP,T-REX 2X Long CRCL Daily Target ETF,ETF,ETF,Trading--Leveraged Equity,,Trading--Leveraged Equity,,2x,,,,,,,,2026-03-12,2173050.0,,Leveraged,
SQQQ,ProShares UltraPro Short QQQ,ETF,ETF,Trading--Inverse Equity,,Trading--Inverse Equity,,-3x,,,,,,,,2026-03-12,49464128.0,,Inverse Leveraged,
VXX,iPath Series B S&P 500 VIX Short-Term Futures ETN,ETF,ETF,Trading--Miscellaneous,,Trading--Miscellaneous,,-1x,,,,,,,,2026-03-12,11171015.0,,Inverse,
ARKX,ARK Space & Defense Innovation ETF,ETF,ETF,Mid-Cap Growth,,Mid-Cap Growth,,1x,,,,,,,,2026-03-12,1001154.0,,Standard,
CRCD,T-REX 2X Inverse CRCL Daily Target ETF,ETF,ETF,Trading--Inverse Equity,,Trading--Inverse Equity,,-2x,,,,,,,,2026-03-12,1099881.0,,Inverse Leveraged,
QLD,ProShares Ultra QQQ,ETF,ETF,Trading--Leveraged Equity,,Trading--Leveraged Equity,,2x,,,,,,,,2026-03-12,5240430.0,,Leveraged,
DAL,"Delta Air Lines, Inc.",Stock,Industrials,Airlines,37750951936.0,,,1x,,,,,,,,2026-03-12,9252872.0,1.35,,
ON,ON Semiconductor Corporation,Stock,Technology,Semiconductors,23502921728.0,,,1x,,,,,,,,2026-03-12,9189474.0,1.53,,
SMCI,"Super Micro Computer, Inc.",Stock,Technology,Computer Hardware,18939199488.0,,,1x,,,,,,,,2026-03-12,29823991.0,1.487,,
NVOX,Defiance Daily Target 2X Long NVO ETF,ETF,ETF,Trading--Leveraged Equity,,Trading--Leveraged Equity,,2x,,,,,,,,2026-03-12,1064416.0,,Leveraged,
SKYE,"Skye Bioscience, Inc.",Stock,Healthcare,Biotechnology,21734958.0,,,1x,,,,,,,,2026-03-12,699427.0,2.863,,
STRC,Strategy Inc,Stock,Technology,Software - Application,,,,1x,,,,,,,,2026-03-12,1248137.0,3.633,,
CMCSA,Comcast Corporation,Stock,Communication Services,Telecom Services,109826981888.0,,,1x,,,,,,,,2026-03-12,34862815.0,0.78,,
USL,"United States 12 Month Oil Fund, LP",ETF,ETF,Commodities Focused,,Commodities Focused,,1x,,,,,,,,2026-03-12,23579.0,,Standard,
GDXW,Roundhill Gold Miners Weeklypay ETF,ETF,ETF,Trading--Miscellaneous,,Trading--Miscellaneous,,1x,,,,,,,,2026-03-12,89118.0,,Standard,
PAVE,Global X U.S. Infrastructure Development ETF,ETF,ETF,Infrastructure,,Infrastructure,,1x,,,,,,,,2026-03-12,1650167.0,,Standard,
DRIP,Direxion Daily S&P Oil & Gas Exp. & Prod. Bear 2X Shares,ETF,ETF,Trading--Inverse Equity,,Trading--Inverse Equity,,-2x,,,,,,,,2026-03-12,13599008.0,,Inverse Leveraged,
OWL,Blue Owl Capital Inc.,Stock,Financial Services,Asset Management,13801715712.0,,,1x,,,,,,,,2026-03-12,25270777.0,1.169,,
ADSK,"Autodesk, Inc.",Stock,Technology,Software - Application,53419757568.0,,,1x,,,,,,,,2026-03-12,2122932.0,1.467,,
ETHW,Bitwise Ethereum ETF,ETF,ETF,Digital Assets,,Digital Assets,,1x,,,,,,,,2026-03-12,1740300.0,,Standard,
AGI,Alamos Gold Inc.,Stock,Basic Materials,Gold,20675291136.0,,,1x,,,,,,,,2026-03-12,3807913.0,1.252,,
HODL,VanEck Bitcoin ETF,ETF,ETF,Digital Assets,,Digital Assets,,1x,,,,,,,,2026-03-12,2665325.0,,Standard,
URTY,ProShares UltraPro Russell2000,ETF,ETF,Trading--Leveraged Equity,,Trading--Leveraged Equity,,3x,,,,,,,,2026-03-12,1464779.0,,Leveraged,
ABNB,"Airbnb, Inc.",Stock,Consumer Cyclical,Travel Services,76075327488.0,,,1x,,,,,,,,2026-03-12,4789852.0,1.163,,
CMG,"Chipotle Mexican Grill, Inc.",Stock,Consumer Cyclical,Restaurants,43549229056.0,,,1x,,,,,,,,2026-03-12,17724774.0,1.019,,
EWT,iShares MSCI Taiwan ETF,ETF,ETF,China Region,5966999552.0,China Region,,1x,,,,,,,,2026-03-12,5626481.0,,Standard,
GRAL,"GRAIL, Inc.",Stock,Healthcare,Diagnostics & Research,1780427904.0,,,1x,,,,,,,,2026-03-12,1281081.0,,,
XLU,State Street Utilities Select Sector SPDR ETF,ETF,ETF,Utilities,7656734208.0,Utilities,,1x,,,,,,,,2026-03-12,25769372.0,,Standard,
JHX,James Hardie Industries plc,Stock,Basic Materials,Building Materials,11663971328.0,,,1x,,,,,,,,2026-03-12,6008213.0,0.876,,
VALE,Vale S.A.,Stock,Basic Materials,Other Industrial Metals & Mining,64394547200.0,,,1x,,,,,,,,2026-03-12,37357693.0,0.945,,
MRK,"Merck & Co., Inc.",Stock,Healthcare,Drug Manufacturers - General,283941863424.0,,,1x,,,,,,,,2026-03-12,12899855.0,0.264,,
PLTG,Leverage Shares 2X Long PLTR Daily ETF,ETF,ETF,Trading--Leveraged Equity,,Trading--Leveraged Equity,,2x,,,,,,,,2026-03-12,303161.0,,Leveraged,
ASTN,Defiance Daily Target 2X Short ASTS ETF,ETF,ETF,Trading--Inverse Equity,,Trading--Inverse Equity,,-2x,,,,,,,,2026-03-12,231743.0,,Inverse Leveraged,
DE,Deere & Company,Stock,Industrials,Farm & Heavy Construction Machinery,159113461760.0,,,1x,,,,,,,,2026-03-12,1597420.0,0.961,,
COF,Capital One Financial Corporation,Stock,Financial Services,Credit Services,110756691968.0,,,1x,,,,,,,,2026-03-12,5287581.0,1.139,,
EC,Ecopetrol S.A.,Stock,Energy,Oil & Gas Integrated,29509025792.0,,,1x,,,,,,,,2026-03-12,3105211.0,0.289,,
PATX,Tradr 2X Long PATH Daily ETF,ETF,ETF,Trading--Leveraged Equity,,Trading--Leveraged Equity,,2x,,,,,,,,2026-03-12,59587.0,,Leveraged,
GLXY,Galaxy Digital,Stock,Financial Services,Capital Markets,8136413184.0,,,1x,,,,,,,,2026-03-12,6602198.0,3.685,,
KVUE,Kenvue Inc.,Stock,Consumer Defensive,Household & Personal Products,33745025024.0,,,1x,,,,,,,,2026-03-12,44099218.0,0.473,,
ADBG,Leverage Shares 2X Long ADBE Daily ETF,ETF,ETF,Trading--Leveraged Equity,,Trading--Leveraged Equity,,2x,,,,,,,,2026-03-12,1202242.0,,Leveraged,
CVE,Cenovus Energy Inc.,Stock,Energy,Oil & Gas Integrated,44883185664.0,,,1x,,,,,,,,2026-03-12,14109796.0,0.681,,
PDI,PIMCO Dynamic Income Fund,Stock,Financial Services,Asset Management,7392149504.0,,,1x,,,,,,,,2026-03-12,3153379.0,,,
EEM,iShares MSCI Emerging Markets ETF,ETF,ETF,Diversified Emerging Mkts,43131330560.0,Diversified Emerging Mkts,,1x,,,,,,,,2026-03-12,41569252.0,,Standard,
AMZW,Roundhill AMZN WeeklyPay ETF,ETF,ETF,Trading--Miscellaneous,,Trading--Miscellaneous,,1x,,,,,,,,2026-03-12,39425.0,,Standard,
ETHV,VanEck Ethereum ETF,ETF,ETF,Digital Assets,,Digital Assets,,1x,,,,,,,,2026-03-12,272296.0,,Standard,
BITB,Bitwise Bitcoin ETF,ETF,ETF,Digital Assets,,Digital Assets,,1x,,,,,,,,2026-03-12,3775942.0,,Standard,
NNE,NANO Nuclear Energy Inc.,Stock,Industrials,Specialty Industrial Machinery,1266663168.0,,,1x,,,,,,,,2026-03-12,1886081.0,,,
RACE,Ferrari N.V.,Stock,Consumer Cyclical,Auto Manufacturers,59690876928.0,,,1x,,,,,,,,2026-03-12,723815.0,0.552,,
RH,RH,Stock,Consumer Cyclical,Specialty Retail,2541280256.0,,,1x,,,,,,,,2026-03-12,1056723.0,2.096,,
GM,General Motors Company,Stock,Consumer Cyclical,Auto Manufacturers,68929118208.0,,,1x,,,,,,,,2026-03-12,8620055.0,1.356,,
ESI,Element Solutions Inc,Stock,Basic Materials,Specialty Chemicals,7662976512.0,,,1x,,,,,,,,2026-03-12,2610313.0,1.25,,
VELO,"Velo3D, Inc.",Stock,Technology,Computer Hardware,366802688.0,,,1x,,,,,,,,2026-03-12,2045127.0,2.035,,
VZ,Verizon Communications Inc.,Stock,Communication Services,Telecom Services,214427074560.0,,,1x,,,,,,,,2026-03-12,31079288.0,0.281,,
FTAI,FTAI Aviation Ltd.,Stock,Industrials,Rental & Leasing Services,24802220032.0,,,1x,,,,,,,,2026-03-12,1697101.0,1.569,,
JBL,Jabil Inc.,Stock,Technology,Electronic Components,27011254272.0,,,1x,,,,,,,,2026-03-12,1211293.0,1.183,,
WDCX,Tradr 2X Long WDC Daily ETF,ETF,ETF,Trading--Leveraged Equity,,Trading--Leveraged Equity,,2x,,,,,,,,2026-03-12,613232.0,,Leveraged,
PDBC,Invesco Optimum Yield Diversified Commodity Strategy No K-1 ETF,ETF,ETF,Commodities Broad Basket,,Commodities Broad Basket,,1x,,,,,,,,2026-03-12,7378494.0,,Standard,
GD,General Dynamics Corporation,Stock,Industrials,Aerospace & Defense,96331759616.0,,,1x,,,,,,,,2026-03-12,1343877.0,0.372,,
IVW,iShares S&P 500 Growth ETF,ETF,ETF,Large Growth,15502415872.0,Large Growth,,1x,,,,,,,,2026-03-12,4346772.0,,Standard,
WGMI,CoinShares Bitcoin Mining ETF,ETF,ETF,Equity Digital Assets,,Equity Digital Assets,,1x,,,,,,,,2026-03-12,682638.0,,Standard,
SPYG,State Street SPDR Portfolio S&P 500 Growth ETF,ETF,ETF,Large Growth,14177247232.0,Large Growth,,1x,,,,,,,,2026-03-12,5509876.0,,Standard,
EQT,EQT Corporation,Stock,Energy,Oil & Gas E&P,40221974528.0,,,1x,,,,,,,,2026-03-12,9967062.0,0.722,,
RR,Richtech Robotics Inc.,Stock,Industrials,Specialty Industrial Machinery,522096608.0,,,1x,,,,,,,,2026-03-12,27572798.0,-3.158,,
OUST,"Ouster, Inc.",Stock,Technology,Electronic Components,1472125568.0,,,1x,,,,,,,,2026-03-12,1885164.0,3.053,,
VGLT,Vanguard Long-Term Treasury Index Fund ETF Shares,ETF,ETF,Long Government,,Long Government,,1x,,,,,,,,2026-03-12,2779706.0,,Standard,
DEO,Diageo plc,Stock,Consumer Defensive,Beverages - Wineries & Distilleries,42490171392.0,,,1x,,,,,,,,2026-03-12,1932559.0,0.168,,
PWR,"Quanta Services, Inc.",Stock,Industrials,Engineering & Construction,86076055552.0,,,1x,,,,,,,,2026-03-12,1062235.0,1.109,,
KBWD,Invesco KBW High Dividend Yield Financial ETF,ETF,ETF,Financial,,Financial,,1x,,,,,,,,2026-03-12,364600.0,,Standard,
ASHR,Xtrackers Harvest CSI 300 China A-Shares ETF,ETF,ETF,China Region,,China Region,,1x,,,,,,,,2026-03-12,7116655.0,,Standard,
APO,"Apollo Global Management, Inc.",Stock,Financial Services,Asset Management,59240833024.0,,,1x,,,,,,,,2026-03-12,4461218.0,1.638,,
RIG,Transocean Ltd.,Stock,Energy,Oil & Gas Drilling,6925779968.0,,,1x,,,,,,,,2026-03-12,44908244.0,1.42,,
TM,Toyota Motor Corporation,Stock,Consumer Cyclical,Auto Manufacturers,282915733504.0,,,1x,,,,,,,,2026-03-12,310562.0,0.195,,
USOY,Defiance Oil Enhanced Options Income ETF,ETF,ETF,Equity Hedged,,Equity Hedged,,1x,,,,,,,,2026-03-12,269688.0,,Standard,
KGC,Kinross Gold Corporation,Stock,Basic Materials,Gold,39390126080.0,,,1x,,,,,,,,2026-03-12,10982383.0,1.317,,
OIH,VanEck Oil Services ETF,ETF,ETF,Equity Energy,,Equity Energy,,1x,,,,,,,,2026-03-12,663577.0,,Standard,
DLXY,Delixy Holdings Limited,Stock,Energy,Oil & Gas Refining & Marketing,14121495.0,,,1x,,,,,,,,2026-03-12,1639750.0,,,
ILF,iShares Latin America 40 ETF,ETF,ETF,Latin America Stock,1619202432.0,Latin America Stock,,1x,,,,,,,,2026-03-12,4390608.0,,Standard,
EFA,iShares MSCI EAFE ETF,ETF,ETF,Foreign Large Blend,91719213056.0,Foreign Large Blend,,1x,,,,,,,,2026-03-12,23150376.0,,Standard,
IBKR,"Interactive Brokers Group, Inc.",Stock,Financial Services,Capital Markets,113305886720.0,,,1x,,,,,,,,2026-03-12,4701896.0,1.251,,
ABBV,AbbVie Inc.,Stock,Healthcare,Drug Manufacturers - General,400737796096.0,,,1x,,,,,,,,2026-03-12,6796237.0,0.334,,
MRNY,YieldMax MRNA Option Income Strategy ETF,ETF,ETF,Derivative Income,,Derivative Income,,1x,,,,,,,,2026-03-12,216437.0,,Standard,
MAIN,Main Street Capital Corporation,Stock,Financial Services,Asset Management,4942249984.0,,,1x,,,,,,,,2026-03-12,611825.0,0.793,,
NBIG,Leverage Shares 2X Long NBIS Daily ETF,ETF,ETF,Trading--Leveraged Equity,,Trading--Leveraged Equity,,2x,,,,,,,,2026-03-12,854525.0,,Leveraged,
ONON,On Holding AG,Stock,Consumer Cyclical,Footwear & Accessories,12793055232.0,,,1x,,,,,,,,2026-03-12,5148083.0,2.145,,
PM,Philip Morris International Inc.,Stock,Consumer Defensive,Tobacco,261475467264.0,,,1x,,,,,,,,2026-03-12,5617033.0,0.395,,
EXK,Endeavour Silver Corp.,Stock,Basic Materials,Silver,3223493632.0,,,1x,,,,,,,,2026-03-12,14337647.0,2.287,,
VDE,Vanguard Energy Index Fund ETF Shares,ETF,ETF,Equity Energy,6836214784.0,Equity Energy,,1x,,,,,,,,2026-03-12,960105.0,,Standard,
PSCE,Invesco S&P SmallCap Energy ETF,ETF,ETF,Equity Energy,,Equity Energy,,1x,,,,,,,,2026-03-12,36225.0,,Standard,
EDV,Vanguard Extended Duration Treasury Index Fund ETF Shares,ETF,ETF,Long Government,,Long Government,,1x,,,,,,,,2026-03-12,1111361.0,,Standard,
NRGU,Microsectors U.S. Big Oil 3x Leveraged ETNs,ETF,ETF,Trading--Leveraged Equity,,Trading--Leveraged Equity,,3x,,,,,,,,2026-03-12,116554.0,,Leveraged,
GRO,Brazil Potash Corp.,Stock,Basic Materials,Other Industrial Metals & Mining,209193648.0,,,1x,,,,,,,,2026-03-12,572089.0,,,
CDXS,"Codexis, Inc.",Stock,Healthcare,Biotechnology,153551456.0,,,1x,,,,,,,,2026-03-12,1367700.0,,,
BTCZ,T-Rex 2X Inverse Bitcoin Daily Target ETF,ETF,ETF,Trading--Miscellaneous,,Trading--Miscellaneous,,-2x,,,,,,,,2026-03-12,20100230.0,,Inverse Leveraged,
HII,"Huntington Ingalls Industries, Inc.",Stock,Industrials,Aerospace & Defense,16296310784.0,,,1x,,,,,,,,2026-03-12,571533.0,0.28,,
EDU,New Oriental Education & Technology Group Inc.,Stock,Consumer Defensive,Education & Training Services,8942438400.0,,,1x,,,,,,,,2026-03-12,913950.0,0.342,,
WMB,"The Williams Companies, Inc.",Stock,Energy,Oil & Gas Midstream,91702747136.0,,,1x,,,,,,,,2026-03-12,7351013.0,0.649,,
BITF,Bitfarms Ltd.,Stock,Financial Services,Capital Markets,1331967616.0,,,1x,,,,,,,,2026-03-12,37092971.0,4.094,,
TMDX,"TransMedics Group, Inc.",Stock,Healthcare,Medical Devices,4207367168.0,,,1x,,,,,,,,2026-03-12,785735.0,1.955,,
NDAQ,"Nasdaq, Inc.",Stock,Financial Services,Financial Data & Stock Exchanges,48063545344.0,,,1x,,,,,,,,2026-03-12,4618798.0,1.035,,
BLDR,"Builders FirstSource, Inc.",Stock,Industrials,Building Products & Equipment,9800162304.0,,,1x,,,,,,,,2026-03-12,2199106.0,1.564,,
NOG,"Northern Oil and Gas, Inc.",Stock,Energy,Oil & Gas E&P,2724099072.0,,,1x,,,,,,,,2026-03-12,2274369.0,1.011,,
ASNS,"Actelis Networks, Inc.",Stock,Technology,Communication Equipment,3552139.0,,,1x,,,,,,,,2026-03-12,29098135.0,2.247,,
CTRA,Coterra Energy Inc.,Stock,Energy,Oil & Gas E&P,24361263104.0,,,1x,,,,,,,,2026-03-12,10430176.0,0.353,,
NTLA,"Intellia Therapeutics, Inc.",Stock,Healthcare,Biotechnology,1503840000.0,,,1x,,,,,,,,2026-03-12,4838122.0,2.023,,
TTMI,"TTM Technologies, Inc.",Stock,Technology,Electronic Components,9554615296.0,,,1x,,,,,,,,2026-03-12,2560169.0,1.761,,
KMI,"Kinder Morgan, Inc.",Stock,Energy,Oil & Gas Midstream,75320819712.0,,,1x,,,,,,,,2026-03-12,13620072.0,0.648,,
XAR,State Street SPDR S&P Aerospace & Defense ETF,ETF,ETF,Industrials,,Industrials,,1x,,,,,,,,2026-03-12,312584.0,,Standard,
CNQ,Canadian Natural Resources Limited,Stock,Energy,Oil & Gas E&P,100940185600.0,,,1x,,,,,,,,2026-03-12,9491935.0,1.061,,
TSL,GraniteShares 1.25x Long Tsla Daily ETF,ETF,ETF,Trading--Leveraged Equity,,Trading--Leveraged Equity,,1x,,,,,,,,2026-03-12,857423.0,,Standard,
LWLG,"Lightwave Logic, Inc.",Stock,Basic Materials,Specialty Chemicals,1036920384.0,,,1x,,,,,,,,2026-03-12,2300852.0,3.107,,
MMM,3M Company,Stock,Industrials,Conglomerates,78841724928.0,,,1x,,,,,,,,2026-03-12,3830384.0,1.131,,
TECS,Direxion Daily Technology Bear 3X Shares,ETF,ETF,Trading--Inverse Equity,,Trading--Inverse Equity,,-3x,,,,,,,,2026-03-12,3566354.0,,Inverse Leveraged,
GSUN,Golden Sun Technology Group Limited,Stock,Consumer Defensive,Education & Training Services,4268287.0,,,1x,,,,,,,,2026-03-12,1544364.0,1.943,,
UFO,Procure Space ETF,ETF,ETF,Miscellaneous Sector,,Miscellaneous Sector,,1x,,,,,,,,2026-03-12,488877.0,,Standard,
BTU,Peabody Energy Corporation,Stock,Energy,Thermal Coal,4361008640.0,,,1x,,,,,,,,2026-03-12,2929674.0,0.634,,
TGT,Target Corporation,Stock,Consumer Defensive,Discount Stores,53317402624.0,,,1x,,,,,,,,2026-03-12,6758962.0,1.105,,
TRMD,TORM plc,Stock,Energy,Oil & Gas Midstream,2560171776.0,,,1x,,,,,,,,2026-03-12,678749.0,-0.068,,
AMUU,Direxion Daily AMD Bull 2X Shares,ETF,ETF,Trading--Leveraged Equity,,Trading--Leveraged Equity,,2x,,,,,,,,2026-03-12,179866.0,,Leveraged,
FETH,Fidelity Ethereum Fund,ETF,ETF,Digital Assets,,Digital Assets,,1x,,,,,,,,2026-03-12,5469559.0,,Standard,
ERO,Ero Copper Corp.,Stock,Basic Materials,Copper,2877779456.0,,,1x,,,,,,,,2026-03-12,1828133.0,1.507,,
SCNX,"Scienture Holdings, Inc.",Stock,Healthcare,Pharmaceutical Retailers,21383998.0,,,1x,,,,,,,,2026-03-12,3313320.0,,,
MINT,PIMCO Enhanced Short Maturity Active Exchange-Traded Fund,ETF,ETF,Ultrashort Bond,,Ultrashort Bond,,-1x,,,,,,,,2026-03-12,1365050.0,,Inverse,
FISV,"Fiserv, Inc.",Stock,Unknown,Unknown,30571501568.0,,,1x,,,,,,,,2026-03-12,9274533.0,,,
ELF,"e.l.f. Beauty, Inc.",Stock,Consumer Defensive,Household & Personal Products,4443535872.0,,,1x,,,,,,,,2026-03-12,2045576.0,1.679,,
AEM,Agnico Eagle Mines Limited,Stock,Basic Materials,Gold,110160273408.0,,,1x,,,,,,,,2026-03-12,2757894.0,0.607,,
BUG,Global X Cybersecurity ETF,ETF,ETF,Technology,,Technology,,1x,,,,,,,,2026-03-12,922771.0,,Standard,
KMB,Kimberly-Clark Corporation,Stock,Consumer Defensive,Household & Personal Products,33046853632.0,,,1x,,,,,,,,2026-03-12,5781333.0,0.234,,
EDC,Direxion Daily MSCI Emerging Markets Bull 3X Shares,ETF,ETF,Trading--Leveraged Equity,,Trading--Leveraged Equity,,3x,,,,,,,,2026-03-12,186164.0,,Leveraged,
SEDG,"SolarEdge Technologies, Inc.",Stock,Technology,Solar,2156887552.0,,,1x,,,,,,,,2026-03-12,3138915.0,1.641,,
NBIZ,Tradr 2X Short Nbis Daily ETF,ETF,ETF,Trading--Inverse Equity,,Trading--Inverse Equity,,-2x,,,,,,,,2026-03-12,207064.0,,Inverse Leveraged,
TMUS,"T-Mobile US, Inc.",Stock,Communication Services,Telecom Services,240372662272.0,,,1x,,,,,,,,2026-03-12,6140077.0,0.412,,
LABD,Direxion Daily S&P Biotech Bear 3X Shares,ETF,ETF,Trading--Inverse Equity,,Trading--Inverse Equity,,-3x,,,,,,,,2026-03-12,2821538.0,,Inverse Leveraged,
VWO,Vanguard Emerging Markets Stock Index Fund,ETF,ETF,Diversified Emerging Mkts,77287538688.0,Diversified Emerging Mkts,,1x,,,,,,,,2026-03-12,12955455.0,,Standard,
TLN,Talen Energy Corporation,Stock,Utilities,Utilities - Independent Power Producers,14338490368.0,,,1x,,,,,,,,2026-03-12,885838.0,1.615,,
NGD,New Gold Inc.,Stock,Basic Materials,Gold,8544676352.0,,,1x,,,,,,,,2026-03-12,18515191.0,1.829,,
PSKY,Paramount Skydance Corporation,Stock,Communication Services,Entertainment,11045147648.0,,,1x,,,,,,,,2026-03-12,10672294.0,1.259,,
OKLS,Defiance Daily Target 2X Short OKLO ETF,ETF,ETF,Trading--Inverse Debt,,Trading--Inverse Debt,,-2x,,,,,,,,2026-03-12,1560422.0,,Inverse Leveraged,
BTI,British American Tobacco p.l.c.,Stock,Consumer Defensive,Tobacco,128640720896.0,,,1x,,,,,,,,2026-03-12,4488049.0,0.065,,
AIQ,Global X Artificial Intelligence & Technology ETF,ETF,ETF,Technology,,Technology,,1x,,,,,,,,2026-03-12,1985650.0,,Standard,
RSST,Return Stacked U.S. Stocks & Managed Futures ETF,ETF,ETF,Multi-Asset Leveraged,,Multi-Asset Leveraged,,1x,,,,,,,,2026-03-12,82600.0,,Standard,
ZIM,ZIM Integrated Shipping Services Ltd.,Stock,Industrials,Marine Shipping,3312210176.0,,,1x,,,,,,,,2026-03-12,4222022.0,1.453,,
MPC,Marathon Petroleum Corporation,Stock,Energy,Oil & Gas Refining & Marketing,70658113536.0,,,1x,,,,,,,,2026-03-12,2474784.0,0.708,,
GLWG,Themes ETF Trust - Leverage Shares 2X Long GLW Daily ETF,Stock,,,,,,1x,,,,,,,,2026-03-12,467600.0,,,
ONDG,Leverage Shares 2X Long ONDS Daily ETF,ETF,ETF,Trading--Leveraged Equity,,Trading--Leveraged Equity,,2x,,,,,,,,2026-03-12,884527.0,,Leveraged,
BLSH,Bullish,Stock,Technology,Software - Infrastructure,5489409024.0,,,1x,,,,,,,,2026-03-12,2004577.0,,,
NCLH,Norwegian Cruise Line Holdings Ltd.,Stock,Consumer Cyclical,Travel Services,9140523008.0,,,1x,,,,,,,,2026-03-12,20958725.0,2.044,,
ESLT,Elbit Systems Ltd.,Stock,Industrials,Aerospace & Defense,40747958272.0,,,1x,,,,,,,,2026-03-12,156344.0,-0.179,,
LABX,Tradr 2X Long ALAB Daily ETF,ETF,ETF,Trading--Leveraged Equity,,Trading--Leveraged Equity,,2x,,,,,,,,2026-03-12,418063.0,,Leveraged,
VTV,Vanguard Value Index Fund ETF Shares,ETF,ETF,Large Value,84082311168.0,Large Value,,1x,,,,,,,,2026-03-12,4425842.0,,Standard,
USFR,WisdomTree Floating Rate Treasury Fund,ETF,ETF,Ultrashort Bond,,Ultrashort Bond,,1x,,,,,,,,2026-03-12,4358140.0,,Standard,
AEP,"American Electric Power Company, Inc.",Stock,Utilities,Utilities - Regulated Electric,72169857024.0,,,1x,,,,,,,,2026-03-12,3516900.0,0.573,,
PLTM,GraniteShares Platinum Trust,ETF,ETF,Commodities Focused,,Commodities Focused,,1x,,,,,,,,2026-03-12,1646415.0,,Standard,
FLKR,Franklin FTSE South Korea ETF,ETF,ETF,Miscellaneous Region,,Miscellaneous Region,,1x,,,,,,,,2026-03-12,366835.0,,Standard,
BKKT,"Bakkt, Inc.",Stock,Technology,Software - Infrastructure,297063552.0,,,1x,,,,,,,,2026-03-13,1454951.0,6.098,,
CIFU,T-REX 2X LONG CIFR DAILY TARGET ETF,ETF,ETF,Unknown,,Unknown,,2x,,,,,,,,2026-03-13,303930.0,,Leveraged,
VSAT,"Viasat, Inc.",Stock,Technology,Communication Equipment,6414638080.0,,,1x,,,,,,,,2026-03-13,1700491.0,1.488,,
SKYT,"SkyWater Technology, Inc.",Stock,Technology,Semiconductors,1353739136.0,,,1x,,,,,,,,2026-03-13,2174486.0,3.521,,
BEAT,"HeartBeam, Inc.",Stock,Healthcare,Health Information Services,55362016.0,,,1x,,,,,,,,2026-03-13,3730093.0,-0.802,,
TSYY,GraniteShares YieldBOOST TSLA ETF,ETF,ETF,Unknown,,Unknown,,1x,,,,,,,,2026-03-13,2022520.0,,Standard,
ARTY,iShares Future AI & Tech ETF,ETF,ETF,Technology,,Technology,,1x,,,,,,,,2026-03-13,515325.0,,Standard,
SSRM,SSR Mining Inc.,Stock,Basic Materials,Gold,5924928000.0,,,1x,,,,,,,,2026-03-13,3965208.0,0.864,,
YPF,YPF Sociedad Anónima,Stock,Energy,Oil & Gas Integrated,15742092288.0,,,1x,,,,,,,,2026-03-13,1515388.0,0.288,,
SMG,The Scotts Miracle-Gro Company,Stock,Basic Materials,Agricultural Inputs,3509664000.0,,,1x,,,,,,,,2026-03-13,871223.0,1.923,,
PARR,"Par Pacific Holdings, Inc.",Stock,Energy,Oil & Gas Refining & Marketing,2683112704.0,,,1x,,,,,,,,2026-03-13,1254885.0,1.245,,
CRE,Cre8 Enterprise Limited,Stock,Industrials,Specialty Business Services,7693323.0,,,1x,,,,,,,,2026-03-13,471634.0,,,
LINT,Direxion Daily INTC Bull 2X ETF,ETF,ETF,Unknown,,Unknown,,2x,,,,,,,,2026-03-13,88650.0,,Leveraged,
DAR,Darling Ingredients Inc.,Stock,Consumer Defensive,Packaged Foods,8954756096.0,,,1x,,,,,,,,2026-03-13,2461040.0,1.21,,
BMNZ,Defiance Daily Target 2X Short BMNR ETF,Stock,,,,,,1x,,,,,,,,2026-03-13,2684761.0,,,
GCT,GigaCloud Technology Inc.,Stock,Technology,Software - Infrastructure,1558791936.0,,,1x,,,,,,,,2026-03-13,592070.0,2.235,,
MOO,VanEck Agribusiness ETF,ETF,ETF,Natural Resources,942592064.0,Natural Resources,,1x,,,,,,,,2026-03-13,312483.0,,Standard,
DKS,"DICK'S Sporting Goods, Inc.",Stock,Consumer Cyclical,Specialty Retail,17349603328.0,,,1x,,,,,,,,2026-03-13,1241570.0,1.254,,
DOG,ProShares Short Dow30,ETF,ETF,Trading--Inverse Equity,,Trading--Inverse Equity,,-1x,,,,,,,,2026-03-13,5601846.0,,Inverse,
FTEC,Fidelity MSCI Information Technology Index ETF,ETF,ETF,Unknown,,Unknown,,1x,,,,,,,,2026-03-13,393631.0,,Standard,
MCK,McKesson Corporation,Stock,Healthcare,Medical Distribution,117550923776.0,,,1x,,,,,,,,2026-03-13,700836.0,0.354,,
ITRI,"Itron, Inc.",Stock,Technology,Scientific & Technical Instruments,3998399232.0,,,1x,,,,,,,,2026-03-13,900160.0,1.521,,
BBWI,"Bath & Body Works, Inc.",Stock,Consumer Cyclical,Specialty Retail,4035090944.0,,,1x,,,,,,,,2026-03-13,5452976.0,1.418,,
Q,"Qnity Electronics, Inc.",Stock,Technology,Semiconductor Equipment & Materials,22912616448.0,,,1x,,,,,,,,2026-03-13,2503813.0,,,
EJH,E-Home Household Service Holdings Limited,Stock,Consumer Cyclical,Personal Services,7928382.0,,,1x,,,,,,,,2026-03-13,1328348.0,0.952,,
KTUP,T-REX 2X Long KTOS Daily Target ETF,ETF,ETF,Unknown,,Unknown,,2x,,,,,,,,2026-03-13,79701.0,,Leveraged,
STLA,Stellantis N.V.,Stock,Consumer Cyclical,Auto Manufacturers,19572500480.0,,,1x,,,,,,,,2026-03-13,15750336.0,0.979,,
APD,"Air Products and Chemicals, Inc.",Stock,Basic Materials,Specialty Chemicals,65026682880.0,,,1x,,,,,,,,2026-03-13,1572550.0,0.864,,
SHW,The Sherwin-Williams Company,Stock,Basic Materials,Specialty Chemicals,79572869120.0,,,1x,,,,,,,,2026-03-13,1767478.0,1.244,,
FYLD,Cambria Foreign Shareholder Yield ETF,ETF,ETF,Unknown,,Unknown,,1x,,,,,,,,2026-03-13,65868.0,,Standard,
VIG,Vanguard Dividend Appreciation Index Fund ETF Shares,ETF,ETF,Large Blend,,Large Blend,,1x,,,,,,,,2026-03-13,1608813.0,,Standard,
ERY,Direxion Daily Energy Bear 2X Shares,ETF,ETF,Trading--Inverse Equity,,Trading--Inverse Equity,,-2x,,,,,,,,2026-03-13,685156.0,,Inverse Leveraged,
OSK,Oshkosh Corporation,Stock,Industrials,Farm & Heavy Construction Machinery,9352783872.0,,,1x,,,,,,,,2026-03-13,794323.0,1.354,,
ATI,ATI Inc.,Stock,Industrials,Metal Fabrication,19842070528.0,,,1x,,,,,,,,2026-03-13,1900025.0,0.952,,
SAFX,"XCF Global, Inc.",Stock,Utilities,Utilities - Renewable,100933784.0,,,1x,,,,,,,,2026-03-13,24556855.0,-0.115,,
MAGX,Roundhill Daily 2X Long Magnificent Seven ETF,ETF,ETF,Unknown,,Unknown,,2x,,,,,,,,2026-03-13,64235.0,,Leveraged,
UPXI,"Upexi, Inc.",Stock,Communication Services,Internet Content & Information,76972232.0,,,1x,,,,,,,,2026-03-13,4937136.0,-0.346,,
SMU,Tradr 2X Long SMR Daily ETF,ETF,ETF,Unknown,,Unknown,,2x,,,,,,,,2026-03-13,776106.0,,Leveraged,
CENX,Century Aluminum Company,Stock,Basic Materials,Aluminum,5678636032.0,,,1x,,,,,,,,2026-03-13,2300705.0,2.123,,
SKYQ,Sky Quarry Inc.,Stock,Energy,Oil & Gas Integrated,8636485.0,,,1x,,,,,,,,2026-03-13,6941621.0,,,
URAA,Direxion Daily Uranium Bull 2X ETF,ETF,ETF,Unknown,,Unknown,,2x,,,,,,,,2026-03-13,144076.0,,Leveraged,
FITB,Fifth Third Bancorp,Stock,Financial Services,Banks - Regional,39680036864.0,,,1x,,,,,,,,2026-03-13,11609956.0,0.967,,
GLNG,Golar LNG Limited,Stock,Energy,Oil & Gas Midstream,4557801984.0,,,1x,,,,,,,,2026-03-13,1403470.0,0.205,,
MKSI,MKS Inc.,Stock,Technology,Scientific & Technical Instruments,14829608960.0,,,1x,,,,,,,,2026-03-13,1443256.0,1.92,,
ASPI,ASP Isotopes Inc.,Stock,Basic Materials,Chemicals,710625472.0,,,1x,,,,,,,,2026-03-13,5385453.0,3.572,,
OLOX,Olenox Industries Inc.,Stock,Industrials,Metal Fabrication,7541131.0,,,1x,,,,,,,,2026-03-13,1639076.0,2.002,,
GNRC,Generac Holdings Inc.,Stock,Industrials,Specialty Industrial Machinery,12149949440.0,,,1x,,,,,,,,2026-03-13,1197733.0,1.769,,
YMAG,YieldMax Magnificent 7 Fund of Option Income ETFs,ETF,ETF,Unknown,,Unknown,,1x,,,,,,,,2026-03-13,1203660.0,,Standard,
INSW,"International Seaways, Inc.",Stock,Energy,Oil & Gas Midstream,3288661760.0,,,1x,,,,,,,,2026-03-13,592130.0,-0.261,,
PLYX,"Polaryx Therapeutics, Inc.",Stock,Healthcare,Biotechnology,,,,1x,,,,,,,,2026-03-13,3254210.0,,,
KMX,"CarMax, Inc.",Stock,Consumer Cyclical,Auto & Truck Dealerships,6085258240.0,,,1x,,,,,,,,2026-03-13,3767710.0,1.329,,
TPL,Texas Pacific Land Corporation,Stock,Energy,Oil & Gas E&P,37284970496.0,,,1x,,,,,,,,2026-03-13,518526.0,0.731,,
ROK,"Rockwell Automation, Inc.",Stock,Industrials,Specialty Industrial Machinery,40557744128.0,,,1x,,,,,,,,2026-03-13,965445.0,1.522,,
USAX,Tradr 2X Long USAR Daily ETF,ETF,ETF,Unknown,,Unknown,,2x,,,,,,,,2026-03-13,213463.0,,Leveraged,
BCS,Barclays PLC,Stock,Financial Services,Banks - Diversified,71608958976.0,,,1x,,,,,,,,2026-03-13,6844405.0,0.795,,
GBX,"The Greenbrier Companies, Inc.",Stock,Industrials,Railroads,1622237696.0,,,1x,,,,,,,,2026-03-13,404483.0,1.623,,
ARR,"ARMOUR Residential REIT, Inc.",Stock,Real Estate,REIT - Mortgage,2069537536.0,,,1x,,,,,,,,2026-03-13,3612175.0,1.424,,
ALLW,State Street Bridgewater All Weather ETF,ETF,ETF,Unknown,,Unknown,,1x,,,,,,,,2026-03-13,705415.0,,Standard,
IMPP,Imperial Petroleum Inc.,Stock,Energy,Oil & Gas Midstream,165909744.0,,,1x,,,,,,,,2026-03-13,759558.0,1.158,,
QXO,"QXO, Inc.",Stock,Industrials,Industrial Distribution,14004513792.0,,,1x,,,,,,,,2026-03-13,7785953.0,2.418,,
DBC,Invesco DB Commodity Index Tracking Fund,ETF,ETF,Unknown,3180470016.0,Unknown,,1x,,,,,,,,2026-03-13,952490.0,,Standard,
PTEN,"Patterson-UTI Energy, Inc.",Stock,Energy,Oil & Gas Drilling,3765385984.0,,,1x,,,,,,,,2026-03-13,10710966.0,0.732,,
BTDR,Bitdeer Technologies Group,Stock,Technology,Software - Application,1952446336.0,,,1x,,,,,,,,2026-03-13,7340618.0,2.403,,
KDP,Keurig Dr Pepper Inc.,Stock,Consumer Defensive,Beverages - Non-Alcoholic,36901371904.0,,,1x,,,,,,,,2026-03-13,11070466.0,0.303,,
ARCX,Tradr 2X Long ACHR Daily ETF,ETF,ETF,Unknown,,Unknown,,2x,,,,,,,,2026-03-13,42475.0,,Leveraged,
THD,iShares MSCI Thailand ETF,ETF,ETF,Miscellaneous Region,339558016.0,Miscellaneous Region,,1x,,,,,,,,2026-03-13,141671.0,,Standard,
ADP,"Automatic Data Processing, Inc.",Stock,Technology,Software - Application,83844243456.0,,,1x,,,,,,,,2026-03-13,3199021.0,0.854,,
SANM,Sanmina Corporation,Stock,Technology,Electronic Components,7175081984.0,,,1x,,,,,,,,2026-03-13,808170.0,0.982,,
BAR,GraniteShares Gold Trust,ETF,ETF,Unknown,,Unknown,,1x,,,,,,,,2026-03-13,1406220.0,,Standard,
JOYY,JOYY Inc.,Stock,Communication Services,Internet Content & Information,3295445504.0,,,1x,,,,,,,,2026-03-13,354998.0,0.457,,
IMSR,Terrestrial Energy Inc.,Stock,Utilities,Utilities - Regulated Electric,554001408.0,,,1x,,,,,,,,2026-03-13,2918133.0,,,
KEP,Korea Electric Power Corporation,Stock,Utilities,Utilities - Regulated Electric,21300369408.0,,,1x,,,,,,,,2026-03-13,671725.0,0.803,,
ASM,Avino Silver & Gold Mines Ltd.,Stock,Basic Materials,Other Precious Metals & Mining,1126444928.0,,,1x,,,,,,,,2026-03-13,6509061.0,2.722,,
ABSI,Absci Corporation,Stock,Healthcare,Biotechnology,355628672.0,,,1x,,,,,,,,2026-03-13,3246090.0,2.13,,
CAVA,"CAVA Group, Inc.",Stock,Consumer Cyclical,Restaurants,9555196928.0,,,1x,,,,,,,,2026-03-13,3732391.0,2.176,,
TAN,Invesco Solar ETF,ETF,ETF,Miscellaneous Sector,,Miscellaneous Sector,,1x,,,,,,,,2026-03-13,1332833.0,,Standard,
TDW,Tidewater Inc.,Stock,Energy,Oil & Gas Equipment & Services,3819639808.0,,,1x,,,,,,,,2026-03-13,792800.0,0.586,,
ARES,Ares Management Corporation,Stock,Financial Services,Asset Management,33240027136.0,,,1x,,,,,,,,2026-03-13,3407536.0,1.565,,
BILS,State Street SPDR Bloomberg 3-12 Month T-Bill ETF,ETF,ETF,Unknown,,Unknown,,1x,,,,,,,,2026-03-13,491990.0,,Standard,
TWLO,Twilio Inc.,Stock,Technology,Software - Infrastructure,19154761728.0,,,1x,,,,,,,,2026-03-13,2510148.0,1.352,,
BYND,"Beyond Meat, Inc.",Stock,Consumer Defensive,Packaged Foods,342400128.0,,,1x,,,,,,,,2026-03-13,44079575.0,2.659,,
CME,CME Group Inc.,Stock,Financial Services,Financial Data & Stock Exchanges,112721526784.0,,,1x,,,,,,,,2026-03-13,2191235.0,0.26,,
HOG,"Harley-Davidson, Inc.",Stock,Consumer Cyclical,Recreational Vehicles,2084861312.0,,,1x,,,,,,,,2026-03-13,3442590.0,1.404,,
IWN,iShares Russell 2000 Value ETF,ETF,ETF,Small Value,13800359936.0,Small Value,,1x,,,,,,,,2026-03-13,805858.0,,Standard,
XXRP,Teucrium 2x Long Daily XRP ETF,ETF,ETF,Unknown,,Unknown,,2x,,,,,,,,2026-03-13,2222888.0,,Leveraged,
CHPY,YieldMax Semiconductor Portfolio Option Income ETF,ETF,ETF,Unknown,,Unknown,,1x,,,,,,,,2026-03-13,288860.0,,Standard,
BULG,Leverage Shares 2X Long BULL Daily ETF,ETF,ETF,Unknown,,Unknown,,2x,,,,,,,,2026-03-13,364563.0,,Leveraged,
GXIG,Global X Investment Grade Corporate Bond ETF,ETF,ETF,Unknown,,Unknown,,1x,,,,,,,,2026-03-13,17393.0,,Standard,
LW,"Lamb Weston Holdings, Inc.",Stock,Consumer Defensive,Packaged Foods,5707877376.0,,,1x,,,,,,,,2026-03-13,3031910.0,0.428,,
ETSY,"Etsy, Inc.",Stock,Consumer Cyclical,Internet Retail,5332098560.0,,,1x,,,,,,,,2026-03-13,3719273.0,1.785,,
WYNN,"Wynn Resorts, Limited",Stock,Consumer Cyclical,Resorts & Casinos,10498198528.0,,,1x,,,,,,,,2026-03-13,1628281.0,1.034,,
BBEU,JPMorgan BetaBuilders Europe ETF,ETF,ETF,Europe Stock,,Europe Stock,,1x,,,,,,,,2026-03-13,453396.0,,Standard,
ICE,"Intercontinental Exchange, Inc.",Stock,Financial Services,Financial Data & Stock Exchanges,91151597568.0,,,1x,,,,,,,,2026-03-13,3805151.0,1.051,,
EZA,iShares MSCI South Africa ETF,ETF,ETF,Miscellaneous Region,537942592.0,Miscellaneous Region,,1x,,,,,,,,2026-03-13,384323.0,,Standard,
XTIA,"XTI Aerospace, Inc.",Stock,Industrials,Aerospace & Defense,99212792.0,,,1x,,,,,,,,2026-03-13,2424858.0,,,
OVV,Ovintiv Inc.,Stock,Energy,Oil & Gas E&P,15555117056.0,,,1x,,,,,,,,2026-03-13,4706075.0,0.704,,
AAUC,Allied Gold Corporation,Stock,Basic Materials,Gold,3919842048.0,,,1x,,,,,,,,2026-03-13,895328.0,0.584,,
PAYX,"Paychex, Inc.",Stock,Technology,Software - Application,33035773952.0,,,1x,,,,,,,,2026-03-13,3861970.0,0.889,,
RTXG,Leverage Shares 2X Long RTX Daily ETF,ETF,ETF,Unknown,,Unknown,,2x,,,,,,,,2026-03-13,18385.0,,Leveraged,
TSMZ,Direxion Daily TSM Bear 1X Shares,ETF,ETF,Unknown,,Unknown,,-1x,,,,,,,,2026-03-13,84503.0,,Inverse,
NFE,New Fortress Energy Inc.,Stock,Energy,Oil & Gas Midstream,307317024.0,,,1x,,,,,,,,2026-03-13,9930680.0,1.021,,
KBE,State Street SPDR S&P Bank ETF,ETF,ETF,Financial,,Financial,,1x,,,,,,,,2026-03-13,2093181.0,,Standard,
UXRP,ProShares Ultra XRP ETF,Stock,,,,,,1x,,,,,,,,2026-03-13,527166.0,,,
PLU,Defiance Daily Target 2X Long PL ETF,ETF,ETF,Unknown,,Unknown,,2x,,,,,,,,2026-03-13,87444.0,,Leveraged,
SIRI,Sirius XM Holdings Inc.,Stock,Communication Services,Entertainment,7466619392.0,,,1x,,,,,,,,2026-03-13,4906341.0,0.923,,
SHNY,MicroSectors Gold 3X Leveraged ETN,ETF,ETF,Trading--Leveraged Commodities,,Trading--Leveraged Commodities,,3x,,,,,,,,2026-03-13,1366400.0,,Leveraged,
LOW,"Lowe's Companies, Inc.",Stock,Consumer Cyclical,Home Improvement Retail,133946236928.0,,,1x,,,,,,,,2026-03-13,2744363.0,0.935,,
PGR,The Progressive Corporation,Stock,Financial Services,Insurance - Property & Casualty,120975024128.0,,,1x,,,,,,,,2026-03-13,3463968.0,0.29,,
BG,Bunge Global SA,Stock,Consumer Defensive,Farm Products,24395689984.0,,,1x,,,,,,,,2026-03-13,1705055.0,0.743,,
PPA,Invesco Aerospace & Defense ETF,ETF,ETF,Industrials,2658976512.0,Industrials,,1x,,,,,,,,2026-03-13,299248.0,,Standard,
CRMX,Tradr 2X Long CRML Daily ETF,ETF,ETF,Unknown,,Unknown,,2x,,,,,,,,2026-03-13,192499.0,,Leveraged,
SEZL,Sezzle Inc.,Stock,Financial Services,Credit Services,2315238912.0,,,1x,,,,,,,,2026-03-13,822646.0,8.617,,
EFX,Equifax Inc.,Stock,Industrials,Consulting Services,22713886720.0,,,1x,,,,,,,,2026-03-13,1735068.0,1.532,,
PR,Permian Resources Corporation,Stock,Energy,Oil & Gas E&P,16068121600.0,,,1x,,,,,,,,2026-03-13,11750170.0,0.642,,
RONB,Baron First Principles ETF,ETF,ETF,Unknown,,Unknown,,1x,,,,,,,,2026-03-13,326105.0,,Standard,
MNSO,MINISO Group Holding Limited,Stock,Consumer Cyclical,Specialty Retail,5271184896.0,,,1x,,,,,,,,2026-03-13,584430.0,0.196,,
MDT,Medtronic plc,Stock,Healthcare,Medical Devices,113135943680.0,,,1x,,,,,,,,2026-03-13,8050280.0,0.729,,
OII,"Oceaneering International, Inc.",Stock,Energy,Oil & Gas Equipment & Services,3339476480.0,,,1x,,,,,,,,2026-03-13,1217060.0,1.213,,
SPHD,Invesco S&P 500 High Dividend Low Volatility ETF,ETF,ETF,Large Value,,Large Value,,1x,,,,,,,,2026-03-13,963723.0,,Standard,
LYV,"Live Nation Entertainment, Inc.",Stock,Communication Services,Entertainment,37730320384.0,,,1x,,,,,,,,2026-03-13,2903918.0,1.145,,
SOUX,Defiance Daily Target 2X Long SOUN ETF,ETF,ETF,Unknown,,Unknown,,2x,,,,,,,,2026-03-13,373023.0,,Leveraged,
XYL,Xylem Inc.,Stock,Industrials,Specialty Industrial Machinery,29162723328.0,,,1x,,,,,,,,2026-03-13,1654625.0,1.169,,
JKS,"JinkoSolar Holding Co., Ltd.",Stock,Technology,Solar,1347095680.0,,,1x,,,,,,,,2026-03-13,653730.0,0.564,,
ZION,"Zions Bancorporation, National Association",Stock,Financial Services,Banks - Regional,7956419072.0,,,1x,,,,,,,,2026-03-13,1817631.0,0.822,,
PURR,Hyperliquid Strategies Inc.,Stock,Financial Services,Capital Markets,703515584.0,,,1x,,,,,,,,2026-03-13,3082961.0,,,
GEMI,"Gemini Space Station, Inc.",Stock,Financial Services,Capital Markets,930052672.0,,,1x,,,,,,,,2026-03-13,1634631.0,,,
MREO,Mereo BioPharma Group plc,Stock,Healthcare,Biotechnology,65419040.0,,,1x,,,,,,,,2026-03-13,15188948.0,0.327,,
GRRR,Gorilla Technology Group Inc.,Stock,Technology,Software - Infrastructure,260920384.0,,,1x,,,,,,,,2026-03-13,848710.0,-0.575,,
CINF,Cincinnati Financial Corporation,Stock,Financial Services,Insurance - Property & Casualty,25811703808.0,,,1x,,,,,,,,2026-03-13,710445.0,0.636,,
SCHX,Schwab U.S. Large-Cap ETF,ETF,ETF,Unknown,,Unknown,,1x,,,,,,,,2026-03-13,21446390.0,,Standard,
LLYX,Defiance Daily Target 2X Long LLY ETF,ETF,ETF,Unknown,,Unknown,,2x,,,,,,,,2026-03-13,404031.0,,Leveraged,
ZM,"Zoom Communications, Inc.",Stock,Technology,Software - Application,22207571968.0,,,1x,,,,,,,,2026-03-13,3885203.0,0.971,,
ECO,Okeanis Eco Tankers Corp.,Stock,Industrials,Marine Shipping,1745048704.0,,,1x,,,,,,,,2026-03-13,460426.0,-0.061,,
DIG,ProShares Ultra Energy,ETF,ETF,Trading--Leveraged Equity,,Trading--Leveraged Equity,,2x,,,,,,,,2026-03-13,63626.0,,Leveraged,
STUB,"StubHub Holdings, Inc.",Stock,Communication Services,Internet Content & Information,2705752576.0,,,1x,,,,,,,,2026-03-13,3953953.0,,,
SOLZ,Solana ETF,ETF,ETF,Unknown,,Unknown,,1x,,,,,,,,2026-03-13,2435998.0,,Standard,
CHWY,"Chewy, Inc.",Stock,Consumer Cyclical,Internet Retail,10630188032.0,,,1x,,,,,,,,2026-03-13,7983435.0,1.661,,
WB,Weibo Corporation,Stock,Communication Services,Internet Content & Information,2423757824.0,,,1x,,,,,,,,2026-03-13,952185.0,0.177,,
TAK,Takeda Pharmaceutical Company Limited,Stock,Healthcare,Drug Manufacturers - Specialty & Generic,56565350400.0,,,1x,,,,,,,,2026-03-13,2937361.0,0.105,,
VZLA,Vizsla Silver Corp.,Stock,Basic Materials,Other Industrial Metals & Mining,1307315840.0,,,1x,,,,,,,,2026-03-13,10776230.0,,,
AGX,"Argan, Inc.",Stock,Industrials,Engineering & Construction,6467472896.0,,,1x,,,,,,,,2026-03-13,369976.0,0.564,,
INDL,Direxion Daily MSCI India Bull 2x Shares,ETF,ETF,Unknown,,Unknown,,2x,,,,,,,,2026-03-13,29560.0,,Leveraged,
GOF,Guggenheim Strategic Opportunities Fund,Stock,Financial Services,Asset Management,2361333248.0,,,1x,,,,,,,,2026-03-13,1663590.0,,,
IVLU,iShares Edge MSCI Intl Value Factor ETF,ETF,ETF,Unknown,,Unknown,,1x,,,,,,,,2026-03-13,1595291.0,,Standard,
EA,Electronic Arts Inc.,Stock,Communication Services,Electronic Gaming & Multimedia,49911853056.0,,,1x,,,,,,,,2026-03-13,2488900.0,0.754,,
OMF,"OneMain Holdings, Inc.",Stock,Financial Services,Credit Services,6187400704.0,,,1x,,,,,,,,2026-03-13,1408268.0,1.289,,
TRIN,Trinity Capital Inc.,Stock,Financial Services,Asset Management,1214769536.0,,,1x,,,,,,,,2026-03-13,1374333.0,0.639,,
IPAY,Amplify Digital Payments ETF,ETF,ETF,Unknown,,Unknown,,1x,,,,,,,,2026-03-13,40956.0,,Standard,
JIRE,JPMorgan International Research Enhanced Equity ETF,ETF,ETF,Unknown,,Unknown,,1x,,,,,,,,2026-03-13,696813.0,,Standard,
ZROZ,PIMCO 25+ Year Zero Coupon U.S. Treasury Index Exchange-Traded Fund,ETF,ETF,Long Government,,Long Government,,1x,,,,,,,,2026-03-13,563328.0,,Standard,
PROP,"Prairie Operating Co., LLC",Stock,Energy,Oil & Gas E&P,116609120.0,,,1x,,,,,,,,2026-03-13,1891586.0,,,
MTUM,iShares MSCI USA Momentum Factor ETF,ETF,ETF,Large Blend,,Large Blend,,1x,,,,,,,,2026-03-13,787533.0,,Standard,
XLP,State Street Consumer Staples Select Sector SPDR ETF,ETF,ETF,Consumer Defensive,17852010496.0,Consumer Defensive,,1x,,,,,,,,2026-03-13,20457471.0,,Standard,
DOCU,"DocuSign, Inc.",Stock,Technology,Software - Application,9309678592.0,,,1x,,,,,,,,2026-03-13,4357183.0,1.064,,
LPG,Dorian LPG Ltd.,Stock,Energy,Oil & Gas Midstream,1265866624.0,,,1x,,,,,,,,2026-03-13,568826.0,0.682,,
CISS,C3is Inc.,Stock,Industrials,Marine Shipping,2974360.0,,,1x,,,,,,,,2026-03-13,3693785.0,1.904,,
CPXR,USCF Daily Target 2X Copper Index ETF,ETF,ETF,Unknown,,Unknown,,2x,,,,,,,,2026-03-13,143038.0,,Leveraged,
EWA,iShares MSCI Australia ETF,ETF,ETF,Miscellaneous Region,1806882432.0,Miscellaneous Region,,1x,,,,,,,,2026-03-13,5888555.0,,Standard,
ROST,"Ross Stores, Inc.",Stock,Consumer Cyclical,Apparel Retail,67710484480.0,,,1x,,,,,,,,2026-03-13,2546568.0,0.98,,
EMPD,Empery Digital Inc.,Stock,Consumer Cyclical,Auto Manufacturers,167476704.0,,,1x,,,,,,,,2026-03-13,957408.0,-0.584,,
HDB,HDFC Bank Limited,Stock,Financial Services,Banks - Regional,145309925376.0,,,1x,,,,,,,,2026-03-13,6287870.0,0.364,,
OBAI,"Our Bond, Inc.",Stock,Technology,Software - Infrastructure,25504986.0,,,1x,,,,,,,,2026-03-13,2448884.0,,,
USAS,Americas Gold and Silver Corporation,Stock,Basic Materials,Other Industrial Metals & Mining,2537438208.0,,,1x,,,,,,,,2026-03-13,6950715.0,1.761,,
WTIU,MicroSectors Energy 3X Leveraged ETN,ETF,ETF,Trading--Leveraged Equity,,Trading--Leveraged Equity,,3x,,,,,,,,2026-03-13,74713.0,,Leveraged,
CEGX,Tradr 2X Long CEG Daily ETF,ETF,ETF,Unknown,,Unknown,,2x,,,,,,,,2026-03-13,68895.0,,Leveraged,
CAMT,Camtek Ltd.,Stock,Technology,Semiconductor Equipment & Materials,7130857472.0,,,1x,,,,,,,,2026-03-13,516145.0,1.555,,
CAKE,The Cheesecake Factory Incorporated,Stock,Consumer Cyclical,Restaurants,2856427520.0,,,1x,,,,,,,,2026-03-13,1356410.0,0.953,,
EMXC,iShares MSCI Emerging Markets ex China ETF,ETF,ETF,Diversified Emerging Mkts,,Diversified Emerging Mkts,,1x,,,,,,,,2026-03-13,3163870.0,,Standard,
RING,iShares MSCI Global Gold Miners ETF,ETF,ETF,Equity Precious Metals,967955008.0,Equity Precious Metals,,1x,,,,,,,,2026-03-13,549306.0,,Standard,
S,"SentinelOne, Inc.",Stock,Technology,Software - Infrastructure,4754767360.0,,,1x,,,,,,,,2026-03-13,8177080.0,,,
SSK,REX-Osprey SOL + Staking ETF,ETF,ETF,Unknown,,Unknown,,1x,,,,,,,,2026-03-13,206553.0,,Standard,
SMMT,Summit Therapeutics Inc.,Stock,Healthcare,Biotechnology,12561038336.0,,,1x,,,,,,,,2026-03-13,2556088.0,-1.387,,
JHMD,John Hancock Multifactor Developed International ETF,ETF,ETF,Unknown,,Unknown,,1x,,,,,,,,2026-03-13,156133.0,,Standard,
TBT,ProShares UltraShort 20+ Year Treasury,ETF,ETF,Trading--Inverse Debt,,Trading--Inverse Debt,,-2x,,,,,,,,2026-03-13,382416.0,,Inverse Leveraged,
NTRA,"Natera, Inc.",Stock,Healthcare,Diagnostics & Research,27028148224.0,,,1x,,,,,,,,2026-03-13,1168155.0,1.702,,
EXPE,"Expedia Group, Inc.",Stock,Consumer Cyclical,Travel Services,28497321984.0,,,1x,,,,,,,,2026-03-13,2635280.0,1.41,,
NAMM,Namib Minerals,Stock,Basic Materials,Gold,145465840.0,,,1x,,,,,,,,2026-03-13,9865846.0,-0.017,,
KYIV,Kyivstar Group Ltd.,Stock,Communication Services,Telecom Services,2629144064.0,,,1x,,,,,,,,2026-03-13,758726.0,,,
SBLK,Star Bulk Carriers Corp.,Stock,Industrials,Marine Shipping,2535450880.0,,,1x,,,,,,,,2026-03-13,1594116.0,0.743,,
LAR,Lithium Argentina AG,Stock,Basic Materials,Other Industrial Metals & Mining,1137345792.0,,,1x,,,,,,,,2026-03-13,3258165.0,2.241,,
CM,Canadian Imperial Bank of Commerce,Stock,Financial Services,Banks - Diversified,89412001792.0,,,1x,,,,,,,,2026-03-13,1191043.0,1.279,,
CLOU,Global X Cloud Computing ETF,ETF,ETF,Technology,,Technology,,1x,,,,,,,,2026-03-13,180753.0,,Standard,
FLEX,Flex Ltd.,Stock,Technology,Electronic Components,23723898880.0,,,1x,,,,,,,,2026-03-13,4304386.0,1.248,,
ATOM,Atomera Incorporated,Stock,Technology,Semiconductor Equipment & Materials,184967600.0,,,1x,,,,,,,,2026-03-13,2264231.0,0.975,,
ASAN,"Asana, Inc.",Stock,Technology,Software - Application,1644288512.0,,,1x,,,,,,,,2026-03-13,5023300.0,1.067,,
OUNZ,VanEck Merk Gold Trust,ETF,ETF,Unknown,,Unknown,,1x,,,,,,,,2026-03-13,2076725.0,,Standard,
PINS,"Pinterest, Inc.",Stock,Communication Services,Internet Content & Information,12305064960.0,,,1x,,,,,,,,2026-03-13,19483093.0,0.953,,
XLI,State Street Industrial Select Sector SPDR ETF,ETF,ETF,Industrials,22675816448.0,Industrials,,1x,,,,,,,,2026-03-13,12046083.0,,Standard,
IREG,Leverage Shares 2X Long IREN Daily ETF,ETF,ETF,Unknown,,Unknown,,2x,,,,,,,,2026-03-13,69993.0,,Leveraged,
RVNL,GraniteShares 2x Long RIVN Daily ETF,ETF,ETF,Unknown,,Unknown,,2x,,,,,,,,2026-03-13,52858.0,,Leveraged,
IBB,iShares Biotechnology ETF,ETF,ETF,Health,11686947840.0,Health,,1x,,,,,,,,2026-03-13,1816528.0,,Standard,
BTG,B2Gold Corp.,Stock,Basic Materials,Gold,6732015616.0,,,1x,,,,,,,,2026-03-13,39332310.0,1.189,,
SLVR,Sprott Silver Miners & Physical Silver ETF,ETF,ETF,Unknown,,Unknown,,1x,,,,,,,,2026-03-13,653601.0,,Standard,
EQX,Equinox Gold Corp.,Stock,Basic Materials,Gold,12305319936.0,,,1x,,,,,,,,2026-03-13,10187481.0,2.321,,
GEHC,GE HealthCare Technologies Inc.,Stock,Healthcare,Medical Devices,32264804352.0,,,1x,,,,,,,,2026-03-13,3321468.0,1.181,,
HLT,Hilton Worldwide Holdings Inc.,Stock,Consumer Cyclical,Lodging,68898439168.0,,,1x,,,,,,,,2026-03-13,1981693.0,1.123,,
HUBS,"HubSpot, Inc.",Stock,Technology,Software - Application,14047441920.0,,,1x,,,,,,,,2026-03-13,1635211.0,1.446,,
FLUT,Flutter Entertainment plc,Stock,Consumer Cyclical,Gambling,19047049216.0,,,1x,,,,,,,,2026-03-13,3854045.0,1.177,,
ORLY,"O'Reilly Automotive, Inc.",Stock,Consumer Cyclical,Auto Parts,77986775040.0,,,1x,,,,,,,,2026-03-13,6142580.0,0.599,,
FIVN,"Five9, Inc.",Stock,Technology,Software - Infrastructure,1277268096.0,,,1x,,,,,,,,2026-03-13,2424990.0,1.348,,
TSN,"Tyson Foods, Inc.",Stock,Consumer Defensive,Farm Products,21409923072.0,,,1x,,,,,,,,2026-03-13,2935023.0,0.441,,
FNGG,Direxion Daily NYSE FANG+ Bull 2X Shares,ETF,ETF,Unknown,,Unknown,,2x,,,,,,,,2026-03-13,12405.0,,Leveraged,
TUR,iShares MSCI Turkey ETF,ETF,ETF,Miscellaneous Region,610584768.0,Miscellaneous Region,,1x,,,,,,,,2026-03-13,421703.0,,Standard,
CUE,"Cue Biopharma, Inc.",Stock,Healthcare,Biotechnology,26468068.0,,,1x,,,,,,,,2026-03-13,1325491.0,1.554,,
MGY,Magnolia Oil & Gas Corporation,Stock,Energy,Oil & Gas E&P,5507452928.0,,,1x,,,,,,,,2026-03-13,3009556.0,0.922,,
CE,Celanese Corporation,Stock,Basic Materials,Chemicals,6626387456.0,,,1x,,,,,,,,2026-03-13,2398143.0,1.055,,
NVDD,Direxion Daily NVDA Bear 1X Shares,ETF,ETF,Unknown,,Unknown,,-1x,,,,,,,,2026-03-13,266521.0,,Inverse,
LUMN,"Lumen Technologies, Inc.",Stock,Communication Services,Telecom Services,6948736000.0,,,1x,,,,,,,,2026-03-13,13098615.0,1.566,,
ETHU,2x Ether ETF,ETF,ETF,Unknown,,Unknown,,2x,,,,,,,,2026-03-13,7105650.0,,Leveraged,
VUG,Vanguard Growth Index Fund ETF Shares,ETF,ETF,Large Growth,110651244544.0,Large Growth,,1x,,,,,,,,2026-03-13,1718501.0,,Standard,
DAMD,Defiance Daily Target 2X Short AMD ETF,Stock,,,,,,1x,,,,,,,,2026-03-13,214063.0,,,
ACWX,iShares MSCI ACWI ex U.S. ETF,ETF,ETF,Foreign Large Blend,,Foreign Large Blend,,1x,,,,,,,,2026-03-13,2920278.0,,Standard,
ARKQ,ARK Autonomous Technology & Robotics ETF,ETF,ETF,Unknown,,Unknown,,1x,,,,,,,,2026-03-13,291580.0,,Standard,
BABX,GraniteShares 2x Long BABA Daily ETF,ETF,ETF,Unknown,,Unknown,,2x,,,,,,,,2026-03-13,832028.0,,Leveraged,
BAI,iShares A.I. Innovation and Tech Active ETF,ETF,ETF,Unknown,,Unknown,,1x,,,,,,,,2026-03-13,1628635.0,,Standard,
DLLL,GraniteShares 2x Long DELL Daily ETF,ETF,ETF,Unknown,,Unknown,,2x,,,,,,,,2026-03-13,85036.0,,Leveraged,
UAE,iShares MSCI UAE ETF,ETF,ETF,Miscellaneous Region,,Miscellaneous Region,,1x,,,,,,,,2026-03-13,600358.0,,Standard,
SETM,Sprott Critical Materials ETF,ETF,ETF,Unknown,,Unknown,,1x,,,,,,,,2026-03-13,463260.0,,Standard,
HRL,Hormel Foods Corporation,Stock,Consumer Defensive,Packaged Foods,12521716736.0,,,1x,,,,,,,,2026-03-13,4725718.0,0.312,,
SYK,Stryker Corporation,Stock,Healthcare,Medical Devices,131375112192.0,,,1x,,,,,,,,2026-03-13,1963341.0,0.869,,
VCIT,Vanguard Intermediate-Term Corporate Bond Index Fund ETF Shares,ETF,ETF,Corporate Bond,,Corporate Bond,,1x,,,,,,,,2026-03-13,11728038.0,,Standard,
GMEU,T-Rex 2X Long GME Daily Target ETF,ETF,ETF,Unknown,,Unknown,,2x,,,,,,,,2026-03-13,603020.0,,Leveraged,
MRVU,Direxion Daily MRVL Bull 2X ETF,ETF,ETF,Unknown,,Unknown,,2x,,,,,,,,2026-03-13,25760.0,,Leveraged,
EWJV,iShares MSCI Japan Value ETF,ETF,ETF,Japan Stock,,Japan Stock,,1x,,,,,,,,2026-03-13,253170.0,,Standard,
CC,The Chemours Company,Stock,Basic Materials,Specialty Chemicals,2674520320.0,,,1x,,,,,,,,2026-03-13,3239393.0,1.561,,
KORU,Direxion Daily South Korea Bull 3X Shares,ETF,ETF,Unknown,,Unknown,,3x,,,,,,,,2026-03-13,489295.0,,Leveraged,
SO,The Southern Company,Stock,Utilities,Utilities - Regulated Electric,110696595456.0,,,1x,,,,,,,,2026-03-13,6117525.0,0.41,,
HOOY,YieldMax HOOD Option Income Strategy ETF,ETF,ETF,Unknown,,Unknown,,1x,,,,,,,,2026-03-13,143588.0,,Standard,
BEG,Leverage Shares 2X Long BE Daily ETF,ETF,ETF,Unknown,,Unknown,,2x,,,,,,,,2026-03-13,36935.0,,Leveraged,
KRE,State Street SPDR S&P Regional Banking ETF,ETF,ETF,Financial,,Financial,,1x,,,,,,,,2026-03-13,18720841.0,,Standard,
REGN,"Regeneron Pharmaceuticals, Inc.",Stock,Healthcare,Biotechnology,79336898560.0,,,1x,,,,,,,,2026-03-13,792835.0,0.397,,
AGIG,Abundia Global Impact Group Inc,Stock,Utilities,Utilities - Renewable,76476536.0,,,1x,,,,,,,,2026-03-13,1210113.0,,,
IRDM,Iridium Communications Inc.,Stock,Communication Services,Telecom Services,2631255552.0,,,1x,,,,,,,,2026-03-13,2408631.0,0.586,,
SARK,Tradr 1X Short Innovation Daily ETF,ETF,ETF,Unknown,,Unknown,,-1x,,,,,,,,2026-03-13,610771.0,,Inverse,
BROS,Dutch Bros Inc.,Stock,Consumer Cyclical,Restaurants,7986190336.0,,,1x,,,,,,,,2026-03-13,4855471.0,2.549,,
IAG,IAMGOLD Corporation,Stock,Basic Materials,Gold,12465490944.0,,,1x,,,,,,,,2026-03-13,8472856.0,2.176,,
SPPP,Sprott Physical Platinum & Palladium Tr,Stock,Unknown,Unknown,665489472.0,,,1x,,,,,,,,2026-03-13,1440101.0,,,
MSTW,Roundhill MSTR WeeklyPay ETF,ETF,ETF,Unknown,,Unknown,,1x,,,,,,,,2026-03-13,394001.0,,Standard,
VPL,Vanguard FTSE Pacific Index Fund ETF Shares,ETF,ETF,Diversified Pacific/Asia,1811782656.0,Diversified Pacific/Asia,,1x,,,,,,,,2026-03-13,1822530.0,,Standard,
NVAX,"Novavax, Inc.",Stock,Healthcare,Biotechnology,1717344896.0,,,1x,,,,,,,,2026-03-13,5036918.0,2.632,,
AEIS,"Advanced Energy Industries, Inc.",Stock,Industrials,Electrical Equipment & Parts,11689218048.0,,,1x,,,,,,,,2026-03-13,688248.0,1.36,,
SMTC,Semtech Corporation,Stock,Technology,Semiconductors,7858733056.0,,,1x,,,,,,,,2026-03-13,1400061.0,2.035,,
SEV,Aptera Motors Corp.,Stock,Unknown,Unknown,88030472.0,,,1x,,,,,,,,2026-03-13,601498.0,,,
GAP,"The Gap, Inc.",Stock,Consumer Cyclical,Apparel Retail,8544901632.0,,,1x,,,,,,,,2026-03-13,7965893.0,2.239,,
VTWO,Vanguard Russell 2000 Index Fund ETF Shares,ETF,ETF,Small Blend,,Small Blend,,1x,,,,,,,,2026-03-13,4281265.0,,Standard,
GRMN,Garmin Ltd.,Stock,Technology,Scientific & Technical Instruments,45517864960.0,,,1x,,,,,,,,2026-03-13,1048393.0,0.949,,
DY,"Dycom Industries, Inc.",Stock,Industrials,Engineering & Construction,10651212800.0,,,1x,,,,,,,,2026-03-13,467391.0,1.306,,
YUMC,"Yum China Holdings, Inc.",Stock,Consumer Cyclical,Restaurants,18580635648.0,,,1x,,,,,,,,2026-03-13,1545210.0,0.104,,
BLBD,Blue Bird Corporation,Stock,Industrials,Farm & Heavy Construction Machinery,1666532224.0,,,1x,,,,,,,,2026-03-13,454363.0,1.412,,
EIDO,iShares MSCI Indonesia ETF,ETF,ETF,Miscellaneous Region,,Miscellaneous Region,,1x,,,,,,,,2026-03-13,749605.0,,Standard,
SPUS,SP Funds S&P 500 Sharia Industry Exclusions ETF,ETF,ETF,Unknown,,Unknown,,1x,,,,,,,,2026-03-13,579483.0,,Standard,
TPR,"Tapestry, Inc.",Stock,Consumer Cyclical,Luxury Goods,29457287168.0,,,1x,,,,,,,,2026-03-13,2441110.0,1.597,,
STAK,STAK Inc.,Stock,Energy,Oil & Gas Equipment & Services,14313631.0,,,1x,,,,,,,,2026-03-13,4678210.0,,,
HTCR,"HeartCore Enterprises, Inc.",Stock,Technology,Software - Application,6265982.0,,,1x,,,,,,,,2026-03-13,592340.0,1.991,,
PULS,PGIM Ultra Short Bond ETF,ETF,ETF,Unknown,,Unknown,,-2x,,,,,,,,2026-03-13,2659666.0,,Inverse Leveraged,
DNN,Denison Mines Corp.,Stock,Energy,Uranium,3571216384.0,,,1x,,,,,,,,2026-03-13,46278136.0,1.59,,
PBF,PBF Energy Inc.,Stock,Energy,Oil & Gas Refining & Marketing,5093332480.0,,,1x,,,,,,,,2026-03-13,3521833.0,0.411,,
WEN,The Wendy's Company,Stock,Consumer Cyclical,Restaurants,1349656448.0,,,1x,,,,,,,,2026-03-13,8000211.0,0.379,,
XRP,Bitwise XRP ETF,Stock,,,,,,1x,,,,,,,,2026-03-13,604118.0,,,
XSD,State Street SPDR S&P Semiconductor ETF,ETF,ETF,Technology,1145210240.0,Technology,,1x,,,,,,,,2026-03-13,35866.0,,Standard,
BAIG,Leverage Shares 2X Long BBAI Daily ETF,ETF,ETF,Unknown,,Unknown,,2x,,,,,,,,2026-03-13,472013.0,,Leveraged,
HROW,"Harrow, Inc.",Stock,Healthcare,Drug Manufacturers - Specialty & Generic,1332637184.0,,,1x,,,,,,,,2026-03-13,719211.0,0.098,,
ONTO,Onto Innovation Inc.,Stock,Technology,Semiconductor Equipment & Materials,9422076928.0,,,1x,,,,,,,,2026-03-13,891058.0,1.475,,
DTCK,Davis Commodities Limited,Stock,Consumer Defensive,Farm Products,45081148.0,,,1x,,,,,,,,2026-03-13,916669.0,0.009,,
KALA,"KALA BIO, Inc.",Stock,Healthcare,Biotechnology,252165072.0,,,1x,,,,,,,,2026-03-13,6652056.0,-2.371,,
WNTR,YieldMax MSTR Short Option Income Strategy ETF,ETF,ETF,Unknown,,Unknown,,-1x,,,,,,,,2026-03-13,230153.0,,Inverse,
ATHM,Autohome Inc.,Stock,Communication Services,Internet Content & Information,2241278208.0,,,1x,,,,,,,,2026-03-13,680081.0,0.158,,
MGRX,"Mangoceuticals, Inc.",Stock,Healthcare,Health Information Services,6116443.0,,,1x,,,,,,,,2026-03-13,7474118.0,2.334,,
EQIX,"Equinix, Inc.",Stock,Real Estate,REIT - Specialty,96484368384.0,,,1x,,,,,,,,2026-03-13,634893.0,1.031,,
ELVR,Elevra Lithium Limited,Stock,Basic Materials,Other Industrial Metals & Mining,934522752.0,,,1x,,,,,,,,2026-03-13,79865.0,0.538,,
GEVO,"Gevo, Inc.",Stock,Basic Materials,Specialty Chemicals,586896192.0,,,1x,,,,,,,,2026-03-13,3088988.0,1.518,,
HTHT,H World Group Limited,Stock,Consumer Cyclical,Lodging,15709535232.0,,,1x,,,,,,,,2026-03-13,1607516.0,0.111,,
VET,Vermilion Energy Inc.,Stock,Energy,Oil & Gas E&P,1817475328.0,,,1x,,,,,,,,2026-03-13,1892933.0,0.798,,
FLYT,Tradr 2X Long FLY Daily ETF,ETF,ETF,Unknown,,Unknown,,2x,,,,,,,,2026-03-13,75115.0,,Leveraged,
CCHH,CCH Holdings Ltd,Stock,Consumer Cyclical,Restaurants,14764750.0,,,1x,,,,,,,,2026-03-13,9083273.0,,,
ALT,"Altimmune, Inc.",Stock,Healthcare,Biotechnology,448955008.0,,,1x,,,,,,,,2026-03-13,4896691.0,0.17,,
DTCR,Global X Data Center & Digital Infrastructure ETF,ETF,ETF,Real Estate,,Real Estate,,1x,,,,,,,,2026-03-13,735083.0,,Standard,
BZ,Kanzhun Limited,Stock,Communication Services,Internet Content & Information,6946441216.0,,,1x,,,,,,,,2026-03-13,3419293.0,0.439,,
ICOI,Bitwise COIN Option Income Strategy ETF,ETF,ETF,Unknown,,Unknown,,1x,,,,,,,,2026-03-13,100798.0,,Standard,
EZET,Franklin Ethereum ETF,ETF,ETF,Unknown,,Unknown,,1x,,,,,,,,2026-03-13,209560.0,,Standard,
SPYD,State Street SPDR Portfolio S&P 500 High Dividend ETF,ETF,ETF,Mid-Cap Value,,Mid-Cap Value,,1x,,,,,,,,2026-03-13,1971363.0,,Standard,
TRI,Thomson Reuters Corporation,Stock,Industrials,Specialty Business Services,43498078208.0,,,1x,,,,,,,,2026-03-13,2501420.0,0.167,,
JEF,Jefferies Financial Group Inc.,Stock,Financial Services,Capital Markets,7611320832.0,,,1x,,,,,,,,2026-03-13,2707333.0,1.501,,
MSI,"Motorola Solutions, Inc.",Stock,Technology,Communication Equipment,78847131648.0,,,1x,,,,,,,,2026-03-13,1251256.0,0.96,,
FRSH,Freshworks Inc.,Stock,Technology,Software - Application,2322805248.0,,,1x,,,,,,,,2026-03-13,5541158.0,0.928,,
LTBR,Lightbridge Corporation,Stock,Industrials,Electrical Equipment & Parts,387161216.0,,,1x,,,,,,,,2026-03-13,999301.0,2.048,,
SXTP,"60 Degrees Pharmaceuticals, Inc.",Stock,Healthcare,Biotechnology,3243726.0,,,1x,,,,,,,,2026-03-13,4565612.0,3.027,,
JPXN,iShares JPX-Nikkei 400 ETF,ETF,ETF,Japan Stock,177465792.0,Japan Stock,,1x,,,,,,,,2026-03-13,65385.0,,Standard,
CARR,Carrier Global Corporation,Stock,Industrials,Building Products & Equipment,47225180160.0,,,1x,,,,,,,,2026-03-13,7290456.0,1.289,,
GOLD,"Gold.com, Inc.",Stock,Financial Services,Capital Markets,1365791360.0,,,1x,,,,,,,,2026-03-13,832858.0,0.406,,
CCEP,Coca-Cola Europacific Partners PLC,Stock,Consumer Defensive,Beverages - Non-Alcoholic,45474775040.0,,,1x,,,,,,,,2026-03-13,1695786.0,0.394,,
WAB,Westinghouse Air Brake Technologies Corporation,Stock,Industrials,Railroads,41260519424.0,,,1x,,,,,,,,2026-03-13,854840.0,0.979,,
QUBX,Tradr 2X Long QUBT Daily ETF,ETF,ETF,Unknown,,Unknown,,2x,,,,,,,,2026-03-13,247226.0,,Leveraged,
DLTR,"Dollar Tree, Inc.",Stock,Consumer Defensive,Discount Stores,22615953408.0,,,1x,,,,,,,,2026-03-13,3002513.0,0.692,,
WHD,"Cactus, Inc.",Stock,Energy,Oil & Gas Equipment & Services,3151823104.0,,,1x,,,,,,,,2026-03-13,994173.0,1.287,,
SQM,Sociedad Química y Minera de Chile S.A.,Stock,Basic Materials,Specialty Chemicals,21697048576.0,,,1x,,,,,,,,2026-03-13,1407663.0,1.041,,
AKAM,"Akamai Technologies, Inc.",Stock,Technology,Software - Infrastructure,15606622208.0,,,1x,,,,,,,,2026-03-13,3784946.0,0.704,,
MTEN,Mingteng International Corporation Inc.,Stock,Industrials,Metal Fabrication,1950798.0,,,1x,,,,,,,,2026-03-13,454892.0,,,
VNQ,Vanguard Real Estate Index Fund ETF Shares,ETF,ETF,Real Estate,34430533632.0,Real Estate,,1x,,,,,,,,2026-03-13,4134396.0,,Standard,
UUUG,Leverage Shares 2X Long UUUU Daily ETF,ETF,ETF,Unknown,,Unknown,,2x,,,,,,,,2026-03-13,339031.0,,Leveraged,
WBD,"Warner Bros. Discovery, Inc.",Stock,Communication Services,Entertainment,67917770752.0,,,1x,,,,,,,,2026-03-13,30375765.0,1.675,,
IMO,Imperial Oil Limited,Stock,Energy,Oil & Gas Integrated,60697841664.0,,,1x,,,,,,,,2026-03-13,745050.0,1.009,,
AEO,"American Eagle Outfitters, Inc.",Stock,Consumer Cyclical,Apparel Retail,2986801664.0,,,1x,,,,,,,,2026-03-13,6268391.0,1.348,,
EDZ,Direxion Daily MSCI Emerging Markets Bear 3X Shares,ETF,ETF,Trading--Inverse Equity,,Trading--Inverse Equity,,-3x,,,,,,,,2026-03-13,172926.0,,Inverse Leveraged,
GDE,WisdomTree Efficient Gold Plus Equity Strategy Fund,ETF,ETF,Unknown,,Unknown,,1x,,,,,,,,2026-03-13,132670.0,,Standard,
VIST,"Vista Energy, S.A.B. de C.V.",Stock,Energy,Oil & Gas E&P,6862524416.0,,,1x,,,,,,,,2026-03-13,1254786.0,-0.201,,
TXT,Textron Inc.,Stock,Industrials,Aerospace & Defense,16017719296.0,,,1x,,,,,,,,2026-03-13,1779150.0,0.935,,
RUBI,Rubico Inc.,Stock,Industrials,Marine Shipping,3247534.0,,,1x,,,,,,,,2026-03-13,3225266.0,,,
WULX,Tradr 2X Long WULF Daily ETF,ETF,ETF,Unknown,,Unknown,,2x,,,,,,,,2026-03-13,319250.0,,Leveraged,
FNV,Franco-Nevada Corporation,Stock,Basic Materials,Gold,49780543488.0,,,1x,,,,,,,,2026-03-13,857605.0,0.899,,
BXSL,Blackstone Secured Lending Fund,Stock,Financial Services,Asset Management,5500385792.0,,,1x,,,,,,,,2026-03-13,2464181.0,0.45,,
EWM,iShares MSCI Malaysia ETF,ETF,ETF,Miscellaneous Region,429466880.0,Miscellaneous Region,,1x,,,,,,,,2026-03-13,427493.0,,Standard,
BF.B,Brown-Forman Corporation,Stock,Consumer Defensive,Beverages - Wineries & Distilleries,10784121856.0,,,1x,,,,,,,,2026-03-13,5487600.0,0.396,,
BEAM,Beam Therapeutics Inc.,Stock,Healthcare,Biotechnology,2623816960.0,,,1x,,,,,,,,2026-03-13,1829836.0,2.17,,
TIP,iShares TIPS Bond ETF,ETF,ETF,Inflation-Protected Bond,19706040320.0,Inflation-Protected Bond,,1x,,,,,,,,2026-03-13,2628723.0,,Standard,
URNJ,Sprott Junior Uranium Miners ETF,ETF,ETF,Unknown,,Unknown,,1x,,,,,,,,2026-03-13,550003.0,,Standard,
XME,State Street SPDR S&P Metals & Mining ETF,ETF,ETF,Natural Resources,1953547264.0,Natural Resources,,1x,,,,,,,,2026-03-13,2881981.0,,Standard,
DDM,ProShares Ultra Dow30,ETF,ETF,Trading--Leveraged Equity,,Trading--Leveraged Equity,,2x,,,,,,,,2026-03-13,449808.0,,Leveraged,
HUM,Humana Inc.,Stock,Healthcare,Healthcare Plans,20184145920.0,,,1x,,,,,,,,2026-03-13,1947835.0,0.415,,
MSOX,AdvisorShares MSOS Daily Leveraged ETF,ETF,ETF,Unknown,,Unknown,,1x,,,,,,,,2026-03-13,1994788.0,,Standard,
VEEV,Veeva Systems Inc.,Stock,Healthcare,Health Information Services,30017771520.0,,,1x,,,,,,,,2026-03-13,2085070.0,1.122,,
XDTE,Roundhill S&P 500 0DTE Covered Call Strategy ETF,ETF,ETF,Unknown,,Unknown,,1x,,,,,,,,2026-03-13,336991.0,,Standard,
SPHR,Sphere Entertainment Co.,Stock,Communication Services,Entertainment,3910203392.0,,,1x,,,,,,,,2026-03-13,786515.0,1.69,,
FNGS,MicroSectors FANG+ ETN,ETF,ETF,Unknown,,Unknown,,1x,,,,,,,,2026-03-13,64461.0,,Standard,
QTUM,Defiance Quantum ETF,ETF,ETF,Technology,,Technology,,1x,,,,,,,,2026-03-13,405918.0,,Standard,
AMTM,"Amentum Holdings, Inc.",Stock,Industrials,Specialty Business Services,6741148672.0,,,1x,,,,,,,,2026-03-13,2088676.0,,,
CRWL,GraniteShares 2x Long CRWD Daily ETF,ETF,ETF,Unknown,,Unknown,,2x,,,,,,,,2026-03-13,246966.0,,Leveraged,
SWKS,"Skyworks Solutions, Inc.",Stock,Technology,Semiconductors,8388592128.0,,,1x,,,,,,,,2026-03-13,3637258.0,1.297,,
VIK,Viking Holdings Ltd,Stock,Consumer Cyclical,Travel Services,31216168960.0,,,1x,,,,,,,,2026-03-13,2393923.0,,,
DQ,Daqo New Energy Corp.,Stock,Technology,Semiconductor Equipment & Materials,1580526720.0,,,1x,,,,,,,,2026-03-13,703883.0,0.765,,
NVT,nVent Electric plc,Stock,Industrials,Electrical Equipment & Parts,17738487808.0,,,1x,,,,,,,,2026-03-13,2276096.0,1.303,,
VOYG,"Voyager Technologies, Inc.",Stock,Industrials,Aerospace & Defense,1651855360.0,,,1x,,,,,,,,2026-03-13,1539780.0,,,
MBLY,Mobileye Global Inc.,Stock,Consumer Cyclical,Auto Parts,6474430976.0,,,1x,,,,,,,,2026-03-13,8083981.0,0.578,,
BRKU,Direxion Daily BRKB Bull 2X Shares,ETF,ETF,Unknown,,Unknown,,2x,,,,,,,,2026-03-13,282470.0,,Leveraged,
SGDM,Sprott Gold Miners ETF,ETF,ETF,Unknown,,Unknown,,1x,,,,,,,,2026-03-13,79075.0,,Standard,
CZR,"Caesars Entertainment, Inc.",Stock,Consumer Cyclical,Resorts & Casinos,5817076224.0,,,1x,,,,,,,,2026-03-13,6317963.0,1.977,,
CLIP,Global X 1-3 Month T-Bill ETF,ETF,ETF,Unknown,,Unknown,,1x,,,,,,,,2026-03-13,336675.0,,Standard,
CHAU,Direxion Daily CSI 300 China A Share Bull 2X Shares,ETF,ETF,Unknown,,Unknown,,2x,,,,,,,,2026-03-13,174511.0,,Leveraged,
ATAI,AtaiBeckley Inc.,Stock,Healthcare,Biotechnology,1389295872.0,,,1x,,,,,,,,2026-03-13,4343460.0,1.616,,
WGS,GeneDx Holdings Corp.,Stock,Healthcare,Diagnostics & Research,2308245504.0,,,1x,,,,,,,,2026-03-13,705608.0,2.148,,
ENTG,"Entegris, Inc.",Stock,Technology,Semiconductor Equipment & Materials,16868495360.0,,,1x,,,,,,,,2026-03-13,3013388.0,1.295,,
QCMU,Direxion Daily QCOM Bull 2X Shares,ETF,ETF,Unknown,,Unknown,,2x,,,,,,,,2026-03-13,21188.0,,Leveraged,
MRNO,Murano Global Investments Plc,Stock,Real Estate,Real Estate - Development,61311008.0,,,1x,,,,,,,,2026-03-13,4650956.0,0.365,,
DUK,Duke Energy Corporation,Stock,Utilities,Utilities - Regulated Electric,103745175552.0,,,1x,,,,,,,,2026-03-13,4290115.0,0.466,,
PLAB,"Photronics, Inc.",Stock,Technology,Semiconductor Equipment & Materials,1984276608.0,,,1x,,,,,,,,2026-03-13,1209871.0,1.501,,
SPDN,Direxion Daily S&P 500 Bear 1X Shares,ETF,ETF,Unknown,,Unknown,,-1x,,,,,,,,2026-03-13,39240548.0,,Inverse,
NFLU,T-REX 2X Long NFLX Daily Target ETF,ETF,ETF,Unknown,,Unknown,,2x,,,,,,,,2026-03-13,389286.0,,Leveraged,
WFRD,Weatherford International plc,Stock,Energy,Oil & Gas Equipment & Services,6161609728.0,,,1x,,,,,,,,2026-03-13,1242235.0,0.739,,
FNGD,MicroSectors FANG+ Index -3X Inverse Leveraged ETN,ETF,ETF,Unknown,40413892608.0,Unknown,,-3x,,,,,,,,2026-03-13,2518807.0,,Inverse Leveraged,
STSM,Defiance Daily Target 2X Short TSM ETF,Stock,,,,,,1x,,,,,,,,2026-03-13,42401.0,,,
ETQ,T-Rex 2X Inverse Ether Daily Target ETF,ETF,ETF,Unknown,,Unknown,,-2x,,,,,,,,2026-03-13,15596.0,,Inverse Leveraged,
BRO,"Brown & Brown, Inc.",Stock,Financial Services,Insurance Brokers,23170521088.0,,,1x,,,,,,,,2026-03-13,3228501.0,0.798,,
TEN,Tsakos Energy Navigation Limited,Stock,Energy,Oil & Gas Midstream,1036540160.0,,,1x,,,,,,,,2026-03-13,424165.0,-0.258,,
NEXT,NextDecade Corporation,Stock,Energy,Oil & Gas Equipment & Services,1595428480.0,,,1x,,,,,,,,2026-03-13,3164691.0,1.956,,
EXE,Expand Energy Corporation,Stock,Energy,Oil & Gas E&P,26143309824.0,,,1x,,,,,,,,2026-03-13,3587173.0,0.473,,
IEFA,iShares Core MSCI EAFE ETF,ETF,ETF,Foreign Large Blend,,Foreign Large Blend,,1x,,,,,,,,2026-03-13,16614423.0,,Standard,
CPRT,"Copart, Inc.",Stock,Industrials,Specialty Business Services,32767395840.0,,,1x,,,,,,,,2026-03-13,9504771.0,1.106,,
FIVE,"Five Below, Inc.",Stock,Consumer Cyclical,Specialty Retail,11857118208.0,,,1x,,,,,,,,2026-03-13,1017483.0,1.108,,
BW,"Babcock & Wilcox Enterprises, Inc.",Stock,Industrials,Specialty Industrial Machinery,1390564992.0,,,1x,,,,,,,,2026-03-13,3504750.0,1.477,,
YINN,Direxion Daily FTSE China Bull 3X Shares,ETF,ETF,Trading--Leveraged Equity,,Trading--Leveraged Equity,,3x,,,,,,,,2026-03-13,2133640.0,,Leveraged,
SHG,"Shinhan Financial Group Co., Ltd.",Stock,Financial Services,Banks - Regional,28483100672.0,,,1x,,,,,,,,2026-03-13,266643.0,0.712,,
ARGT,Global X MSCI Argentina ETF,ETF,ETF,Miscellaneous Region,,Miscellaneous Region,,1x,,,,,,,,2026-03-13,210040.0,,Standard,
CLPT,"ClearPoint Neuro, Inc.",Stock,Healthcare,Medical Devices,341064352.0,,,1x,,,,,,,,2026-03-13,823636.0,1.067,,
IWY,iShares Russell Top 200 Growth ETF,ETF,ETF,Unknown,,Unknown,,1x,,,,,,,,2026-03-13,499190.0,,Standard,
ADM,Archer-Daniels-Midland Company,Stock,Consumer Defensive,Farm Products,34943336448.0,,,1x,,,,,,,,2026-03-13,3590300.0,0.683,,
EGO,Eldorado Gold Corporation,Stock,Basic Materials,Gold,7515309568.0,,,1x,,,,,,,,2026-03-13,2407751.0,1.281,,
ODFL,"Old Dominion Freight Line, Inc.",Stock,Industrials,Trucking,37049106432.0,,,1x,,,,,,,,2026-03-13,2272155.0,1.219,,
AJG,Arthur J. Gallagher & Co.,Stock,Financial Services,Insurance Brokers,52609089536.0,,,1x,,,,,,,,2026-03-13,2336703.0,0.672,,
FEZ,State Street SPDR EURO STOXX 50 ETF,ETF,ETF,Europe Stock,3812825344.0,Europe Stock,,1x,,,,,,,,2026-03-13,2168410.0,,Standard,
QQQU,Direxion Daily Magnificent 7 Bull 2X Shares,ETF,ETF,Unknown,,Unknown,,2x,,,,,,,,2026-03-13,72155.0,,Leveraged,
AMR,"Alpha Metallurgical Resources, Inc.",Stock,Basic Materials,Coking Coal,2417308416.0,,,1x,,,,,,,,2026-03-13,287386.0,0.882,,
QURE,uniQure N.V.,Stock,Healthcare,Biotechnology,1042365248.0,,,1x,,,,,,,,2026-03-13,3514566.0,0.773,,
HWM,Howmet Aerospace Inc.,Stock,Industrials,Aerospace & Defense,97415061504.0,,,1x,,,,,,,,2026-03-13,2576728.0,1.188,,
YXI,ProShares Short FTSE China 50,ETF,ETF,Unknown,,Unknown,,-1x,,,,,,,,2026-03-13,25963.0,,Inverse,
DPST,Direxion Daily Regional Banks Bull 3X Shares,ETF,ETF,Trading--Leveraged Equity,,Trading--Leveraged Equity,,3x,,,,,,,,2026-03-13,578626.0,,Leveraged,
TJX,"The TJX Companies, Inc.",Stock,Consumer Cyclical,Apparel Retail,173228916736.0,,,1x,,,,,,,,2026-03-13,5219943.0,0.736,,
IPGP,IPG Photonics Corporation,Stock,Technology,Semiconductor Equipment & Materials,4776060928.0,,,1x,,,,,,,,2026-03-13,537140.0,0.979,,
SPYV,State Street SPDR Portfolio S&P 500 Value ETF,ETF,ETF,Large Value,5097409536.0,Large Value,,1x,,,,,,,,2026-03-13,3411126.0,,Standard,
EEFT,"Euronet Worldwide, Inc.",Stock,Technology,Software - Infrastructure,3039830528.0,,,1x,,,,,,,,2026-03-13,727010.0,0.822,,
YMAX,YieldMax Universe Fund of Option Income ETFs,ETF,ETF,Unknown,,Unknown,,1x,,,,,,,,2026-03-13,2356880.0,,Standard,
AMBA,"Ambarella, Inc.",Stock,Technology,Semiconductor Equipment & Materials,2260150528.0,,,1x,,,,,,,,2026-03-13,905796.0,1.996,,
JDST,Direxion Daily Junior Gold Miners Index Bear 2X Shares,ETF,ETF,Trading--Inverse Equity,,Trading--Inverse Equity,,-2x,,,,,,,,2026-03-13,2374656.0,,Inverse Leveraged,
XRPT,2x XRP ETF,ETF,ETF,Unknown,,Unknown,,2x,,,,,,,,2026-03-13,244736.0,,Leveraged,
SVM,Silvercorp Metals Inc.,Stock,Basic Materials,Silver,2480069632.0,,,1x,,,,,,,,2026-03-13,6579916.0,1.865,,
KTB,"Kontoor Brands, Inc.",Stock,Consumer Cyclical,Apparel Manufacturing,3691137792.0,,,1x,,,,,,,,2026-03-13,847688.0,1.143,,
ARKG,ARK Genomic Revolution ETF,ETF,ETF,Unknown,,Unknown,,1x,,,,,,,,2026-03-13,2720218.0,,Standard,
LNT,Alliant Energy Corporation,Stock,Utilities,Utilities - Regulated Electric,18634995712.0,,,1x,,,,,,,,2026-03-13,2554983.0,0.611,,
FLTW,Franklin FTSE Taiwan ETF,ETF,ETF,China Region,,China Region,,1x,,,,,,,,2026-03-13,335208.0,,Standard,
XEL,Xcel Energy Inc.,Stock,Utilities,Utilities - Regulated Electric,50914586624.0,,,1x,,,,,,,,2026-03-13,5442895.0,0.426,,
VNOM,"Viper Energy, Inc.",Stock,Energy,Oil & Gas Midstream,16323023872.0,,,1x,,,,,,,,2026-03-13,3009911.0,0.329,,
TU,TELUS Corporation,Stock,Communication Services,Telecom Services,20683560960.0,,,1x,,,,,,,,2026-03-13,5976683.0,0.769,,
CVS,CVS Health Corporation,Stock,Healthcare,Healthcare Plans,97852112896.0,,,1x,,,,,,,,2026-03-13,8364600.0,0.464,,
EBAY,eBay Inc.,Stock,Consumer Cyclical,Internet Retail,41089060864.0,,,1x,,,,,,,,2026-03-13,5179118.0,1.371,,
NWS,News Corporation,Stock,Communication Services,Entertainment,14936536064.0,,,1x,,,,,,,,2026-03-13,1318825.0,0.969,,
TEVA,Teva Pharmaceutical Industries Limited,Stock,Healthcare,Drug Manufacturers - Specialty & Generic,34100623360.0,,,1x,,,,,,,,2026-03-13,9202281.0,0.716,,
ABAT,American Battery Technology Company,Stock,Industrials,Waste Management,457031104.0,,,1x,,,,,,,,2026-03-13,5602906.0,0.911,,
TECK,Teck Resources Limited,Stock,Basic Materials,Other Industrial Metals & Mining,24760332288.0,,,1x,,,,,,,,2026-03-13,4491286.0,1.534,,
MTZ,"MasTec, Inc.",Stock,Industrials,Engineering & Construction,23435153408.0,,,1x,,,,,,,,2026-03-13,902555.0,1.889,,
IQ,"iQIYI, Inc.",Stock,Communication Services,Entertainment,1261572352.0,,,1x,,,,,,,,2026-03-13,10322616.0,0.187,,
HUN,Huntsman Corporation,Stock,Basic Materials,Chemicals,2187297280.0,,,1x,,,,,,,,2026-03-13,6112871.0,0.657,,
FTI,TechnipFMC plc,Stock,Energy,Oil & Gas Equipment & Services,25856923648.0,,,1x,,,,,,,,2026-03-13,3862630.0,0.735,,
HSY,The Hershey Company,Stock,Consumer Defensive,Confectioners,44385607680.0,,,1x,,,,,,,,2026-03-13,1926260.0,0.112,,
KBWB,Invesco KBW Bank ETF,ETF,ETF,Financial,,Financial,,1x,,,,,,,,2026-03-13,2541306.0,,Standard,
KBR,"KBR, Inc.",Stock,Industrials,Engineering & Construction,4665599488.0,,,1x,,,,,,,,2026-03-13,1493948.0,0.444,,
GJH,"STRATS Trust for United States Cellular Corp. Securities, Series 2004-6 STRATS 6.375",Stock,Unknown,Unknown,,,,1x,,,,,,,,2026-03-13,1675.0,,,
MFG,"Mizuho Financial Group, Inc.",Stock,Financial Services,Banks - Regional,94918967296.0,,,1x,,,,,,,,2026-03-13,4479818.0,0.204,,
MAGY,Roundhill Magnificent Seven Covered Call ETF,ETF,ETF,Unknown,,Unknown,,1x,,,,,,,,2026-03-13,142375.0,,Standard,
BMY,Bristol-Myers Squibb Company,Stock,Healthcare,Drug Manufacturers - General,121496018944.0,,,1x,,,,,,,,2026-03-13,13780711.0,0.266,,
GEVX,Tradr 2X Long GEV Daily ETF,ETF,ETF,Unknown,,Unknown,,2x,,,,,,,,2026-03-13,127890.0,,Leveraged,
NUE,Nucor Corporation,Stock,Basic Materials,Steel,37648396288.0,,,1x,,,,,,,,2026-03-13,1750016.0,1.768,,
HOOZ,Defiance Daily Target 2X Short HOOD ETF,Stock,,,,,,1x,,,,,,,,2026-03-13,281958.0,,,
CGNX,Cognex Corporation,Stock,Technology,Scientific & Technical Instruments,8097168384.0,,,1x,,,,,,,,2026-03-13,2184203.0,1.47,,
QRVO,"Qorvo, Inc.",Stock,Technology,Semiconductors,7381226496.0,,,1x,,,,,,,,2026-03-13,1305618.0,1.35,,
PICK,iShares MSCI Global Metals & Mining Producers ETF,ETF,ETF,Natural Resources,471942016.0,Natural Resources,,1x,,,,,,,,2026-03-13,928486.0,,Standard,
ICLR,ICON Public Limited Company,Stock,Healthcare,Diagnostics & Research,7618557440.0,,,1x,,,,,,,,2026-03-13,1827575.0,1.341,,
TSLW,Roundhill ETF Trust - Roundhill TSLA WeeklyPay ETF,ETF,ETF,Unknown,,Unknown,,1x,,,,,,,,2026-03-13,180401.0,,Standard,
DXST,Decent Holding Inc.,Stock,Industrials,Waste Management,10055667.0,,,1x,,,,,,,,2026-03-13,47827485.0,,,
ENB,Enbridge Inc.,Stock,Energy,Oil & Gas Midstream,118189735936.0,,,1x,,,,,,,,2026-03-13,4956553.0,0.864,,
AEVA,"Aeva Technologies, Inc.",Stock,Technology,Software - Infrastructure,933034944.0,,,1x,,,,,,,,2026-03-13,2785615.0,2.16,,
LPTH,"LightPath Technologies, Inc.",Stock,Technology,Electronic Components,636531648.0,,,1x,,,,,,,,2026-03-13,2817441.0,1.066,,
BWA,BorgWarner Inc.,Stock,Consumer Cyclical,Auto Parts,10987347968.0,,,1x,,,,,,,,2026-03-13,3502673.0,1.025,,
AVS,Direxion Daily AVGO Bear 1X Shares,ETF,ETF,Unknown,,Unknown,,-1x,,,,,,,,2026-03-13,1052305.0,,Inverse,
DINO,HF Sinclair Corporation,Stock,Energy,Oil & Gas Refining & Marketing,10410551296.0,,,1x,,,,,,,,2026-03-13,3011221.0,0.844,,
MNDY,monday.com Ltd.,Stock,Technology,Software - Application,3903992576.0,,,1x,,,,,,,,2026-03-13,2395155.0,1.305,,
NNOX,Nano-X Imaging Ltd.,Stock,Healthcare,Medical Devices,170322432.0,,,1x,,,,,,,,2026-03-13,1115430.0,1.405,,
DFDV,DeFi Development Corp.,Stock,Financial Services,Asset Management,135563840.0,,,1x,,,,,,,,2026-03-13,1573406.0,-6.34,,
VOLT,Tema Electrification ETF,ETF,ETF,Unknown,,Unknown,,1x,,,,,,,,2026-03-13,200498.0,,Standard,
SITM,SiTime Corporation,Stock,Technology,Semiconductors,8725129216.0,,,1x,,,,,,,,2026-03-13,337598.0,2.559,,
ARE,"Alexandria Real Estate Equities, Inc.",Stock,Real Estate,REIT - Office,8731739136.0,,,1x,,,,,,,,2026-03-13,2601533.0,1.319,,
CALM,"Cal-Maine Foods, Inc.",Stock,Consumer Defensive,Farm Products,4244069376.0,,,1x,,,,,,,,2026-03-13,1213546.0,0.248,,
WLDN,"Willdan Group, Inc.",Stock,Industrials,Engineering & Construction,1220679040.0,,,1x,,,,,,,,2026-03-13,309095.0,1.07,,
TALO,Talos Energy Inc.,Stock,Energy,Oil & Gas E&P,2300967936.0,,,1x,,,,,,,,2026-03-13,2116206.0,0.51,,
ULTA,"Ulta Beauty, Inc.",Stock,Consumer Cyclical,Specialty Retail,25418868736.0,,,1x,,,,,,,,2026-03-13,561893.0,,,
KEYS,"Keysight Technologies, Inc.",Stock,Technology,Scientific & Technical Instruments,48966434816.0,,,1x,,,,,,,,2026-03-13,1392640.0,1.137,,
CAG,"Conagra Brands, Inc.",Stock,Consumer Defensive,Packaged Foods,7957676032.0,,,1x,,,,,,,,2026-03-13,12705866.0,-0.061,,
QBTZ,Defiance Daily Target 2X Short QBTS ETF,ETF,ETF,Unknown,,Unknown,,-2x,,,,,,,,2026-03-13,3714805.0,,Inverse Leveraged,
ARRY,"Array Technologies, Inc.",Stock,Technology,Solar,1050072576.0,,,1x,,,,,,,,2026-03-13,6505523.0,1.822,,
CIBR,First Trust NASDAQ Cybersecurity ETF,ETF,ETF,Technology,,Technology,,1x,,,,,,,,2026-03-13,1490451.0,,Standard,
SOC,Sable Offshore Corp.,Stock,Energy,Oil & Gas Drilling,2361058816.0,,,1x,,,,,,,,2026-03-13,8960438.0,0.431,,
BAX,Baxter International Inc.,Stock,Healthcare,Medical Instruments & Supplies,9075604480.0,,,1x,,,,,,,,2026-03-13,9721233.0,0.553,,
CWEB,Direxion Daily CSI China Internet Bull 2X Shares,ETF,ETF,Trading--Leveraged Equity,,Trading--Leveraged Equity,,2x,,,,,,,,2026-03-13,445706.0,,Leveraged,
KITT,"Nauticus Robotics, Inc.",Stock,Industrials,Aerospace & Defense,4118072.0,,,1x,,,,,,,,2026-03-13,5326258.0,-0.122,,
CLF,Cleveland-Cliffs Inc.,Stock,Basic Materials,Steel,5033696256.0,,,1x,,,,,,,,2026-03-13,16888188.0,1.868,,
XLB,State Street Materials Select Sector SPDR ETF,ETF,ETF,Natural Resources,3573528832.0,Natural Resources,,1x,,,,,,,,2026-03-13,16295760.0,,Standard,
NE,Noble Corporation plc,Stock,Energy,Oil & Gas Drilling,7346959872.0,,,1x,,,,,,,,2026-03-13,2078351.0,1.073,,
SOLS,"Solstice Advanced Materials, Inc.",Stock,Basic Materials,Specialty Chemicals,11572697088.0,,,1x,,,,,,,,2026-03-13,3359080.0,,,
GOOY,YieldMax GOOGL Option Income Strategy ETF,ETF,ETF,Unknown,,Unknown,,1x,,,,,,,,2026-03-13,465091.0,,Standard,
AMDY,YieldMax AMD Option Income Strategy ETF,ETF,ETF,Unknown,,Unknown,,1x,,,,,,,,2026-03-13,168130.0,,Standard,
HYFT,MindWalk Holdings Corp.,Stock,Healthcare,Biotechnology,62099404.0,,,1x,,,,,,,,2026-03-13,560328.0,,,
CPRI,Capri Holdings Limited,Stock,Consumer Cyclical,Luxury Goods,2230710016.0,,,1x,,,,,,,,2026-03-13,3068250.0,1.431,,
TLYS,"Tilly's, Inc.",Stock,Consumer Cyclical,Apparel Retail,75574704.0,,,1x,,,,,,,,2026-03-13,1067696.0,1.1,,
EME,"EMCOR Group, Inc.",Stock,Industrials,Engineering & Construction,32254253056.0,,,1x,,,,,,,,2026-03-13,374758.0,1.14,,
SETH,ProShares Short Ether ETF,ETF,ETF,Unknown,,Unknown,,-1x,,,,,,,,2026-03-13,79556.0,,Inverse,
AZI,Autozi Internet Technology (Global) Ltd.,Stock,Consumer Cyclical,Auto & Truck Dealerships,24820398.0,,,1x,,,,,,,,2026-03-13,15788598.0,,,
DRNZ,REX Drone ETF,ETF,ETF,Unknown,,Unknown,,1x,,,,,,,,2026-03-13,144036.0,,Standard,
MSOS,AdvisorShares Pure US Cannabis ETF,ETF,ETF,Unknown,,Unknown,,1x,,,,,,,,2026-03-13,10342011.0,,Standard,
IEV,iShares Europe ETF,ETF,ETF,Europe Stock,2747066880.0,Europe Stock,,1x,,,,,,,,2026-03-13,278661.0,,Standard,
FIVA,Fidelity International Value Factor ETF,ETF,ETF,Foreign Large Value,,Foreign Large Value,,1x,,,,,,,,2026-03-13,210726.0,,Standard,
SATG,Leverage Shares 2X Long SATS Daily ETF,ETF,ETF,Unknown,,Unknown,,2x,,,,,,,,2026-03-13,30450.0,,Leveraged,
SPLV,Invesco S&P 500 Low Volatility ETF,ETF,ETF,Large Value,,Large Value,,1x,,,,,,,,2026-03-13,3867636.0,,Standard,
AMP,"Ameriprise Financial, Inc.",Stock,Financial Services,Asset Management,41154445312.0,,,1x,,,,,,,,2026-03-13,659473.0,1.271,,
REKR,"Rekor Systems, Inc.",Stock,Technology,Software - Infrastructure,138199072.0,,,1x,,,,,,,,2026-03-13,2729810.0,2.065,,
DNA,"Ginkgo Bioworks Holdings, Inc.",Stock,Healthcare,Biotechnology,432851200.0,,,1x,,,,,,,,2026-03-13,1102780.0,1.593,,
CMI,Cummins Inc.,Stock,Industrials,Specialty Industrial Machinery,74976862208.0,,,1x,,,,,,,,2026-03-13,953328.0,1.127,,
OKTA,"Okta, Inc.",Stock,Technology,Software - Infrastructure,14181961728.0,,,1x,,,,,,,,2026-03-13,3075420.0,0.838,,
MOG.A,Moog Inc.,Stock,Industrials,Aerospace & Defense,9764295680.0,,,1x,,,,,,,,2026-03-13,218308.0,0.936,,
DOMO,"Domo, Inc.",Stock,Technology,Software - Application,191855088.0,,,1x,,,,,,,,2026-03-13,1694090.0,1.752,,
FPS,"Forgent Power Solutions, Inc.",Stock,Industrials,Electrical Equipment & Parts,10046923776.0,,,1x,,,,,,,,2026-03-13,4171748.0,,,
DPZ,"Domino's Pizza, Inc.",Stock,Consumer Cyclical,Restaurants,13395230720.0,,,1x,,,,,,,,2026-03-13,826550.0,1.162,,
RL,Ralph Lauren Corporation,Stock,Consumer Cyclical,Apparel Manufacturing,20275509248.0,,,1x,,,,,,,,2026-03-13,639128.0,1.488,,
GSG,iShares S&P GSCI Commodity-Indexed Trust,ETF,ETF,Unknown,1924663552.0,Unknown,,1x,,,,,,,,2026-03-13,1091261.0,,Standard,
KSS,Kohl's Corporation,Stock,Consumer Cyclical,Department Stores,1485384832.0,,,1x,,,,,,,,2026-03-13,4247183.0,1.431,,
AZN,AstraZeneca PLC,Stock,Healthcare,Drug Manufacturers - General,297917972480.0,,,1x,,,,,,,,2026-03-13,3108652.0,0.234,,
REI,"Ring Energy, Inc.",Stock,Energy,Oil & Gas E&P,307726432.0,,,1x,,,,,,,,2026-03-13,3527851.0,0.843,,
IOT,Samsara Inc.,Stock,Technology,Software - Infrastructure,18354497536.0,,,1x,,,,,,,,2026-03-13,8413893.0,1.598,,
NHC,National HealthCare Corporation,Stock,Healthcare,Medical Care Facilities,2477284608.0,,,1x,,,,,,,,2026-03-13,82736.0,0.592,,
DHT,"DHT Holdings, Inc.",Stock,Energy,Oil & Gas Midstream,2748061952.0,,,1x,,,,,,,,2026-03-13,3744370.0,-0.152,,
DFEN,Direxion Daily Aerospace & Defense Bull 3X Shares,ETF,ETF,Unknown,,Unknown,,3x,,,,,,,,2026-03-13,351261.0,,Leveraged,
ACWI,iShares MSCI ACWI ETF,ETF,ETF,Global Large-Stock Blend,,Global Large-Stock Blend,,1x,,,,,,,,2026-03-13,5539086.0,,Standard,
TTDU,T-REX 2X Long TTD Daily Target ETF,ETF,ETF,Unknown,,Unknown,,2x,,,,,,,,2026-03-13,226346.0,,Leveraged,
IXHL,Incannex Healthcare Inc.,Stock,Healthcare,Drug Manufacturers - Specialty & Generic,37266260.0,,,1x,,,,,,,,2026-03-13,410145.0,2.677,,
DECK,Deckers Outdoor Corporation,Stock,Consumer Cyclical,Footwear & Accessories,14817876992.0,,,1x,,,,,,,,2026-03-13,2762448.0,1.161,,
IJR,iShares Core S&P Small-Cap ETF,ETF,ETF,Small Blend,69375098880.0,Small Blend,,1x,,,,,,,,2026-03-13,6179623.0,,Standard,
ATRA,"Atara Biotherapeutics, Inc.",Stock,Healthcare,Biotechnology,47803860.0,,,1x,,,,,,,,2026-03-13,445583.0,-0.399,,
CRK,"Comstock Resources, Inc.",Stock,Energy,Oil & Gas E&P,6136233472.0,,,1x,,,,,,,,2026-03-13,2523430.0,0.422,,
FCEL,"FuelCell Energy, Inc.",Stock,Industrials,Electrical Equipment & Parts,371952896.0,,,1x,,,,,,,,2026-03-13,2290863.0,1.369,,
CHTR,"Charter Communications, Inc.",Stock,Communication Services,Telecom Services,28051421184.0,,,1x,,,,,,,,2026-03-13,1979033.0,1.023,,
DV,"DoubleVerify Holdings, Inc.",Stock,Communication Services,Advertising Agencies,1670096000.0,,,1x,,,,,,,,2026-03-13,2640526.0,0.978,,
STNG,Scorpio Tankers Inc.,Stock,Energy,Oil & Gas Midstream,3489847296.0,,,1x,,,,,,,,2026-03-13,1089103.0,-0.387,,
FAZ,Direxion Daily Financial Bear 3X Shares,ETF,ETF,Trading--Inverse Equity,,Trading--Inverse Equity,,-3x,,,,,,,,2026-03-13,1243658.0,,Inverse Leveraged,
IEMG,iShares Core MSCI Emerging Markets ETF,ETF,ETF,Diversified Emerging Mkts,81499652096.0,Diversified Emerging Mkts,,1x,,,,,,,,2026-03-13,18616370.0,,Standard,
DXCM,"DexCom, Inc.",Stock,Healthcare,Medical Devices,25503162368.0,,,1x,,,,,,,,2026-03-13,5046703.0,1.526,,
MTEK,Maris-Tech Ltd.,Stock,Technology,Electronic Components,13117960.0,,,1x,,,,,,,,2026-03-13,800773.0,0.701,,
TLK,Perusahaan Perseroan (Persero) PT Telekomunikasi Indonesia Tbk,Stock,Communication Services,Telecom Services,17841104896.0,,,1x,,,,,,,,2026-03-13,621265.0,0.028,,
NAT,Nordic American Tankers Limited,Stock,Energy,Oil & Gas Midstream,1075693312.0,,,1x,,,,,,,,2026-03-13,3979263.0,-0.516,,
NAGE,"Niagen Bioscience, Inc.",Stock,Healthcare,Biotechnology,390392384.0,,,1x,,,,,,,,2026-03-13,1136708.0,2.233,,
BTE,Baytex Energy Corp.,Stock,Energy,Oil & Gas E&P,3124706304.0,,,1x,,,,,,,,2026-03-13,18558091.0,0.825,,
RCAX,Defiance Daily Target 2X Long RCAT ETF,ETF,ETF,Unknown,,Unknown,,2x,,,,,,,,2026-03-13,204966.0,,Leveraged,
TSMG,Leverage Shares 2X Long TSM Daily ETF,ETF,ETF,Unknown,,Unknown,,2x,,,,,,,,2026-03-13,99020.0,,Leveraged,
WHLR,"Wheeler Real Estate Investment Trust, Inc.",Stock,Real Estate,REIT - Retail,1795890.0,,,1x,,,,,,,,2026-03-13,688179.0,1.306,,
POWL,"Powell Industries, Inc.",Stock,Industrials,Electrical Equipment & Parts,6359824384.0,,,1x,,,,,,,,2026-03-13,256690.0,0.828,,
BBJP,JPMorgan BetaBuilders Japan ETF,ETF,ETF,Japan Stock,,Japan Stock,,1x,,,,,,,,2026-03-13,1682806.0,,Standard,
MDLZ,"Mondelez International, Inc.",Stock,Consumer Defensive,Confectioners,70582616064.0,,,1x,,,,,,,,2026-03-13,11351108.0,0.366,,
PRCT,PROCEPT BioRobotics Corporation,Stock,Healthcare,Medical Devices,1478550912.0,,,1x,,,,,,,,2026-03-13,1582026.0,1.021,,
OPEX,Tradr 2X Long OPEN Daily ETF,ETF,ETF,Unknown,,Unknown,,2x,,,,,,,,2026-03-13,100528.0,,Leveraged,
TFC,Truist Financial Corporation,Stock,Financial Services,Banks - Regional,55587991552.0,,,1x,,,,,,,,2026-03-13,9274056.0,0.861,,
VSTD,Vestand Inc.,Stock,Consumer Cyclical,Restaurants,4809220.0,,,1x,,,,,,,,2026-03-13,385098.0,0.629,,
LVHI,Franklin International Low Volatility High Dividend Index ETF,ETF,ETF,Foreign Large Value,,Foreign Large Value,,1x,,,,,,,,2026-03-13,742891.0,,Standard,
AGG,iShares Core U.S. Aggregate Bond ETF,ETF,ETF,Intermediate Core Bond,56958812160.0,Intermediate Core Bond,,1x,,,,,,,,2026-03-13,9242701.0,,Standard,
ZVZZT,ZVZZT,Stock,Unknown,Unknown,,,,1x,,,,,,,,2026-03-13,,,,
CTSH,Cognizant Technology Solutions Corporation,Stock,Technology,Information Technology Services,29504178176.0,,,1x,,,,,,,,2026-03-13,6517863.0,0.983,,
PPTA,Perpetua Resources Corp.,Stock,Basic Materials,Other Precious Metals & Mining,3834599936.0,,,1x,,,,,,,,2026-03-13,1907703.0,0.545,,
MWA,"Mueller Water Products, Inc.",Stock,Industrials,Specialty Industrial Machinery,4317798400.0,,,1x,,,,,,,,2026-03-13,1172298.0,1.141,,
EZJ,ProShares Ultra MSCI Japan,ETF,ETF,Unknown,,Unknown,,2x,,,,,,,,2026-03-13,12463.0,,Leveraged,
URNM,Sprott Uranium Miners ETF,ETF,ETF,Unknown,,Unknown,,1x,,,,,,,,2026-03-13,999565.0,,Standard,
IQDG,WisdomTree International Quality Dividend Growth Fund,ETF,ETF,Unknown,,Unknown,,1x,,,,,,,,2026-03-13,86315.0,,Standard,
VNDA,Vanda Pharmaceuticals Inc.,Stock,Healthcare,Biotechnology,543793856.0,,,1x,,,,,,,,2026-03-13,2931188.0,0.609,,
BTQ,BTQ Technologies Corp.,Stock,Technology,Software - Infrastructure,450883520.0,,,1x,,,,,,,,2026-03-13,2585436.0,-18.333,,
IPAC,iShares Core MSCI Pacific ETF,ETF,ETF,Diversified Pacific/Asia,,Diversified Pacific/Asia,,1x,,,,,,,,2026-03-13,174961.0,,Standard,
MOG A,Moog Inc.,Stock,Industrials,Aerospace & Defense,9743347712.0,,,1x,,,,,,,,2026-03-13,218308.0,0.936,,
FFAI,Faraday Future Intelligent Electric Inc.,Stock,Consumer Cyclical,Auto Manufacturers,72726288.0,,,1x,,,,,,,,2026-03-13,12267390.0,5.477,,
RCKT,"Rocket Pharmaceuticals, Inc.",Stock,Healthcare,Biotechnology,533617344.0,,,1x,,,,,,,,2026-03-13,2421170.0,0.447,,
SMCY,YieldMax SMCI Option Income Str,ETF,ETF,Unknown,,Unknown,,1x,,,,,,,,2026-03-13,1456441.0,,Standard,
VEEE,Twin Vee Powercats Co.,Stock,Consumer Cyclical,Recreational Vehicles,3858446.0,,,1x,,,,,,,,2026-03-13,1391191.0,1.158,,
FIGG,Leverage Shares 2x Long FIG Daily ETF,ETF,ETF,Unknown,,Unknown,,2x,,,,,,,,2026-03-13,1681405.0,,Leveraged,
CWI,State Street SPDR MSCI ACWI ex-US ETF,ETF,ETF,Foreign Large Blend,,Foreign Large Blend,,1x,,,,,,,,2026-03-13,422258.0,,Standard,
FSM,Fortuna Mining Corp.,Stock,Basic Materials,Gold,3294812416.0,,,1x,,,,,,,,2026-03-13,7940091.0,1.993,,
JBLU,JetBlue Airways Corporation,Stock,Industrials,Airlines,1528557312.0,,,1x,,,,,,,,2026-03-13,19488936.0,1.7,,
MT,ArcelorMittal S.A.,Stock,Basic Materials,Steel,40272875520.0,,,1x,,,,,,,,2026-03-13,1729731.0,1.673,,
JTAI,Jet.AI Inc.,Stock,Technology,Software - Application,4493251.0,,,1x,,,,,,,,2026-03-13,32341048.0,-0.161,,
LIT,Global X Lithium & Battery Tech ETF,ETF,ETF,Natural Resources,,Natural Resources,,1x,,,,,,,,2026-03-13,402768.0,,Standard,
UNX,Tradr 2X Long U Daily ETF,ETF,ETF,Unknown,,Unknown,,2x,,,,,,,,2026-03-13,53296.0,,Leveraged,
TRV,"The Travelers Companies, Inc.",Stock,Financial Services,Insurance - Property & Casualty,67649560576.0,,,1x,,,,,,,,2026-03-13,1609326.0,0.502,,
RDWU,T-REX 2X LONG RDW DAILY TARGET ETF,ETF,ETF,Unknown,,Unknown,,2x,,,,,,,,2026-03-13,221400.0,,Leveraged,
TSCO,Tractor Supply Company,Stock,Consumer Cyclical,Specialty Retail,25170118656.0,,,1x,,,,,,,,2026-03-13,6840086.0,0.698,,
TOST,"Toast, Inc.",Stock,Technology,Software - Infrastructure,16615689216.0,,,1x,,,,,,,,2026-03-13,11001941.0,1.951,,
NYT,The New York Times Company,Stock,Communication Services,Publishing,12763879424.0,,,1x,,,,,,,,2026-03-13,2272731.0,1.107,,
MCHP,Microchip Technology Incorporated,Stock,Technology,Semiconductors,33872375808.0,,,1x,,,,,,,,2026-03-13,8966358.0,1.447,,
UPSX,Tradr 2X Long UPST Daily ETF,ETF,ETF,Unknown,,Unknown,,2x,,,,,,,,2026-03-13,96978.0,,Leveraged,
NVA,Nova Minerals Limited,Stock,Basic Materials,Other Industrial Metals & Mining,269637472.0,,,1x,,,,,,,,2026-03-13,870066.0,0.595,,
NOWL,GraniteShares 2x Long NOW Daily ETF,ETF,ETF,Unknown,,Unknown,,2x,,,,,,,,2026-03-13,727591.0,,Leveraged,
EGY,"VAALCO Energy, Inc.",Stock,Energy,Oil & Gas E&P,539015168.0,,,1x,,,,,,,,2026-03-13,1256098.0,,,
LBRT,Liberty Energy Inc.,Stock,Energy,Oil & Gas Equipment & Services,4886663680.0,,,1x,,,,,,,,2026-03-13,4345641.0,0.505,,
CXAI,CXApp Inc.,Stock,Technology,Software - Application,9401946.0,,,1x,,,,,,,,2026-03-13,6440766.0,0.998,,
COKE,"Coca-Cola Consolidated, Inc.",Stock,Consumer Defensive,Beverages - Non-Alcoholic,14185446400.0,,,1x,,,,,,,,2026-03-13,504345.0,0.574,,
STZ,"Constellation Brands, Inc.",Stock,Consumer Defensive,Beverages - Brewers,26389149696.0,,,1x,,,,,,,,2026-03-13,2490808.0,0.422,,
CTAS,Cintas Corporation,Stock,Industrials,Specialty Business Services,77938024448.0,,,1x,,,,,,,,2026-03-13,2010260.0,0.944,,
PLTA,ProShares Ultra PLTR,Stock,,,,,,1x,,,,,,,,2026-03-13,42280.0,,,
GSAT,"Globalstar, Inc.",Stock,Communication Services,Telecom Services,7530071040.0,,,1x,,,,,,,,2026-03-13,664580.0,1.521,,
RGLD,"Royal Gold, Inc.",Stock,Basic Materials,Gold,22612068352.0,,,1x,,,,,,,,2026-03-13,986475.0,0.647,,
TSLI,ProShares Ultra TSLA,Stock,,,,,,1x,,,,,,,,2026-03-13,14625.0,,,
SOAR,"Volato Group, Inc.",Stock,Industrials,Airports & Air Services,3048354.0,,,1x,,,,,,,,2026-03-13,4250478.0,1.04,,
DG,Dollar General Corporation,Stock,Consumer Defensive,Discount Stores,29410105344.0,,,1x,,,,,,,,2026-03-13,3210726.0,0.22,,
KDEF,PLUS Korea Defense Industry Index ETF,ETF,ETF,Unknown,,Unknown,,1x,,,,,,,,2026-03-13,121608.0,,Standard,
RIOX,Defiance Daily Target 2X Long RIOT ETF,ETF,ETF,Unknown,,Unknown,,2x,,,,,,,,2026-03-13,648553.0,,Leveraged,
FEPI,REX FANG & Innovation Equity Premium Income ETF,ETF,ETF,Unknown,,Unknown,,1x,,,,,,,,2026-03-13,189190.0,,Standard,
ORCU,Direxion Daily ORCL Bull 2X ETF,ETF,ETF,Unknown,,Unknown,,2x,,,,,,,,2026-03-13,655883.0,,Leveraged,
TROX,Tronox Holdings plc,Stock,Basic Materials,Chemicals,1125760768.0,,,1x,,,,,,,,2026-03-13,3998845.0,1.105,,
IBN,ICICI Bank Limited,Stock,Financial Services,Banks - Regional,96525680640.0,,,1x,,,,,,,,2026-03-13,6474760.0,0.177,,
PH,Parker-Hannifin Corporation,Stock,Industrials,Specialty Industrial Machinery,113931239424.0,,,1x,,,,,,,,2026-03-13,680896.0,1.218,,
SGDJ,Sprott Funds Trust - Sprott Junior Gold Miners ETF,ETF,ETF,Unknown,,Unknown,,1x,,,,,,,,2026-03-13,104670.0,,Standard,
FDVV,Fidelity High Dividend ETF,ETF,ETF,Unknown,,Unknown,,1x,,,,,,,,2026-03-13,1052830.0,,Standard,
RENX,RenX Enterprises Corp.,Stock,Real Estate,Real Estate - Development,7338945.0,,,1x,,,,,,,,2026-03-13,32108998.0,3.866,,
BBIN,JPMorgan BetaBuilders International Equity ETF,ETF,ETF,Foreign Large Blend,,Foreign Large Blend,,1x,,,,,,,,2026-03-13,227256.0,,Standard,
RMD,ResMed Inc.,Stock,Healthcare,Medical Instruments & Supplies,34029850624.0,,,1x,,,,,,,,2026-03-13,1074835.0,0.887,,
CRMG,Leverage Shares 2X Long CRM Daily ETF,ETF,ETF,Unknown,,Unknown,,2x,,,,,,,,2026-03-13,775523.0,,Leveraged,
LRHC,La Rosa Holdings Corp.,Stock,Real Estate,Real Estate Services,456141.0,,,1x,,,,,,,,2026-03-13,2924268.0,3.09,,
BBIO,"BridgeBio Pharma, Inc.",Stock,Healthcare,Biotechnology,13409494016.0,,,1x,,,,,,,,2026-03-13,2920545.0,1.18,,
FOUR,"Shift4 Payments, Inc.",Stock,Technology,Software - Infrastructure,4510014464.0,,,1x,,,,,,,,2026-03-13,2308555.0,1.644,,
ABVX,ABIVAX Société Anonyme,Stock,Healthcare,Biotechnology,9391851520.0,,,1x,,,,,,,,2026-03-13,1338066.0,-0.381,,
ILMN,"Illumina, Inc.",Stock,Healthcare,Diagnostics & Research,18077368320.0,,,1x,,,,,,,,2026-03-13,2064116.0,1.503,,
SCHW,The Charles Schwab Corporation,Stock,Financial Services,Capital Markets,165077434368.0,,,1x,,,,,,,,2026-03-13,10621420.0,0.919,,
ORIC,"ORIC Pharmaceuticals, Inc.",Stock,Healthcare,Biotechnology,1325607424.0,,,1x,,,,,,,,2026-03-13,1670240.0,1.361,,
EXC,Exelon Corporation,Stock,Utilities,Utilities - Regulated Electric,51206004736.0,,,1x,,,,,,,,2026-03-13,8394113.0,0.515,,
DOV,Dover Corporation,Stock,Industrials,Specialty Industrial Machinery,28051947520.0,,,1x,,,,,,,,2026-03-13,1279358.0,1.249,,
ORCS,Direxion Daily ORCL Bear 1X ETF,ETF,ETF,Unknown,,Unknown,,-1x,,,,,,,,2026-03-13,86993.0,,Inverse,
PZZA,"Papa John's International, Inc.",Stock,Consumer Cyclical,Restaurants,1138890752.0,,,1x,,,,,,,,2026-03-13,1272205.0,1.235,,
JZXN,"Jiuzi Holdings, Inc.",Stock,Consumer Cyclical,Auto & Truck Dealerships,1581322.0,,,1x,,,,,,,,2026-03-13,3565715.0,1.586,,
AVGW,Roundhill AVGO WeeklyPay ETF,ETF,ETF,Unknown,,Unknown,,1x,,,,,,,,2026-03-13,55998.0,,Standard,
EOSU,T-Rex 2X Long Eose Daily Target ETF,ETF,ETF,Unknown,,Unknown,,2x,,,,,,,,2026-03-13,931015.0,,Leveraged,
WHR,Whirlpool Corporation,Stock,Consumer Cyclical,"Furnishings, Fixtures & Appliances",3700714496.0,,,1x,,,,,,,,2026-03-13,2310438.0,1.2,,
NXE,NexGen Energy Ltd.,Stock,Energy,Uranium,8207178752.0,,,1x,,,,,,,,2026-03-13,8649493.0,1.683,,
TEL,TE Connectivity plc,Stock,Technology,Electronic Components,59308847104.0,,,1x,,,,,,,,2026-03-13,2175558.0,1.245,,
TEMT,Tradr 2X Long TEM Daily ETF,ETF,ETF,Unknown,,Unknown,,2x,,,,,,,,2026-03-13,259308.0,,Leveraged,
TS,Tenaris S.A.,Stock,Energy,Oil & Gas Equipment & Services,26755452928.0,,,1x,,,,,,,,2026-03-13,1522381.0,0.607,,
MDY,State Street SPDR S&P MIDCAP 400 ETF Trust,ETF,ETF,Mid-Cap Blend,34093586432.0,Mid-Cap Blend,,1x,,,,,,,,2026-03-13,1046073.0,,Standard,
XRPI,XRP ETF,ETF,ETF,Unknown,,Unknown,,1x,,,,,,,,2026-03-13,519511.0,,Standard,
VCIG,VCI Global Limited,Stock,Industrials,Consulting Services,2116747.0,,,1x,,,,,,,,2026-03-13,582522.0,1.748,,
XLY,State Street Consumer Discretionary Select Sector SPDR ETF,ETF,ETF,Consumer Cyclical,13462925312.0,Consumer Cyclical,,1x,,,,,,,,2026-03-13,11054018.0,,Standard,
IIPR,"Innovative Industrial Properties, Inc.",Stock,Real Estate,REIT - Industrial,1485829760.0,,,1x,,,,,,,,2026-03-13,382061.0,1.499,,
FLJH,Franklin FTSE Japan Hedged ETF,ETF,ETF,Unknown,,Unknown,,1x,,,,,,,,2026-03-13,44081.0,,Standard,
IRM,Iron Mountain Incorporated,Stock,Real Estate,REIT - Specialty,32027119616.0,,,1x,,,,,,,,2026-03-13,2035786.0,1.148,,
NTSK,"Netskope, Inc.",Stock,Technology,Software - Infrastructure,4062363904.0,,,1x,,,,,,,,2026-03-13,3128086.0,,,
MSFD,Direxion Daily MSFT Bear 1X Shares,ETF,ETF,Unknown,,Unknown,,-1x,,,,,,,,2026-03-13,755690.0,,Inverse,
DAWN,"Day One Biopharmaceuticals, Inc.",Stock,Healthcare,Biotechnology,2196108800.0,,,1x,,,,,,,,2026-03-13,4299365.0,-1.251,,
TFLO,iShares Treasury Floating Rate Bond ETF,ETF,ETF,Ultrashort Bond,,Ultrashort Bond,,1x,,,,,,,,2026-03-13,1596103.0,,Standard,
CL,Colgate-Palmolive Company,Stock,Consumer Defensive,Household & Personal Products,71033192448.0,,,1x,,,,,,,,2026-03-13,6764496.0,0.264,,
BN,Brookfield Corporation,Stock,Financial Services,Asset Management,87687782400.0,,,1x,,,,,,,,2026-03-13,5351750.0,1.858,,
UNP,Union Pacific Corporation,Stock,Industrials,Railroads,144286105600.0,,,1x,,,,,,,,2026-03-13,3314733.0,0.952,,
NVDW,Roundhill ETF Trust - Roundhill NVDA WeeklyPay ETF,ETF,ETF,Unknown,,Unknown,,1x,,,,,,,,2026-03-13,102291.0,,Standard,
MAR,"Marriott International, Inc.",Stock,Consumer Cyclical,Lodging,84524777472.0,,,1x,,,,,,,,2026-03-13,1639278.0,1.101,,
CNTN,"Canton Strategic Holdings, Inc.",Stock,Healthcare,Biotechnology,170373648.0,,,1x,,,,,,,,2026-03-13,895750.0,1.441,,
ICOP,iShares Copper and Metals Mining ETF,ETF,ETF,Natural Resources,,Natural Resources,,1x,,,,,,,,2026-03-13,356813.0,,Standard,
UCTT,"Ultra Clean Holdings, Inc.",Stock,Technology,Semiconductor Equipment & Materials,2621818368.0,,,1x,,,,,,,,2026-03-13,1308585.0,1.879,,
SYNA,Synaptics Incorporated,Stock,Technology,Semiconductors,2910219008.0,,,1x,,,,,,,,2026-03-13,725275.0,1.691,,
POOL,Pool Corporation,Stock,Industrials,Industrial Distribution,7665944064.0,,,1x,,,,,,,,2026-03-13,822861.0,1.247,,
BMBL,Bumble Inc.,Stock,Communication Services,Internet Content & Information,617515648.0,,,1x,,,,,,,,2026-03-13,3587345.0,1.993,,
SDRL,Seadrill Limited,Stock,Energy,Oil & Gas Drilling,2647544320.0,,,1x,,,,,,,,2026-03-13,934845.0,1.574,,
LMTL,Direxion Daily LMT Bull 2X ETF,ETF,ETF,Unknown,,Unknown,,2x,,,,,,,,2026-03-13,24803.0,,Leveraged,
BLOX,Nicholas Crypto Income ETF,ETF,ETF,Unknown,,Unknown,,1x,,,,,,,,2026-03-13,393410.0,,Standard,
GXAI,Gaxos.ai Inc.,Stock,Communication Services,Electronic Gaming & Multimedia,12310794.0,,,1x,,,,,,,,2026-03-13,11741081.0,1.163,,
SU,Suncor Energy Inc.,Stock,Energy,Oil & Gas Integrated,71490379776.0,,,1x,,,,,,,,2026-03-13,5066390.0,0.753,,
JCI,Johnson Controls International plc,Stock,Industrials,Building Products & Equipment,80449978368.0,,,1x,,,,,,,,2026-03-13,5572598.0,1.389,,
BRTX,"BioRestorative Therapies, Inc.",Stock,Healthcare,Biotechnology,6432390.0,,,1x,,,,,,,,2026-03-13,8824618.0,0.407,,
JETS,U.S. Global Jets ETF,ETF,ETF,Industrials,,Industrials,,1x,,,,,,,,2026-03-13,4635158.0,,Standard,
BYAH,"Park Ha Biological Technology Co., Ltd.",Stock,Consumer Defensive,Household & Personal Products,3768013.0,,,1x,,,,,,,,2026-03-13,332422.0,,,
CRGY,Crescent Energy Company,Stock,Energy,Oil & Gas E&P,3883979008.0,,,1x,,,,,,,,2026-03-13,7424675.0,1.175,,
DHI,"D.R. Horton, Inc.",Stock,Consumer Cyclical,Residential Construction,41362333696.0,,,1x,,,,,,,,2026-03-13,3071983.0,1.407,,
SPHY,State Street SPDR Portfolio High Yield Bond ETF,ETF,ETF,High Yield Bond,,High Yield Bond,,1x,,,,,,,,2026-03-13,5792030.0,,Standard,
MRAL,GraniteShares 2x Long MARA Daily ETF,ETF,ETF,Unknown,,Unknown,,2x,,,,,,,,2026-03-13,1254158.0,,Leveraged,
TD,The Toronto-Dominion Bank,Stock,Financial Services,Banks - Diversified,157647781888.0,,,1x,,,,,,,,2026-03-13,2306615.0,0.851,,
QSI,Quantum-Si incorporated,Stock,Healthcare,Medical Devices,212798688.0,,,1x,,,,,,,,2026-03-13,4654661.0,3.085,,
CFG,"Citizens Financial Group, Inc.",Stock,Financial Services,Banks - Regional,24304623616.0,,,1x,,,,,,,,2026-03-13,5195368.0,1.085,,
AIPO,Defiance AI & Power Infrastructure ETF,ETF,ETF,Unknown,,Unknown,,1x,,,,,,,,2026-03-13,304931.0,,Standard,
CNC,Centene Corporation,Stock,Healthcare,Healthcare Plans,17093959680.0,,,1x,,,,,,,,2026-03-13,6315576.0,0.459,,
NVMI,Nova Ltd.,Stock,Technology,Semiconductor Equipment & Materials,13767112704.0,,,1x,,,,,,,,2026-03-13,390390.0,1.83,,
SLVP,iShares MSCI Global Silver and Metals Miners ETF,ETF,ETF,Equity Precious Metals,273776000.0,Equity Precious Metals,,1x,,,,,,,,2026-03-13,1047953.0,,Standard,
AIFF,"Firefly Neuroscience, Inc.",Stock,Technology,Software - Application,29138868.0,,,1x,,,,,,,,2026-03-13,6515508.0,,,
FICO,Fair Isaac Corporation,Stock,Technology,Software - Application,26793912320.0,,,1x,,,,,,,,2026-03-13,306305.0,1.277,,
DRS,"Leonardo DRS, Inc.",Stock,Industrials,Aerospace & Defense,12223928320.0,,,1x,,,,,,,,2026-03-13,1241316.0,0.257,,
QETH,Invesco Galaxy Ethereum ETF,ETF,ETF,Unknown,,Unknown,,1x,,,,,,,,2026-03-13,135671.0,,Standard,
ROBO,Robo Global Robotics and Automation Index ETF,ETF,ETF,Global Small/Mid Stock,1382273024.0,Global Small/Mid Stock,,1x,,,,,,,,2026-03-13,208485.0,,Standard,
AVGU,GraniteShares 2x Long AVGO Daily ETF,ETF,ETF,Unknown,,Unknown,,2x,,,,,,,,2026-03-13,116408.0,,Leveraged,
SMZ,Tradr 2X Short Smr Daily ETF,ETF,ETF,Unknown,,Unknown,,-2x,,,,,,,,2026-03-13,33942.0,,Inverse Leveraged,
TERG,Leverage Shares 2X Long TER Daily ETF,ETF,ETF,Unknown,,Unknown,,2x,,,,,,,,2026-03-13,28961.0,,Leveraged,
GGLS,Direxion Daily GOOGL Bear 1X Shares,ETF,ETF,Unknown,,Unknown,,-1x,,,,,,,,2026-03-13,11281686.0,,Inverse,
MTDR,Matador Resources Company,Stock,Energy,Oil & Gas E&P,6930587648.0,,,1x,,,,,,,,2026-03-13,1842571.0,1.05,,
IEO,iShares U.S. Oil & Gas Exploration & Production ETF,ETF,ETF,Equity Energy,,Equity Energy,,1x,,,,,,,,2026-03-13,107538.0,,Standard,
ECL,Ecolab Inc.,Stock,Basic Materials,Specialty Chemicals,78725349376.0,,,1x,,,,,,,,2026-03-13,1327525.0,0.979,,
PYPG,Leverage Shares 2X Long PYPL Daily ETF,ETF,ETF,Unknown,,Unknown,,2x,,,,,,,,2026-03-13,962105.0,,Leveraged,
WDS,Woodside Energy Group Ltd,Stock,Energy,Oil & Gas E&P,42175905792.0,,,1x,,,,,,,,2026-03-13,1112496.0,-0.026,,
GOOW,Roundhill GOOGL WeeklyPay ETF,ETF,ETF,Unknown,,Unknown,,1x,,,,,,,,2026-03-13,50158.0,,Standard,
DULL,MicroSectors Gold -3X Inverse Leveraged ETN,ETF,ETF,Unknown,,Unknown,,-3x,,,,,,,,2026-03-13,21662.0,,Inverse Leveraged,
NUAI,"New Era Energy & Digital, Inc.",Stock,Technology,Software - Infrastructure,281575232.0,,,1x,,,,,,,,2026-03-13,5638565.0,1.388,,
NFXS,Direxion Daily NFLX Bear 1X Shares,ETF,ETF,Unknown,,Unknown,,-1x,,,,,,,,2026-03-13,82601.0,,Inverse,
SM,SM Energy Company,Stock,Energy,Oil & Gas E&P,6116296192.0,,,1x,,,,,,,,2026-03-13,6346861.0,0.99,,
AVUV,Avantis US Small Cap Value ETF,ETF,ETF,Unknown,,Unknown,,1x,,,,,,,,2026-03-13,1026923.0,,Standard,
FIAT,YieldMax Short COIN Option Income Strategy ETF,ETF,ETF,Unknown,,Unknown,,-1x,,,,,,,,2026-03-13,98076.0,,Inverse,
IBG,Innovation Beverage Group Limited,Stock,Consumer Defensive,Beverages - Wineries & Distilleries,930048.0,,,1x,,,,,,,,2026-03-13,440610.0,,,
D,"Dominion Energy, Inc.",Stock,Utilities,Utilities - Regulated Electric,55868796928.0,,,1x,,,,,,,,2026-03-13,6351850.0,0.67,,
NLR,VanEck Uranium and Nuclear ETF,ETF,ETF,Natural Resources,,Natural Resources,,1x,,,,,,,,2026-03-13,625220.0,,Standard,
BRK.B,Berkshire Hathaway Inc.,Stock,Financial Services,Insurance - Diversified,1058539503616.0,,,1x,,,,,,,,2026-03-13,4901178.0,0.688,,
BMNU,T-REX 2X Long BMNR Daily Target ETF,ETF,ETF,Unknown,,Unknown,,2x,,,,,,,,2026-03-13,65839683.0,,Leveraged,
ETHD,Proshares UltraShort Ether ETF,ETF,ETF,Unknown,,Unknown,,-2x,,,,,,,,2026-03-13,963191.0,,Inverse Leveraged,
SOXQ,Invesco PHLX Semiconductor ETF,ETF,ETF,Technology,,Technology,,1x,,,,,,,,2026-03-13,1013618.0,,Standard,
PCAR,PACCAR Inc,Stock,Industrials,Farm & Heavy Construction Machinery,61408690176.0,,,1x,,,,,,,,2026-03-13,3319361.0,1.046,,
AVTR,"Avantor, Inc.",Stock,Healthcare,Medical Instruments & Supplies,5415524352.0,,,1x,,,,,,,,2026-03-13,12132605.0,0.966,,
DD,"DuPont de Nemours, Inc.",Stock,Basic Materials,Specialty Chemicals,19013101568.0,,,1x,,,,,,,,2026-03-13,4933830.0,1.115,,
SLON,ProShares Ultra Solana ETF,Stock,,,,,,1x,,,,,,,,2026-03-13,270795.0,,,
VYMI,Vanguard International High Dividend Yield Index Fund ETF Shares,ETF,ETF,Foreign Large Value,,Foreign Large Value,,1x,,,,,,,,2026-03-13,1557511.0,,Standard,
RDTE,Roundhill Russell 2000 0DTE Covered Call Strategy ETF,ETF,ETF,Unknown,,Unknown,,1x,,,,,,,,2026-03-13,129555.0,,Standard,
BIYA,Baiya International Group Inc.,Stock,Technology,Software - Application,2356176.0,,,1x,,,,,,,,2026-03-13,684822.0,,,
WOLF,"Wolfspeed, Inc.",Stock,Technology,Semiconductors,804043904.0,,,1x,,,,,,,,2026-03-13,1527520.0,,,
ATPC,Agape ATP Corporation,Stock,Consumer Defensive,Packaged Foods,4652515.0,,,1x,,,,,,,,2026-03-13,2356210.0,0.278,,
IVES,Dan IVES Wedbush AI Revolution ETF,ETF,ETF,Unknown,,Unknown,,1x,,,,,,,,2026-03-13,703503.0,,Standard,
CMC,Commercial Metals Company,Stock,Basic Materials,Steel,6808349696.0,,,1x,,,,,,,,2026-03-13,1239515.0,1.419,,
NUTX,Nutex Health Inc.,Stock,Healthcare,Medical Care Facilities,610377152.0,,,1x,,,,,,,,2026-03-13,197061.0,1.997,,
JOBX,Tradr 2X Long JOBY Daily ETF,ETF,ETF,Unknown,,Unknown,,2x,,,,,,,,2026-03-13,86348.0,,Leveraged,
OKE,"ONEOK, Inc.",Stock,Energy,Oil & Gas Midstream,54010245120.0,,,1x,,,,,,,,2026-03-13,4624216.0,0.88,,
DNLI,Denali Therapeutics Inc.,Stock,Healthcare,Biotechnology,3255883264.0,,,1x,,,,,,,,2026-03-13,1588946.0,1.084,,
GOEX,Global X Gold Explorers ETF,ETF,ETF,Equity Precious Metals,,Equity Precious Metals,,1x,,,,,,,,2026-03-13,61748.0,,Standard,
IWO,iShares Russell 2000 Growth ETF,ETF,ETF,Small Growth,14276144128.0,Small Growth,,1x,,,,,,,,2026-03-13,528091.0,,Standard,
PEGA,Pegasystems Inc.,Stock,Technology,Software - Application,7150420992.0,,,1x,,,,,,,,2026-03-13,2064816.0,1.116,,
CYN,Cyngn Inc.,Stock,Technology,Software - Application,17345076.0,,,1x,,,,,,,,2026-03-13,3511678.0,0.084,,
FDX,FedEx Corporation,Stock,Industrials,Integrated Freight & Logistics,83079913472.0,,,1x,,,,,,,,2026-03-13,1923023.0,1.281,,
TSLS,Direxion Daily TSLA Bear 1X Shares,ETF,ETF,Unknown,,Unknown,,-1x,,,,,,,,2026-03-13,962235.0,,Inverse,
VSTL,Defiance Daily Target 2X Long VST ETF,ETF,ETF,Unknown,,Unknown,,2x,,,,,,,,2026-03-13,154983.0,,Leveraged,
CSX,CSX Corporation,Stock,Industrials,Railroads,72959713280.0,,,1x,,,,,,,,2026-03-13,13571333.0,1.263,,
SMUP,T-REX 2X Long SMR Daily Target ETF,ETF,ETF,Unknown,,Unknown,,2x,,,,,,,,2026-03-13,2048530.0,,Leveraged,
ALLY,Ally Financial Inc.,Stock,Financial Services,Credit Services,11383847936.0,,,1x,,,,,,,,2026-03-13,3572400.0,1.155,,
MUR,Murphy Oil Corporation,Stock,Energy,Oil & Gas E&P,4966925824.0,,,1x,,,,,,,,2026-03-13,2478940.0,0.728,,
CHRD,Chord Energy Corporation,Stock,Energy,Oil & Gas E&P,7012628992.0,,,1x,,,,,,,,2026-03-13,912375.0,0.712,,
SRPT,"Sarepta Therapeutics, Inc.",Stock,Healthcare,Biotechnology,1812648448.0,,,1x,,,,,,,,2026-03-13,2741388.0,0.461,,
VNM,VanEck Vietnam ETF,ETF,ETF,Miscellaneous Region,,Miscellaneous Region,,1x,,,,,,,,2026-03-13,959086.0,,Standard,
JPST,JPMorgan Ultra-Short Income ETF,ETF,ETF,Unknown,7500462080.0,Unknown,,-2x,,,,,,,,2026-03-13,6761195.0,,Inverse Leveraged,
BKSY,BlackSky Technology Inc.,Stock,Industrials,Specialty Business Services,877139584.0,,,1x,,,,,,,,2026-03-13,1459015.0,2.499,,
EWC,iShares MSCI Canada ETF,ETF,ETF,Miscellaneous Region,5292210176.0,Miscellaneous Region,,1x,,,,,,,,2026-03-13,2821698.0,,Standard,
VIGI,Vanguard International Dividend Appreciation Index Fund ETF Shares,ETF,ETF,Foreign Large Growth,,Foreign Large Growth,,1x,,,,,,,,2026-03-13,488115.0,,Standard,
SN,"SharkNinja, Inc.",Stock,Consumer Cyclical,"Furnishings, Fixtures & Appliances",14749991936.0,,,1x,,,,,,,,2026-03-13,1564285.0,1.338,,
ATAT,Atour Lifestyle Holdings Limited,Stock,Consumer Cyclical,Lodging,4886946304.0,,,1x,,,,,,,,2026-03-13,1070861.0,0.765,,
ROP,"Roper Technologies, Inc.",Stock,Technology,Software - Application,37714542592.0,,,1x,,,,,,,,2026-03-13,1646440.0,0.927,,
ENS,EnerSys,Stock,Industrials,Electrical Equipment & Parts,5985185792.0,,,1x,,,,,,,,2026-03-13,491488.0,1.128,,
FUTG,Leverage Shares 2X Long Futu Daily ETF,ETF,ETF,Unknown,,Unknown,,2x,,,,,,,,2026-03-13,60345.0,,Leveraged,
UWM,ProShares Ultra Russell2000,ETF,ETF,Trading--Leveraged Equity,,Trading--Leveraged Equity,,2x,,,,,,,,2026-03-13,740525.0,,Leveraged,
AMZD,Direxion Daily AMZN Bear 1X Shares,ETF,ETF,Unknown,,Unknown,,-1x,,,,,,,,2026-03-13,7689958.0,,Inverse,
PHYS,Sprott Physical Gold Trust,Stock,Unknown,Unknown,18604783616.0,,,1x,,,,,,,,2026-03-13,8108055.0,,,
OCUL,"Ocular Therapeutix, Inc.",Stock,Healthcare,Biotechnology,1914599168.0,,,1x,,,,,,,,2026-03-13,6234155.0,0.947,,
AKTX,"Akari Therapeutics, Plc",Stock,Healthcare,Biotechnology,11885398.0,,,1x,,,,,,,,2026-03-13,721053.0,0.341,,
GLSI,"Greenwich LifeSciences, Inc.",Stock,Healthcare,Biotechnology,385607840.0,,,1x,,,,,,,,2026-03-13,568105.0,1.498,,
ORC,"Orchid Island Capital, Inc.",Stock,Real Estate,REIT - Mortgage,1401596416.0,,,1x,,,,,,,,2026-03-13,6917370.0,1.668,,
ALK,"Alaska Air Group, Inc.",Stock,Industrials,Airlines,4425159680.0,,,1x,,,,,,,,2026-03-13,3561126.0,1.16,,
PONX,Tradr 2X Long PONY Daily ETF,ETF,ETF,Unknown,,Unknown,,2x,,,,,,,,2026-03-13,20188.0,,Leveraged,
ZTS,Zoetis Inc.,Stock,Healthcare,Drug Manufacturers - Specialty & Generic,51109396480.0,,,1x,,,,,,,,2026-03-13,4928861.0,0.954,,
ZBRA,Zebra Technologies Corporation,Stock,Technology,Communication Equipment,10417771520.0,,,1x,,,,,,,,2026-03-13,761600.0,1.679,,
DBA,Invesco DB Agriculture Fund,ETF,ETF,Unknown,734712000.0,Unknown,,1x,,,,,,,,2026-03-13,453320.0,,Standard,
SCHY,Schwab International Dividend Equity ETF,ETF,ETF,Unknown,,Unknown,,1x,,,,,,,,2026-03-13,694281.0,,Standard,
NCI,Neo-Concept International Group Holdings Limited,Stock,Consumer Cyclical,Apparel Manufacturing,175898496.0,,,1x,,,,,,,,2026-03-13,2794481.0,,,
NLY,"Annaly Capital Management, Inc.",Stock,Real Estate,REIT - Mortgage,15933822976.0,,,1x,,,,,,,,2026-03-13,8316826.0,1.297,,
OSS,"One Stop Systems, Inc.",Stock,Technology,Computer Hardware,260599680.0,,,1x,,,,,,,,2026-03-13,2095505.0,0.934,,
MARPS,Marine Petroleum Trust,Stock,Energy,Oil & Gas Midstream,10617200.0,,,1x,,,,,,,,2026-03-13,77643.0,0.382,,
TRGP,Targa Resources Corp.,Stock,Energy,Oil & Gas Midstream,51732447232.0,,,1x,,,,,,,,2026-03-13,1448621.0,0.853,,
MCO,Moody's Corporation,Stock,Financial Services,Financial Data & Stock Exchanges,76158959616.0,,,1x,,,,,,,,2026-03-13,1272405.0,1.442,,
ARQQ,Arqit Quantum Inc.,Stock,Technology,Software - Infrastructure,225073728.0,,,1x,,,,,,,,2026-03-13,288855.0,2.433,,
FLR,Fluor Corporation,Stock,Industrials,Engineering & Construction,6375577600.0,,,1x,,,,,,,,2026-03-13,2921098.0,1.278,,
STRL,"Sterling Infrastructure, Inc.",Stock,Industrials,Engineering & Construction,12400490496.0,,,1x,,,,,,,,2026-03-13,527180.0,1.502,,
OMER,Omeros Corporation,Stock,Healthcare,Biotechnology,817127744.0,,,1x,,,,,,,,2026-03-13,2280756.0,2.518,,
TSSD,Truth Social American Security & Defense ETF,Stock,,,,,,1x,,,,,,,,2026-03-13,29144.0,,,
NB,NioCorp Developments Ltd.,Stock,Basic Materials,Other Industrial Metals & Mining,687946752.0,,,1x,,,,,,,,2026-03-13,5291336.0,-0.135,,
CEF,Sprott Physical Gold and Silver Trust,Stock,Unknown,Unknown,10187513856.0,,,1x,,,,,,,,2026-03-13,1825700.0,,,
GPIX,Goldman Sachs S&P 500 Premium Income ETF,ETF,ETF,Unknown,,Unknown,,1x,,,,,,,,2026-03-13,768503.0,,Standard,
HBM,Hudbay Minerals Inc.,Stock,Basic Materials,Copper,8544239616.0,,,1x,,,,,,,,2026-03-13,6016543.0,2.03,,
TROW,"T. Rowe Price Group, Inc.",Stock,Financial Services,Asset Management,19530027008.0,,,1x,,,,,,,,2026-03-13,2073535.0,1.553,,
XOMX,Direxion Daily XOM Bull 2X Shares,ETF,ETF,Unknown,,Unknown,,2x,,,,,,,,2026-03-13,42485.0,,Leveraged,
IDVO,Amplify CWP International Enhanced Dividend Income ETF,ETF,ETF,Unknown,,Unknown,,1x,,,,,,,,2026-03-13,438591.0,,Standard,
CGDV,Capital Group Dividend Value ETF,ETF,ETF,Unknown,,Unknown,,1x,,,,,,,,2026-03-13,5455890.0,,Standard,
SUNC,SunocoCorp LLC,Stock,Energy,Oil & Gas Midstream,3060894464.0,,,1x,,,,,,,,2026-03-13,488630.0,,,
MGNI,"Magnite, Inc.",Stock,Communication Services,Advertising Agencies,1758358016.0,,,1x,,,,,,,,2026-03-13,2334915.0,2.397,,
BRZU,Direxion Daily MSCI Brazil Bull 2X Shares,ETF,ETF,Trading--Leveraged Equity,,Trading--Leveraged Equity,,2x,,,,,,,,2026-03-13,54750.0,,Leveraged,
EWW,iShares MSCI Mexico ETF,ETF,ETF,Miscellaneous Region,1369894656.0,Miscellaneous Region,,1x,,,,,,,,2026-03-13,1884663.0,,Standard,
VERX,"Vertex, Inc.",Stock,Technology,Software - Application,2193009152.0,,,1x,,,,,,,,2026-03-13,2096261.0,0.719,,
CROX,"Crocs, Inc.",Stock,Consumer Cyclical,Footwear & Accessories,4108604928.0,,,1x,,,,,,,,2026-03-13,1316368.0,1.539,,
BNC,CEA Industries Inc.,Stock,Industrials,Farm & Heavy Construction Machinery,149584848.0,,,1x,,,,,,,,2026-03-13,396616.0,0.766,,
FTNT,"Fortinet, Inc.",Stock,Technology,Software - Infrastructure,62529650688.0,,,1x,,,,,,,,2026-03-13,6760938.0,1.04,,
DGP,DB Gold Double Long ETN,ETF,ETF,Unknown,,Unknown,,2x,,,,,,,,2026-03-13,63200.0,,Leveraged,
GWRE,"Guidewire Software, Inc.",Stock,Technology,Software - Application,13558857728.0,,,1x,,,,,,,,2026-03-13,1686735.0,1.095,,
TWST,Twist Bioscience Corporation,Stock,Healthcare,Diagnostics & Research,2682386944.0,,,1x,,,,,,,,2026-03-13,1312488.0,2.287,,
KR,The Kroger Co.,Stock,Consumer Defensive,Grocery Stores,46102188032.0,,,1x,,,,,,,,2026-03-13,6749520.0,0.59,,
DX,"Dynex Capital, Inc.",Stock,Real Estate,REIT - Mortgage,2697486336.0,,,1x,,,,,,,,2026-03-13,6191766.0,0.963,,
ELV,"Elevance Health, Inc.",Stock,Healthcare,Healthcare Plans,64571568128.0,,,1x,,,,,,,,2026-03-13,1875866.0,0.468,,
SCHB,Schwab U.S. Broad Market ETF,ETF,ETF,Unknown,,Unknown,,1x,,,,,,,,2026-03-13,9363091.0,,Standard,
TMC,TMC the metals company Inc.,Stock,Basic Materials,Other Industrial Metals & Mining,3340046080.0,,,1x,,,,,,,,2026-03-13,8165805.0,1.917,,
IBO,Impact BioMedical Inc.,Stock,Healthcare,Biotechnology,52645404.0,,,1x,,,,,,,,2026-03-13,4351533.0,,,
PRIM,Primoris Services Corporation,Stock,Industrials,Engineering & Construction,7079780352.0,,,1x,,,,,,,,2026-03-13,959213.0,1.391,,
VFC,V.F. Corporation,Stock,Consumer Cyclical,Apparel Manufacturing,6424543744.0,,,1x,,,,,,,,2026-03-16,6793744.0,1.675,,
POLA,"Polar Power, Inc.",Stock,Industrials,Electrical Equipment & Parts,4953671.0,,,1x,,,,,,,,2026-03-16,2090364.0,1.366,,
GDMN,WisdomTree Efficient Gold Plus Gold Miners Strategy Fund,ETF,ETF,Multi-Asset Leveraged,,Multi-Asset Leveraged,,1x,,,,,,,,2026-03-16,71538.0,,Standard,
CODX,"Co-Diagnostics, Inc.",Stock,Healthcare,Medical Devices,5279478.0,,,1x,,,,,,,,2026-03-16,140957.0,1.401,,
VSCO,Victoria's Secret & Co.,Stock,Consumer Cyclical,Apparel Retail,3713641984.0,,,1x,,,,,,,,2026-03-16,2184832.0,2.267,,
ETR,Entergy Corporation,Stock,Utilities,Utilities - Regulated Electric,48150552576.0,,,1x,,,,,,,,2026-03-16,2612315.0,0.602,,
HVT A,"Haverty Furniture Companies, Inc.",Stock,Consumer Cyclical,Home Improvement Retail,366470752.0,,,1x,,,,,,,,2026-03-16,8635.0,1.274,,
BNRG,Brenmiller Energy Ltd,Stock,Utilities,Utilities - Renewable,1062380.0,,,1x,,,,,,,,2026-03-16,784792.0,-0.971,,
DYN,"Dyne Therapeutics, Inc.",Stock,Healthcare,Biotechnology,3064553472.0,,,1x,,,,,,,,2026-03-16,2141715.0,1.401,,
CI,The Cigna Group,Stock,Healthcare,Healthcare Plans,71691231232.0,,,1x,,,,,,,,2026-03-16,1693752.0,0.234,,
CLSX,Tradr 2X Long CLSK Daily ETF,ETF,ETF,Trading--Leveraged Equity,,Trading--Leveraged Equity,,2x,,,,,,,,2026-03-16,631132.0,,Leveraged,
ITB,iShares U.S. Home Construction ETF,ETF,ETF,Consumer Cyclical,,Consumer Cyclical,,1x,,,,,,,,2026-03-16,2954149.0,,Standard,
AGRZ,Agroz Inc.,Stock,Consumer Defensive,Farm Products,16989844.0,,,1x,,,,,,,,2026-03-16,5270289.0,,,
NVYY,GraniteShares YieldBOOST NVDA ETF,ETF,ETF,Derivative Income,,Derivative Income,,1x,,,,,,,,2026-03-16,142789.0,,Standard,
ISPC,iSpecimen Inc.,Stock,Healthcare,Diagnostics & Research,2555128.0,,,1x,,,,,,,,2026-03-16,7117369.0,1.875,,
ICL,ICL Group Ltd,Stock,Basic Materials,Agricultural Inputs,7008352768.0,,,1x,,,,,,,,2026-03-16,1538666.0,1.012,,
TOI,"The Oncology Institute, Inc.",Stock,Healthcare,Medical Care Facilities,318263648.0,,,1x,,,,,,,,2026-03-16,1866283.0,0.21,,
IDMO,Invesco S&P International Developed Momentum ETF,ETF,ETF,Foreign Large Blend,,Foreign Large Blend,,1x,,,,,,,,2026-03-16,587247.0,,Standard,
MRSH,"Marsh & McLennan Companies, Inc.",Stock,Financial Services,Insurance Brokers,85085069312.0,,,1x,,,,,,,,2026-03-16,2898950.0,0.731,,
GDDY,GoDaddy Inc.,Stock,Technology,Software - Infrastructure,11078908928.0,,,1x,,,,,,,,2026-03-16,2073506.0,0.979,,
VVX,"V2X, Inc.",Stock,Industrials,Aerospace & Defense,2113403520.0,,,1x,,,,,,,,2026-03-16,461235.0,0.131,,
STRK,Strategy Inc,Stock,Technology,Software - Application,,,,1x,,,,,,,,2026-03-16,187133.0,3.633,,
RGC,Regencell Bioscience Holdings Limited,Stock,Healthcare,Drug Manufacturers - Specialty & Generic,11618017280.0,,,1x,,,,,,,,2026-03-16,462732.0,2.07,,
CBRE,"CBRE Group, Inc.",Stock,Real Estate,Real Estate Services,40404201472.0,,,1x,,,,,,,,2026-03-16,2148593.0,1.341,,
PEG,Public Service Enterprise Group Incorporated,Stock,Utilities,Utilities - Regulated Electric,42178510848.0,,,1x,,,,,,,,2026-03-16,2930367.0,0.582,,
PHR,"Phreesia, Inc.",Stock,Healthcare,Health Information Services,677023040.0,,,1x,,,,,,,,2026-03-16,1492588.0,0.716,,
CLOZ,Eldridge BBB-B CLO ETF,ETF,ETF,Bank Loan,,Bank Loan,,1x,,,,,,,,2026-03-16,668937.0,,Standard,
PAYP,PayPay Corporation,Stock,Technology,Software - Infrastructure,13304910848.0,,,1x,,,,,,,,2026-03-16,13204000.0,,,
IMMP,Immutep Limited,Stock,Healthcare,Biotechnology,65750680.0,,,1x,,,,,,,,2026-03-16,994888.0,1.638,,
W,Wayfair Inc.,Stock,Consumer Cyclical,Internet Retail,10334311424.0,,,1x,,,,,,,,2026-03-16,3463213.0,3.41,,
GCTS,"GCT Semiconductor Holding, Inc.",Stock,Technology,Semiconductors,82085560.0,,,1x,,,,,,,,2026-03-16,4245889.0,1.233,,
WGRX,"Wellgistics Health, Inc.",Stock,Healthcare,Pharmaceutical Retailers,16451241.0,,,1x,,,,,,,,2026-03-16,2045357.0,,,
J,Jacobs Solutions Inc.,Stock,Industrials,Engineering & Construction,15292436480.0,,,1x,,,,,,,,2026-03-16,884896.0,0.734,,
LCUT,"Lifetime Brands, Inc.",Stock,Consumer Cyclical,"Furnishings, Fixtures & Appliances",85191960.0,,,1x,,,,,,,,2026-03-16,135157.0,1.242,,
SSL,Sasol Limited,Stock,Basic Materials,Specialty Chemicals,7452814848.0,,,1x,,,,,,,,2026-03-16,2105059.0,0.29,,
HIMX,"Himax Technologies, Inc.",Stock,Technology,Semiconductors,1649433472.0,,,1x,,,,,,,,2026-03-16,1938635.0,1.894,,
COMP,"Compass, Inc.",Stock,Real Estate,Real Estate Services,6253664256.0,,,1x,,,,,,,,2026-03-16,20403903.0,2.573,,
FLJP,Franklin FTSE Japan ETF,ETF,ETF,Japan Stock,,Japan Stock,,1x,,,,,,,,2026-03-16,1203654.0,,Standard,
LNOK,Defiance Daily Target 2x Long NOK ETF,ETF,ETF,Trading--Leveraged Equity,,Trading--Leveraged Equity,,2x,,,,,,,,2026-03-16,4540.0,,Leveraged,
ORBS,Eightco Holdings Inc.,Stock,Consumer Cyclical,Packaging & Containers,174111600.0,,,1x,,,,,,,,2026-03-16,10223255.0,2.982,,
CHAC,Crane Harbor Acquisition Corp.,Stock,Financial Services,Shell Companies,274555712.0,,,1x,,,,,,,,2026-03-17,411022.0,,N/A,
NVDB,ProShares Ultra NVDA,Stock,Unknown,Unknown,,,,1x,,,,,,,,2026-03-17,38642.0,,N/A,
MTN,"Vail Resorts, Inc.",Stock,Consumer Cyclical,Resorts & Casinos,5007383040.0,,,1x,,,,,,,,2026-03-17,931967.0,0.802,N/A,
LB,LandBridge Company LLC,Stock,Energy,Oil & Gas Equipment & Services,5723253760.0,,,1x,,,,,,,,2026-03-17,518093.0,,N/A,
TETH,21Shares Ethereum ETF,ETF,ETF,Unknown,,Unknown,,1x,,,,,,,,2026-03-17,857684.0,,Standard,
YYGH,YY Group Holding Limited,Stock,Consumer Cyclical,Personal Services,2934551.0,,,1x,,,,,,,,2026-03-17,3796313.0,,N/A,
FRGT,"Freight Technologies, Inc.",Stock,Technology,Software - Application,1814370.0,,,1x,,,,,,,,2026-03-17,850432.0,0.818,N/A,
OCGN,"Ocugen, Inc.",Stock,Healthcare,Biotechnology,785313984.0,,,1x,,,,,,,,2026-03-17,6573608.0,2.899,N/A,
TRIP,"Tripadvisor, Inc.",Stock,Consumer Cyclical,Travel Services,1159742464.0,,,1x,,,,,,,,2026-03-17,3243786.0,0.951,N/A,
SRXH,SRx Health Solutions Inc.,Stock,Consumer Defensive,Packaged Foods,42971724.0,,,1x,,,,,,,,2026-03-17,28823744.0,,N/A,
TLS,Telos Corporation,Stock,Technology,Software - Infrastructure,294279776.0,,,1x,,,,,,,,2026-03-17,839457.0,0.993,N/A,
MVST,"Microvast Holdings, Inc.",Stock,Consumer Cyclical,Auto Parts,586626880.0,,,1x,,,,,,,,2026-03-17,3625694.0,3.512,N/A,
NVS,Novartis AG,Stock,Healthcare,Drug Manufacturers - General,299355275264.0,,,1x,,,,,,,,2026-03-17,2265205.0,0.497,N/A,
DFLI,Dragonfly Energy Holdings Corp.,Stock,Industrials,Electrical Equipment & Parts,26875136.0,,,1x,,,,,,,,2026-03-17,637077.0,-0.099,N/A,
ZEPP,Zepp Health Corporation,Stock,Technology,Consumer Electronics,214841248.0,,,1x,,,,,,,,2026-03-17,128645.0,1.589,N/A,
ZSPC,"zSpace, Inc.",Stock,Technology,Computer Hardware,5131990.0,,,1x,,,,,,,,2026-03-17,1205488.0,,N/A,
PRSO,Peraso Inc.,Stock,Technology,Semiconductors,12181032.0,,,1x,,,,,,,,2026-03-17,7967879.0,0.855,N/A,
INFY,Infosys Limited,Stock,Technology,Information Technology Services,54314201088.0,,,1x,,,,,,,,2026-03-17,17138749.0,0.184,N/A,
YBIT,YieldMax Bitcoin Option Income Strategy ETF,ETF,ETF,Digital Assets,,Digital Assets,,1x,,,,,,,,2026-03-17,39506.0,,Standard,
INCY,Incyte Corporation,Stock,Healthcare,Biotechnology,18761095168.0,,,1x,,,,,,,,2026-03-17,1904466.0,0.844,N/A,
LSCC,Lattice Semiconductor Corporation,Stock,Technology,Semiconductors,12700616704.0,,,1x,,,,,,,,2026-03-17,1917169.0,1.68,N/A,
ALDX,"Aldeyra Therapeutics, Inc.",Stock,Healthcare,Biotechnology,76438152.0,,,1x,,,,,,,,2026-03-17,1005159.0,0.986,N/A,
KULR,"KULR Technology Group, Inc.",Stock,Technology,Electronic Components,122199424.0,,,1x,,,,,,,,2026-03-17,1829523.0,2.013,N/A,
ULY,Urgent.ly Inc.,Stock,Technology,Software - Application,11787284.0,,,1x,,,,,,,,2026-03-17,698923.0,-1.583,N/A,
VWOB,Vanguard Emerging Markets Government Bond Index Fund,ETF,ETF,Emerging Markets Bond,,Emerging Markets Bond,,1x,,,,,,,,2026-03-17,769855.0,,Standard,
SCHP,Schwab U.S. TIPS ETF,ETF,ETF,Inflation-Protected Bond,3106815488.0,Inflation-Protected Bond,,1x,,,,,,,,2026-03-17,4662155.0,,Standard,
UAVS,"AgEagle Aerial Systems, Inc.",Stock,Technology,Computer Hardware,44422132.0,,,1x,,,,,,,,2026-03-17,8207632.0,2.766,N/A,
DGXX,Digi Power X Inc.,Stock,Utilities,Utilities - Independent Power Producers,159239904.0,,,1x,,,,,,,,2026-03-17,2816515.0,7.006,N/A,
URI,"United Rentals, Inc.",Stock,Industrials,Rental & Leasing Services,47862599680.0,,,1x,,,,,,,,2026-03-17,682279.0,1.654,N/A,
BRZE,"Braze, Inc.",Stock,Technology,Software - Application,2440496128.0,,,1x,,,,,,,,2026-03-17,2756964.0,1.073,N/A,
ITOT,iShares Core S&P Total U.S. Stock Market ETF,ETF,ETF,Large Blend,46822428672.0,Large Blend,,1x,,,,,,,,2026-03-17,5927542.0,,Standard,
CLIK,Click Holdings Limited,Stock,Consumer Cyclical,Personal Services,10572227.0,,,1x,,,,,,,,2026-03-17,110086.0,,N/A,
GLTR,abrdn Physical Precious Metals Basket Shares ETF,ETF,ETF,Commodities Focused,,Commodities Focused,,1x,,,,,,,,2026-03-17,188867.0,,Standard,
NTNX,"Nutanix, Inc.",Stock,Technology,Software - Infrastructure,11202669568.0,,,1x,,,,,,,,2026-03-17,5019913.0,0.528,N/A,
BIAF,"bioAffinity Technologies, Inc.",Stock,Healthcare,Diagnostics & Research,12558596.0,,,1x,,,,,,,,2026-03-17,4728032.0,2.437,N/A,
NVII,REX NVDA Growth & Income ETF,ETF,ETF,Trading--Leveraged Equity,,Trading--Leveraged Equity,,1x,,,,,,,,2026-03-17,89116.0,,Standard,
SVCO,"Silvaco Group, Inc.",Stock,Technology,Software - Application,153810224.0,,,1x,,,,,,,,2026-03-17,370147.0,,N/A,
DXPE,"DXP Enterprises, Inc.",Stock,Industrials,Industrial Distribution,2062610816.0,,,1x,,,,,,,,2026-03-17,118998.0,0.984,N/A,
CAN,Canaan Inc.,Stock,Technology,Computer Hardware,328051520.0,,,1x,,,,,,,,2026-03-17,16125662.0,2.499,N/A,
BEZ,Tradr 2X Short Be Daily ETF,ETF,ETF,Trading--Inverse Equity,,Trading--Inverse Equity,,-2x,,,,,,,,2026-03-17,97539.0,,Inverse Leveraged,
DB,Deutsche Bank Aktiengesellschaft,Stock,Financial Services,Banks - Regional,58070319104.0,,,1x,,,,,,,,2026-03-17,3079262.0,0.953,N/A,
EZBC,Franklin Bitcoin ETF,ETF,ETF,Digital Assets,,Digital Assets,,1x,,,,,,,,2026-03-17,334776.0,,Standard,
BTCL,T-Rex 2X Long Bitcoin Daily Target ETF,ETF,ETF,Trading--Miscellaneous,,Trading--Miscellaneous,,2x,,,,,,,,2026-03-17,171442.0,,Leveraged,
MDCX,Medicus Pharma Ltd.,Stock,Healthcare,Drug Manufacturers - General,12378284.0,,,1x,,,,,,,,2026-03-17,3786759.0,-2.002,N/A,
MEHA,Functional Brands Inc.,Stock,Consumer Defensive,Packaged Foods,2670528.0,,,1x,,,,,,,,2026-03-17,4588335.0,,N/A,
MOH,"Molina Healthcare, Inc.",Stock,Healthcare,Healthcare Plans,7638994944.0,,,1x,,,,,,,,2026-03-17,1705664.0,0.5,N/A,
TMO,Thermo Fisher Scientific Inc.,Stock,Healthcare,Diagnostics & Research,178059837440.0,,,1x,,,,,,,,2026-03-17,2312000.0,0.971,N/A,
